{
"type": "FeatureCollection",
"name": "conus_states",
"crs": { "type": "name", "properties": { "name": "urn:ogc:def:crs:OGC:1.3:CRS84" } },
"features": [
{ "type": "Feature", "properties": { "FID": 1, "Program": "PERMIT TRACKING", "State_Code": "AL", "State_Name": "ALABAMA", "Flowing_St": "F", "FID_1": 919 }, "geometry": { "type": "Polygon", "coordinates": [ [ [ -85.070067096560607, 31.980703085316598 ], [ -85.115150235330802, 31.907424769219599 ], [ -85.135566932528405, 31.854884438972999 ], [ -85.131561133375101, 31.783814580881195 ], [ -85.115286946190807, 31.7315659591805 ], [ -85.118674412329497, 31.708571596588801 ], [ -85.111204943295505, 31.684242088488698 ], [ -85.059285329049402, 31.621265161045404 ], [ -85.042721350068504, 31.554389824222596 ], [ -85.042698452682998, 31.519659929949501 ], [ -85.066312028958194, 31.476089572738889 ], [ -85.061406290031798, 31.440663432175899 ], [ -85.087941976759296, 31.367234210912102 ], [ -85.082563215148895, 31.332334502997696 ], [ -85.081228069640602, 31.303080347496898 ], [ -85.103361345488906, 31.271436160832799 ], [ -85.093603277600806, 31.227074496919798 ], [ -85.102957118569094, 31.196922059375197 ], [ -85.093366895768909, 31.172211273544892 ], [ -85.068662481835403, 31.162364102709002 ], [ -85.038068207638503, 31.126713184418787 ], [ -85.016995671301601, 31.080102810762099 ], [ -85.001607177779604, 31.001253384656398 ], [ -85.486597113003313, 31.000997990741993 ], [ -86.031821780646993, 30.993327625643197 ], [ -86.181476190790903, 30.995225103999601 ], [ -86.383919745982794, 30.991538314121108 ], [ -86.701852481075406, 30.998092405778198 ], [ -87.163117616751407, 31.003157234909601 ], [ -87.598580248269997, 31.002630750456799 ], [ -87.589867223269493, 30.954361041613012 ], [ -87.625711577842921, 30.876901984121591 ], [ -87.615915174965707, 30.8482964151945 ], [ -87.541900153623999, 30.785695326057407 ], [ -87.5266028870155, 30.748491685293196 ], [ -87.460140480190901, 30.705802618401503 ], [ -87.418894259405505, 30.6928101653114 ], [ -87.398644941059402, 30.668015353329093 ], [ -87.393280943600203, 30.620098274581697 ], [ -87.422067360428898, 30.556493585788495 ], [ -87.4453529653304, 30.531389710907003 ], [ -87.418816656954505, 30.481700778598796 ], [ -87.405250836755897, 30.4403600672454 ], [ -87.466440369426508, 30.359721433225801 ], [ -87.587568367215496, 30.319254345193396 ], [ -87.593404817514397, 30.278415355962004 ], [ -87.795330643136197, 30.233931641732102 ], [ -88.002560528943604, 30.233604292006998 ], [ -87.7799416833778, 30.272638273092397 ], [ -87.757502970913094, 30.299422256580897 ], [ -87.9034657734028, 30.421296077125604 ], [ -87.913385159069705, 30.621184398072501 ], [ -88.019788842926204, 30.744190033270701 ], [ -88.135681161861697, 30.337158546478399 ], [ -88.320326662245407, 30.404293576950895 ], [ -88.401415162543501, 30.393551802158097 ], [ -88.434563116864396, 31.1208794797341 ], [ -88.465096832139295, 31.702245028272799 ], [ -88.472951930442804, 31.888876799136604 ], [ -88.437724251154805, 32.227755616905803 ], [ -88.425792019535706, 32.309224307049199 ], [ -88.393832501683505, 32.580470205722889 ], [ -88.339466338066899, 32.987497185563797 ], [ -88.274586700059302, 33.538801471667391 ], [ -88.2481955984059, 33.742726415170992 ], [ -88.202644669159596, 34.059122279825708 ], [ -88.167613327181101, 34.324147497639999 ], [ -88.136401600638095, 34.580497300186494 ], [ -88.090468668405094, 34.895629664319387 ], [ -88.108886506741101, 34.899936444941801 ], [ -88.143104939732794, 34.930312468720601 ], [ -88.193993601790297, 35.004453632898297 ], [ -88.194962389131703, 35.0135438431099 ], [ -87.986078244932997, 35.016033648853302 ], [ -87.607813075002198, 35.010546616800397 ], [ -87.207588483579499, 35.007960403739794 ], [ -86.782372224824599, 34.997075338973801 ], [ -85.608960222700603, 34.990164162072794 ], [ -85.534692604862599, 34.622488411254992 ], [ -85.41656722100322, 34.08692037919019 ], [ -85.3957378010235, 33.959829270225896 ], [ -85.335286838542999, 33.65492307528141 ], [ -85.293825009345497, 33.425875711049997 ], [ -85.233846292488494, 33.129237285387099 ], [ -85.233502883511093, 33.120139408177607 ], [ -85.180719747731601, 32.871813015258702 ], [ -85.162301339551107, 32.807445771005106 ], [ -85.128089796496596, 32.777070368874796 ], [ -85.133300713019295, 32.756315184083604 ], [ -85.124885146813199, 32.744383211484703 ], [ -85.113867826334499, 32.734389124393097 ], [ -85.107733295592794, 32.689972392786103 ], [ -85.090474935267395, 32.676152318362099 ], [ -85.103803700181501, 32.645910363437196 ], [ -85.086324032999698, 32.628451262459109 ], [ -85.084149403032299, 32.603004341228392 ], [ -85.070774428915001, 32.581253845427497 ], [ -84.995652199838503, 32.518928457388192 ], [ -84.989815024283104, 32.454836188975889 ], [ -84.965385068150709, 32.429450189295601 ], [ -84.970961876603795, 32.396812815587388 ], [ -84.984488947380797, 32.387093341708699 ], [ -84.971663510513906, 32.371503175061193 ], [ -85.002089991427098, 32.347078502940597 ], [ -85.005332458059399, 32.329592515666 ], [ -84.921070908541793, 32.293136977035303 ], [ -84.894603499538206, 32.268735409516403 ], [ -84.894015886318996, 32.259176113727591 ], [ -84.905360970955002, 32.249555792780484 ], [ -84.923679604555602, 32.247388985223004 ], [ -84.916004110856903, 32.228556351943297 ], [ -84.928371651819305, 32.217978433327197 ], [ -84.975743803875801, 32.212248699349608 ], [ -84.960385253088702, 32.191928461273392 ], [ -85.007826097301503, 32.178878557503609 ], [ -85.024382357480505, 32.16627510094559 ], [ -85.053313670207601, 32.126637654604792 ], [ -85.046187247522795, 32.090894991360699 ], [ -85.056654927143001, 32.069643938304004 ], [ -85.062010739564016, 32.050010310966492 ], [ -85.056700255677498, 32.017376511736998 ], [ -85.070067096560607, 31.980703085316598 ] ] ] } },
{ "type": "Feature", "properties": { "FID": 3, "Program": "AZURITE", "State_Code": "AZ", "State_Name": "ARIZONA", "Flowing_St": "F", "FID_1": 921 }, "geometry": { "type": "Polygon", "coordinates": [ [ [ -114.520627666533002, 33.027707429168707 ], [ -114.559089057570006, 33.036782460796694 ], [ -114.609925708372003, 33.027001909955608 ], [ -114.633966926992997, 33.033566932265003 ], [ -114.64515975955598, 33.044411848900403 ], [ -114.663951674860996, 33.03892269288189 ], [ -114.711355116557996, 33.095382775772492 ], [ -114.709463025822018, 33.122374959695406 ], [ -114.67812039047098, 33.16724994983511 ], [ -114.680050868, 33.224594949327198 ], [ -114.68771107950802, 33.239258289905194 ], [ -114.677693369774019, 33.268016525336598 ], [ -114.735427003169988, 33.30570841917239 ], [ -114.703603781745016, 33.352418049368694 ], [ -114.724936270752011, 33.411059652163807 ], [ -114.645092258893996, 33.419116060964498 ], [ -114.630573140761015, 33.439424953955992 ], [ -114.621089582478007, 33.468598916803792 ], [ -114.598086361395019, 33.486126968958501 ], [ -114.587061684743006, 33.509445573032998 ], [ -114.529420521558009, 33.5600729873196 ], [ -114.540247203171006, 33.580507764126999 ], [ -114.527170516712999, 33.622136505939594 ], [ -114.525263610021, 33.665504723788395 ], [ -114.536433545199998, 33.682735213540496 ], [ -114.495676458155003, 33.708369406373798 ], [ -114.510287528456999, 33.743200473935801 ], [ -114.504557846283006, 33.771714815949501 ], [ -114.521122187892999, 33.8260312994923 ], [ -114.511722552153998, 33.841965030529401 ], [ -114.520962165214996, 33.862926395397601 ], [ -114.498188073399007, 33.92503627863281 ], [ -114.525632143958006, 33.952413781001091 ], [ -114.518208573302999, 33.965063084134009 ], [ -114.428980311504006, 34.0298439836425 ], [ -114.424029192239999, 34.0783320465125 ], [ -114.410166379483002, 34.102654353851193 ], [ -114.322799436821001, 34.141297266242894 ], [ -114.285368531735998, 34.1712309353289 ], [ -114.235775799530003, 34.186222765321098 ], [ -114.149912365505003, 34.266978994510303 ], [ -114.125230486329002, 34.27262097244499 ], [ -114.134127053040999, 34.314547898308589 ], [ -114.153414992023002, 34.336447745155198 ], [ -114.182079824770994, 34.365206343214794 ], [ -114.257842507186993, 34.405488801650591 ], [ -114.283394279793001, 34.412069002543497 ], [ -114.302865346055, 34.435754120197196 ], [ -114.332636402262011, 34.454873074402897 ], [ -114.376506963880999, 34.459679349573491 ], [ -114.383862049594995, 34.477085610431502 ], [ -114.376827838100994, 34.53656348583521 ], [ -114.409742363421003, 34.58372355215441 ], [ -114.434302244083995, 34.598962901846903 ], [ -114.422270341493004, 34.610895081661901 ], [ -114.465637678673005, 34.709873019093791 ], [ -114.497804360879002, 34.744757652032597 ], [ -114.525553194601002, 34.748911558934694 ], [ -114.542040710820004, 34.759958614931989 ], [ -114.570216824260001, 34.831860445897 ], [ -114.627263432484995, 34.875533789537997 ], [ -114.630475645559002, 34.919501276514893 ], [ -114.621007369468003, 34.943609840386799 ], [ -114.632276509381995, 34.99765171071661 ], [ -114.621068601842012, 34.998914434177799 ], [ -114.633779862605991, 35.041863350131294 ], [ -114.595631989615001, 35.076057953264907 ], [ -114.635909060431004, 35.118655793243207 ], [ -114.626440836143999, 35.133906747040498 ], [ -114.582616224706996, 35.132560463663701 ], [ -114.572255261408003, 35.140067749646398 ], [ -114.561039945890997, 35.17434617171579 ], [ -114.559583060890006, 35.220182852043607 ], [ -114.587889824117994, 35.304768125003598 ], [ -114.589584282443013, 35.358378726704991 ], [ -114.645396193193008, 35.450760818423994 ], [ -114.672215144408, 35.515754166298201 ], [ -114.649792076763006, 35.546637403427191 ], [ -114.653134317975002, 35.584833091546393 ], [ -114.639866733630996, 35.611348574698603 ], [ -114.654065910016016, 35.646584076396508 ], [ -114.66848608243302, 35.656398973315795 ], [ -114.665091363729019, 35.693099389640892 ], [ -114.688820048579998, 35.732595721778203 ], [ -114.68273970486301, 35.76470339918319 ], [ -114.689867319041014, 35.847442479785798 ], [ -114.66246210151202, 35.870959907763705 ], [ -114.661600134099018, 35.8804735641937 ], [ -114.69927591687798, 35.911611936216801 ], [ -114.736212507819999, 35.987648351177299 ], [ -114.717673551640004, 36.036758062520477 ], [ -114.728966003370999, 36.058753021583492 ], [ -114.728150296966987, 36.085962782472109 ], [ -114.71276169983598, 36.105181045021403 ], [ -114.621610731114998, 36.141966678991309 ], [ -114.59893522238599, 36.138335474847203 ], [ -114.530573575866995, 36.155090196301209 ], [ -114.466613459559994, 36.12471127149621 ], [ -114.443945721437004, 36.121053284663702 ], [ -114.380803124674998, 36.15099125348501 ], [ -114.344233927982003, 36.137480241960198 ], [ -114.316095372470002, 36.11143804051239 ], [ -114.303857030781998, 36.087108428804207 ], [ -114.307587595073997, 36.06223311334459 ], [ -114.233472591936007, 36.018331054869499 ], [ -114.206768852905, 36.017255395794699 ], [ -114.129023060055005, 36.041730473245593 ], [ -114.107775167045006, 36.1210906871802 ], [ -114.04510554116402, 36.193977882779301 ], [ -114.037392075103995, 36.216022884544401 ], [ -114.043716415846006, 36.8418489391034 ], [ -114.043939380431993, 36.996537924819599 ], [ -112.899983465955017, 36.996226893366895 ], [ -112.542521554963997, 36.997994498996405 ], [ -112.237257860342993, 36.995492156675603 ], [ -110.740062944757, 37.002488033181002 ], [ -110.484088980516006, 37.003926009707506 ], [ -110.452235816357998, 36.991746310192099 ], [ -109.997076719201019, 36.992067547040698 ], [ -109.048480105718994, 36.996640911250005 ], [ -109.047846490512995, 35.996663963572097 ], [ -109.050349247266013, 33.783301929057899 ], [ -109.051346164199998, 32.77955053906679 ], [ -109.045615031514004, 31.343453048569405 ], [ -110.452578396470003, 31.3376602172718 ], [ -111.071964742690994, 31.335634005877402 ], [ -113.329111292315005, 32.043621059762991 ], [ -114.821761232304993, 32.4871692657564 ], [ -114.809393846754006, 32.616044661250903 ], [ -114.722048972614004, 32.720857494860503 ], [ -114.712695079840984, 32.735013363068198 ], [ -114.694040652458, 32.741425563461299 ], [ -114.603942290012981, 32.7262852112882 ], [ -114.603522677294009, 32.735886468348802 ], [ -114.571958890499005, 32.7374388799985 ], [ -114.572210709933998, 32.7488291895611 ], [ -114.560751034763001, 32.748935957686399 ], [ -114.561582696811996, 32.760753598770201 ], [ -114.543004524973995, 32.760749765271299 ], [ -114.543187704057004, 32.771232260846695 ], [ -114.530095217368, 32.771411502823099 ], [ -114.535077470860003, 32.7880470231825 ], [ -114.526219498157005, 32.809912368538797 ], [ -114.461436319269993, 32.84542253525381 ], [ -114.476444001299001, 32.935908858149794 ], [ -114.468387178065996, 32.977789471202101 ], [ -114.520627666533002, 33.027707429168707 ] ] ] } },
{ "type": "Feature", "properties": { "FID": 4, "Program": "PDS", "State_Code": "AR", "State_Name": "ARKANSAS", "Flowing_St": "F", "FID_1": 922 }, "geometry": { "type": "Polygon", "coordinates": [ [ [ -94.461691444655699, 34.196765198170084 ], [ -94.439322149603697, 34.929150866744401 ], [ -94.428551986197803, 35.400546282331703 ], [ -94.468485233603303, 35.641088237656895 ], [ -94.4859348026379, 35.760310468443187 ], [ -94.542417264874302, 36.106835821453103 ], [ -94.607452833040412, 36.478790378712098 ], [ -94.617257110131703, 36.48941414390309 ], [ -93.8575198412085, 36.489786355926498 ], [ -92.777635473527198, 36.489983522100502 ], [ -91.688560551210699, 36.491018566808499 ], [ -91.411796693472397, 36.491101764095802 ], [ -91.133956347795404, 36.4880156938586 ], [ -90.804433857588094, 36.489265466309895 ], [ -90.224473286402997, 36.492811141985008 ], [ -90.1502594411579, 36.49187291902679 ], [ -90.137372771916304, 36.4574765391596 ], [ -90.117322018453507, 36.453955677619483 ], [ -90.123929209250505, 36.422626200494889 ], [ -90.116925095903014, 36.404975994415196 ], [ -90.080272235686706, 36.397449955370199 ], [ -90.052156940188112, 36.382615039813601 ], [ -90.050295310227199, 36.362668464273902 ], [ -90.067728975422497, 36.325395768725201 ], [ -90.049845133124805, 36.300536046281501 ], [ -90.066187753445305, 36.272338278752798 ], [ -90.110012209468493, 36.25805979038369 ], [ -90.131313771463695, 36.212135561229303 ], [ -90.161404873025702, 36.197006657748901 ], [ -90.21932121926892, 36.172630940445593 ], [ -90.232322012809107, 36.161213796390598 ], [ -90.234938842057304, 36.137155171612697 ], [ -90.263801669844298, 36.118829803487095 ], [ -90.284851775032493, 36.115972707104206 ], [ -90.315339695536096, 36.09172339165719 ], [ -90.379062186714805, 35.989656431157798 ], [ -89.721836356949893, 35.999950929874196 ], [ -89.713214817882999, 35.966397453532707 ], [ -89.664270931269897, 35.937894456603601 ], [ -89.645479223181297, 35.913873752382599 ], [ -89.649416019354106, 35.894361916341801 ], [ -89.664728619958396, 35.885721831428796 ], [ -89.714763499641904, 35.91150117918059 ], [ -89.738056667933094, 35.91508695118209 ], [ -89.762990211132916, 35.896887311460198 ], [ -89.766354831690293, 35.884176983168793 ], [ -89.757794369585795, 35.871493385761895 ], [ -89.701518398251395, 35.842113139228992 ], [ -89.700907991254795, 35.827590809246296 ], [ -89.736019318670202, 35.807113967558983 ], [ -89.759877099187193, 35.817497362007011 ], [ -89.790464328034801, 35.805629885437305 ], [ -89.799986014090905, 35.774300356508597 ], [ -89.827124648033404, 35.758347509781004 ], [ -89.859954939984704, 35.748269137517191 ], [ -89.909868080175201, 35.754913989851403 ], [ -89.951121553526306, 35.734345403210099 ], [ -89.952121008858896, 35.712563928593596 ], [ -89.9298272440966, 35.676344201950499 ], [ -89.893487280278293, 35.656050539346609 ], [ -89.865265268458899, 35.673384274549299 ], [ -89.857330443738604, 35.671141263249901 ], [ -89.849281183895513, 35.6453010457519 ], [ -89.863922455952903, 35.629825107011193 ], [ -89.877526093099505, 35.633414608903692 ], [ -89.957133671322794, 35.603183636435197 ], [ -89.9581178444637, 35.578674730946595 ], [ -89.921747419870101, 35.546139877432402 ], [ -89.93126159434081, 35.529313562795899 ], [ -89.947634727239802, 35.526982847257685 ], [ -89.962359921841497, 35.532372902148694 ], [ -89.989673964261499, 35.561756878572389 ], [ -90.033140039939894, 35.552494989773997 ], [ -90.040990890312813, 35.542927975183396 ], [ -90.041906423101096, 35.512521697845607 ], [ -89.999653649829497, 35.445537002695595 ], [ -90.046873498010001, 35.417186931290892 ], [ -90.060385597420293, 35.413494442968116 ], [ -90.074027362340203, 35.426590037900802 ], [ -90.0749351763275, 35.472426407404292 ], [ -90.082320619209398, 35.478289433175298 ], [ -90.102050861080301, 35.473650951288398 ], [ -90.137368472181393, 35.442607691481697 ], [ -90.172769954020893, 35.423801789086191 ], [ -90.167909958061998, 35.384339647614901 ], [ -90.140260173662398, 35.383130334118405 ], [ -90.132561886186494, 35.407684930769797 ], [ -90.112335724245298, 35.417774544510202 ], [ -90.085250552071798, 35.418365732208208 ], [ -90.075568584317395, 35.406612897977801 ], [ -90.087226668960497, 35.381592893836 ], [ -90.105713303060597, 35.366067482237796 ], [ -90.098793267668697, 35.345678344789192 ], [ -90.106438196984612, 35.314772417491 ], [ -90.157083587272695, 35.306330845657108 ], [ -90.169840331983593, 35.282653654021601 ], [ -90.152215976119095, 35.264145106812499 ], [ -90.106033918260493, 35.263935093236597 ], [ -90.090194885007406, 35.254486243659898 ], [ -90.069053449298096, 35.21282673024789 ], [ -90.073394783214994, 35.1919226606474 ], [ -90.062522721262795, 35.167005487523895 ], [ -90.064628607269995, 35.147474639400691 ], [ -90.0830159330269, 35.125140208467201 ], [ -90.143823618122795, 35.1366264073068 ], [ -90.164568442106003, 35.129703056456599 ], [ -90.178438973664313, 35.108738013501601 ], [ -90.169176722237694, 35.077919738638194 ], [ -90.195803843094808, 35.040990762890999 ], [ -90.291905931081899, 35.048551510642504 ], [ -90.305448335854507, 35.000788756128507 ], [ -90.299604114949801, 34.978576323707905 ], [ -90.248264602337301, 34.949856371461792 ], [ -90.241993101715707, 34.938999954329603 ], [ -90.242939198887498, 34.920827149100184 ], [ -90.266804594598199, 34.896608087212208 ], [ -90.296369263511494, 34.882787598355705 ], [ -90.301649027602295, 34.851873952255701 ], [ -90.322920336038294, 34.850363242857703 ], [ -90.341521301653998, 34.860674008042395 ], [ -90.404030594033216, 34.841135285705199 ], [ -90.422410304596198, 34.832365379869394 ], [ -90.433648724715496, 34.835451346498395 ], [ -90.427941732711005, 34.872739168826698 ], [ -90.438188260886506, 34.886277170256093 ], [ -90.470629297286095, 34.881020458962595 ], [ -90.474817964698005, 34.857823801596794 ], [ -90.452005537892902, 34.825315834379104 ], [ -90.466806988040204, 34.799761730590788 ], [ -90.44896904412181, 34.760848970957703 ], [ -90.451532567013103, 34.741299110751996 ], [ -90.486025975846005, 34.726933073556197 ], [ -90.504520121531797, 34.729954181528001 ], [ -90.517070945185807, 34.748470240322703 ], [ -90.498836078716906, 34.765884064570493 ], [ -90.501384371220595, 34.789931292459698 ], [ -90.516147693595613, 34.805700804691696 ], [ -90.527363268132405, 34.807421113233289 ], [ -90.547848916506794, 34.790434568702793 ], [ -90.533383104730902, 34.713352748226697 ], [ -90.513668041443594, 34.702168411524902 ], [ -90.4700800190557, 34.70435443838101 ], [ -90.466326142946301, 34.672140044654697 ], [ -90.508914554589396, 34.638166800181608 ], [ -90.539066992133698, 34.636995407241891 ], [ -90.547650403427497, 34.651906681952703 ], [ -90.539166300477802, 34.686047616101398 ], [ -90.561162658249003, 34.700386611588591 ], [ -90.579405088107706, 34.645711436876695 ], [ -90.588095267527294, 34.627916127682603 ], [ -90.577718866624295, 34.604845405936807 ], [ -90.530719962672094, 34.55575170204169 ], [ -90.537250949727607, 34.543430370282493 ], [ -90.565785961553203, 34.532611770099102 ], [ -90.580450182799296, 34.5203246808099 ], [ -90.590155047939305, 34.496608998773098 ], [ -90.574505721078495, 34.454049390175911 ], [ -90.579228021900704, 34.433103203891193 ], [ -90.603894100845494, 34.404702986176396 ], [ -90.657346493010607, 34.366014330817897 ], [ -90.657917839761694, 34.330111023247596 ], [ -90.679440656808595, 34.318079431480903 ], [ -90.689481263928101, 34.320249813516995 ], [ -90.681242453104701, 34.363504010675001 ], [ -90.687590675509099, 34.37797660877979 ], [ -90.7554179633605, 34.372269098735103 ], [ -90.761963869979397, 34.364018010354201 ], [ -90.747863017661302, 34.317823001485699 ], [ -90.758360225583999, 34.279081506006897 ], [ -90.792633052816797, 34.300061675741382 ], [ -90.806526533565503, 34.299451216940795 ], [ -90.823944346723707, 34.2774444465567 ], [ -90.831466137838007, 34.229639368142593 ], [ -90.863518074096206, 34.219267059758998 ], [ -90.928545768048195, 34.25029850824469 ], [ -90.9338176579259, 34.234780504624091 ], [ -90.921594598429294, 34.2049349024051 ], [ -90.823027208010004, 34.190650093943198 ], [ -90.8076149882381, 34.166278572767091 ], [ -90.828970115609394, 34.148765388371807 ], [ -90.846716625398699, 34.147651290699692 ], [ -90.9290256288661, 34.185754767628801 ], [ -90.953455325977799, 34.155908750977403 ], [ -90.942353823935306, 34.126047866566701 ], [ -90.906417931624006, 34.102855301720098 ], [ -90.866438578623203, 34.101059100260798 ], [ -90.886450323644894, 34.040818099552197 ], [ -90.950577404371103, 34.031395048387203 ], [ -90.973473701916404, 34.01110459763369 ], [ -90.975380971236305, 33.994713074300094 ], [ -90.961235463836204, 33.978981741645093 ], [ -90.964897594992095, 33.96756832748099 ], [ -90.986924361735504, 33.960922905302382 ], [ -91.000367872597295, 33.968479508730702 ], [ -91.009653280429617, 33.990634697687589 ], [ -91.031168844910994, 33.985805007091102 ], [ -91.069805489013916, 34.006201189889104 ], [ -91.088963399857803, 33.994573825042103 ], [ -91.0758173995943, 33.974749455231503 ], [ -91.018571967466499, 33.936413429969306 ], [ -91.061480528073105, 33.867188676350096 ], [ -91.054926488219905, 33.843633483227407 ], [ -91.028962666283604, 33.816695020093292 ], [ -90.990478533272693, 33.799007152476996 ], [ -90.984145800276195, 33.785450035357094 ], [ -90.995483425130601, 33.771660007275798 ], [ -91.018540159786014, 33.7640838219206 ], [ -91.043512037975503, 33.76966425665659 ], [ -91.066500287690403, 33.786635156367197 ], [ -91.105525824717603, 33.776548650869096 ], [ -91.137097330314305, 33.780194929988703 ], [ -91.143002628180994, 33.771928559416303 ], [ -91.138111705210306, 33.72333414285319 ], [ -91.129055219428608, 33.712550354984394 ], [ -91.104678466044604, 33.708343141725798 ], [ -91.0563218300221, 33.719467282133685 ], [ -91.038933752381695, 33.705601361134605 ], [ -91.037941756830804, 33.683327696339497 ], [ -91.083879714055996, 33.662697566499496 ], [ -91.121158315265319, 33.677638991161196 ], [ -91.163411554773305, 33.718424363211803 ], [ -91.211791088180505, 33.709074044918196 ], [ -91.215254861669294, 33.69083254753231 ], [ -91.205420123802696, 33.670054465355697 ], [ -91.154514832648204, 33.637142582042493 ], [ -91.15076090473481, 33.616272806715997 ], [ -91.168133389359099, 33.577355902759685 ], [ -91.187917041195007, 33.574792328064298 ], [ -91.226843684310396, 33.590592093855392 ], [ -91.227743727691703, 33.556462763811403 ], [ -91.213598272096505, 33.5393886704544 ], [ -91.20421376313621, 33.538618188975903 ], [ -91.182957426067702, 33.523462917239293 ], [ -91.180515901689006, 33.512125862229404 ], [ -91.207753584955299, 33.473510354174486 ], [ -91.227262571773593, 33.459567815001193 ], [ -91.232961844976103, 33.443557776614 ], [ -91.181881300756203, 33.447502395196693 ], [ -91.171840745441699, 33.466758630106902 ], [ -91.174290040425504, 33.504481399150301 ], [ -91.165088710549597, 33.511893262092308 ], [ -91.128908769409094, 33.493304833054395 ], [ -91.119066416348602, 33.469787767704801 ], [ -91.119821719243902, 33.452946170876601 ], [ -91.130625296255701, 33.443237938474496 ], [ -91.198941148002802, 33.422226634512306 ], [ -91.204274218450507, 33.414414274541393 ], [ -91.185093203005806, 33.391946240990201 ], [ -91.137743585705806, 33.388993980586903 ], [ -91.099236814329501, 33.415013699081705 ], [ -91.085907945807705, 33.4629711849798 ], [ -91.073868324414804, 33.466320523345409 ], [ -91.061088682319195, 33.460125640897814 ], [ -91.061622678356898, 33.431912642981501 ], [ -91.078796960726294, 33.410295128149798 ], [ -91.107049536929097, 33.393522068065892 ], [ -91.130533499497304, 33.359518414621597 ], [ -91.141855790356004, 33.322501268399407 ], [ -91.122613646144401, 33.268623616874699 ], [ -91.103013069784893, 33.249329357799603 ], [ -91.076431536481806, 33.292476683224201 ], [ -91.0539393622484, 33.293693611914492 ], [ -91.040534030963897, 33.282040034223492 ], [ -91.054648818568594, 33.245900241213192 ], [ -91.092110288037006, 33.225816125948803 ], [ -91.086426089810004, 33.1617229768679 ], [ -91.095963109862296, 33.145205673326601 ], [ -91.121438367901902, 33.131190660302103 ], [ -91.177737443838495, 33.150408508419098 ], [ -91.195613670941398, 33.140585840893792 ], [ -91.190646699640595, 33.113345722838197 ], [ -91.146898343750706, 33.090774754660693 ], [ -91.117898079847294, 33.065693777164597 ], [ -91.124093324923294, 33.047395036315201 ], [ -91.156793847754997, 33.04055534898869 ], [ -91.162241353326394, 33.01316261623279 ], [ -91.454470322760997, 33.013999199665605 ], [ -92.063441674068997, 33.010151558244708 ], [ -93.232543165679999, 33.01937490483769 ], [ -94.038931733451193, 33.023422406242801 ], [ -94.0361164947318, 33.556034707033589 ], [ -94.061622679784094, 33.57733538836009 ], [ -94.086846429212798, 33.584075663735 ], [ -94.098893613994605, 33.573119938259204 ], [ -94.155360742235203, 33.567206817982097 ], [ -94.159709950365297, 33.593893979720796 ], [ -94.205541294876895, 33.585200070410785 ], [ -94.211080130969307, 33.558108474536198 ], [ -94.235563807891296, 33.561655911548606 ], [ -94.223234498309296, 33.585840834574689 ], [ -94.237433415674403, 33.592543033980498 ], [ -94.274742011422603, 33.561857481065992 ], [ -94.272277900482607, 33.584726322470303 ], [ -94.279182757290897, 33.589452560399891 ], [ -94.299019663678706, 33.579972783811698 ], [ -94.302582434687295, 33.557054314137794 ], [ -94.328950587150899, 33.573254680565803 ], [ -94.370958948964002, 33.54780247532311 ], [ -94.395465471467503, 33.560420903248499 ], [ -94.3725080451553, 33.572780829017091 ], [ -94.370829749690017, 33.590160462598902 ], [ -94.379313904444601, 33.593444735090898 ], [ -94.393619227306303, 33.575076887652898 ], [ -94.406772687350596, 33.573604202419794 ], [ -94.428669995798913, 33.597258548474102 ], [ -94.443532471104902, 33.596621203376792 ], [ -94.451757294837705, 33.604464024122997 ], [ -94.436536387383697, 33.616961126988002 ], [ -94.436116981880005, 33.636560926287807 ], [ -94.476691252470104, 33.632081845430193 ], [ -94.461691444655699, 34.196765198170084 ] ] ] } },
{ "type": "Feature", "properties": { "FID": 5, "Program": " ", "State_Code": "CA", "State_Name": "CALIFORNIA", "Flowing_St": "N", "FID_1": 923 }, "geometry": { "type": "MultiPolygon", "coordinates": [ [ [ [ -121.665219944683002, 38.169285281117695 ], [ -121.782362657718991, 38.066775862317492 ], [ -121.902765916996017, 38.072909564194703 ], [ -121.984548902246999, 38.139500445036894 ], [ -122.232243026863998, 38.071079793717807 ], [ -122.273001719834014, 38.15941837294281 ], [ -122.315759116254, 38.205933582579092 ], [ -122.338907388647016, 38.193581893652798 ], [ -122.285354134016998, 38.159311553013609 ], [ -122.272771917116017, 38.097484571637608 ], [ -122.398463954387012, 38.161337090955406 ], [ -122.429202761854, 38.113807195598696 ], [ -122.488935202307019, 38.113414261959605 ], [ -122.528648748782018, 38.1506715717086 ], [ -122.474544972624983, 38.0854571241941 ], [ -122.506450355256021, 38.018652189060901 ], [ -122.441781093451979, 37.98295521697959 ], [ -122.490022361878019, 37.93176754200659 ], [ -122.458259440356017, 37.834221209204408 ], [ -122.515725402281006, 37.822106316542303 ], [ -122.66639278861102, 37.906919734492 ], [ -122.691723720596997, 37.894392688892097 ], [ -122.822193333601021, 38.007672530118896 ], [ -122.921180906584993, 38.030622962885303 ], [ -122.956597670616986, 37.990757475162908 ], [ -123.010730198016006, 37.994466178149999 ], [ -122.939271913236993, 38.153264933726703 ], [ -122.994649084486014, 38.297227219625604 ], [ -123.048796635057002, 38.294141356604591 ], [ -123.121544685006015, 38.433599954727207 ], [ -123.297941065562014, 38.547333547535402 ], [ -123.523886611129001, 38.757659294543501 ], [ -123.721901387185, 38.924771199740292 ], [ -123.683447559537001, 39.041805901353392 ], [ -123.813718037813999, 39.347806456630984 ], [ -123.754651590091015, 39.551879248863209 ], [ -123.78353192764402, 39.687108513402293 ], [ -123.838108415660002, 39.826396883451302 ], [ -124.007638533417989, 39.998580818541107 ], [ -124.094560479380007, 40.100377776386885 ], [ -124.345306276352005, 40.252429988300001 ], [ -124.336106811421985, 40.32755491118661 ], [ -124.392637865846012, 40.435236911520199 ], [ -124.109446162894997, 40.978210952670594 ], [ -124.149703237352, 41.128832233406492 ], [ -124.071602483223998, 41.313832591460297 ], [ -124.05795476083901, 41.458164188356392 ], [ -124.144210351441998, 41.727193236770503 ], [ -124.24309892690701, 41.776757165931507 ], [ -124.207500952345015, 41.848327399240198 ], [ -124.206444460764004, 41.997647932349899 ], [ -123.819146427692999, 41.992948787932797 ], [ -123.222102645641002, 42.002191768256694 ], [ -122.284705081206994, 42.000764566970297 ], [ -121.441508914554007, 41.994334545987591 ], [ -120.871908529607012, 41.987672183888201 ], [ -119.993459351490969, 41.989204961806884 ], [ -119.996324684716001, 41.177566261855809 ], [ -119.996165335490019, 39.720610807352891 ], [ -119.995254672281021, 38.994106140551395 ], [ -119.889341624482, 38.922251554870307 ], [ -119.575687074181999, 38.702910143663303 ], [ -119.152450403186009, 38.411800970345404 ], [ -118.417419775770981, 37.886676736238599 ], [ -117.838686442279993, 37.4572982301313 ], [ -117.160423769161, 36.959594133117292 ], [ -115.885769319627997, 36.001225982696809 ], [ -115.626197357633004, 35.795698325821199 ], [ -114.621068601842012, 34.998914434177799 ], [ -114.632276509381995, 34.99765171071661 ], [ -114.621007369468003, 34.943609840386799 ], [ -114.630475645559002, 34.919501276514893 ], [ -114.627263432484995, 34.875533789537997 ], [ -114.570216824260001, 34.831860445897 ], [ -114.542040710820004, 34.759958614931989 ], [ -114.525553194601002, 34.748911558934694 ], [ -114.497804360879002, 34.744757652032597 ], [ -114.465637678673005, 34.709873019093791 ], [ -114.422270341493004, 34.610895081661901 ], [ -114.434302244083995, 34.598962901846903 ], [ -114.409742363421003, 34.58372355215441 ], [ -114.376827838100994, 34.53656348583521 ], [ -114.383862049594995, 34.477085610431502 ], [ -114.376506963880999, 34.459679349573491 ], [ -114.332636402262011, 34.454873074402897 ], [ -114.302865346055, 34.435754120197196 ], [ -114.283394279793001, 34.412069002543497 ], [ -114.257842507186993, 34.405488801650591 ], [ -114.182079824770994, 34.365206343214794 ], [ -114.153414992023002, 34.336447745155198 ], [ -114.134127053040999, 34.314547898308589 ], [ -114.125230486329002, 34.27262097244499 ], [ -114.149912365505003, 34.266978994510303 ], [ -114.235775799530003, 34.186222765321098 ], [ -114.285368531735998, 34.1712309353289 ], [ -114.322799436821001, 34.141297266242894 ], [ -114.410166379483002, 34.102654353851193 ], [ -114.424029192239999, 34.0783320465125 ], [ -114.428980311504006, 34.0298439836425 ], [ -114.518208573302999, 33.965063084134009 ], [ -114.525632143958006, 33.952413781001091 ], [ -114.498188073399007, 33.92503627863281 ], [ -114.520962165214996, 33.862926395397601 ], [ -114.511722552153998, 33.841965030529401 ], [ -114.521122187892999, 33.8260312994923 ], [ -114.504557846283006, 33.771714815949501 ], [ -114.510287528456999, 33.743200473935801 ], [ -114.495676458155003, 33.708369406373798 ], [ -114.536433545199998, 33.682735213540496 ], [ -114.525263610021, 33.665504723788395 ], [ -114.527170516712999, 33.622136505939594 ], [ -114.540247203171006, 33.580507764126999 ], [ -114.529420521558009, 33.5600729873196 ], [ -114.587061684743006, 33.509445573032998 ], [ -114.598086361395019, 33.486126968958501 ], [ -114.621089582478007, 33.468598916803792 ], [ -114.630573140761015, 33.439424953955992 ], [ -114.645092258893996, 33.419116060964498 ], [ -114.724936270752011, 33.411059652163807 ], [ -114.703603781745016, 33.352418049368694 ], [ -114.735427003169988, 33.30570841917239 ], [ -114.677693369774019, 33.268016525336598 ], [ -114.68771107950802, 33.239258289905194 ], [ -114.680050868, 33.224594949327198 ], [ -114.67812039047098, 33.16724994983511 ], [ -114.709463025822018, 33.122374959695406 ], [ -114.711355116557996, 33.095382775772492 ], [ -114.663951674860996, 33.03892269288189 ], [ -114.64515975955598, 33.044411848900403 ], [ -114.633966926992997, 33.033566932265003 ], [ -114.609925708372003, 33.027001909955608 ], [ -114.559089057570006, 33.036782460796694 ], [ -114.520627666533002, 33.027707429168707 ], [ -114.468387178065996, 32.977789471202101 ], [ -114.476444001299001, 32.935908858149794 ], [ -114.461436319269993, 32.84542253525381 ], [ -114.526219498157005, 32.809912368538797 ], [ -114.535077470860003, 32.7880470231825 ], [ -114.530095217368, 32.771411502823099 ], [ -114.543187704057004, 32.771232260846695 ], [ -114.543004524973995, 32.760749765271299 ], [ -114.561582696811996, 32.760753598770201 ], [ -114.560751034763001, 32.748935957686399 ], [ -114.572210709933998, 32.7488291895611 ], [ -114.571958890499005, 32.7374388799985 ], [ -114.603522677294009, 32.735886468348802 ], [ -114.603942290012981, 32.7262852112882 ], [ -114.694040652458, 32.741425563461299 ], [ -114.712695079840984, 32.735013363068198 ], [ -114.722048972614004, 32.720857494860503 ], [ -117.128098100358002, 32.535781347497 ], [ -117.199812089876019, 32.718442442346102 ], [ -117.120606614606999, 32.60287239633999 ], [ -117.124529320080981, 32.678931501469606 ], [ -117.198774662181989, 32.738934410812995 ], [ -117.248206853669998, 32.6800939841145 ], [ -117.285325380397992, 32.851220495151289 ], [ -117.254867920669, 32.888172834520184 ], [ -117.328439395825001, 33.111481968911392 ], [ -117.410144208781006, 33.234089490066694 ], [ -117.597331318947013, 33.3945339563681 ], [ -118.106717434070021, 33.747564601629897 ], [ -118.246616211114997, 33.773924983487909 ], [ -118.286892245851021, 33.703907420849198 ], [ -118.405088963872018, 33.738450716972288 ], [ -118.428954463190991, 33.775448229463493 ], [ -118.388175255820997, 33.812324831326613 ], [ -118.412110379769004, 33.882967565113297 ], [ -118.541854425395996, 34.037251754065402 ], [ -118.788115080438999, 34.018257077750292 ], [ -118.939360081808999, 34.040081342503299 ], [ -119.216334522967003, 34.14634064850199 ], [ -119.26676741308701, 34.238098242525702 ], [ -119.483009803046002, 34.374861890908797 ], [ -119.606293574131996, 34.416434943379002 ], [ -119.869433228519995, 34.4047962852514 ], [ -120.011495394055984, 34.461661631142405 ], [ -120.140162848136015, 34.471902357265897 ], [ -120.456202663628005, 34.442499472367899 ], [ -120.509405981970986, 34.521373868020596 ], [ -120.641293005297996, 34.572337801347395 ], [ -120.601627014932021, 34.7040225299003 ], [ -120.631673150587005, 34.75990681089251 ], [ -120.608158830851991, 34.855615861632103 ], [ -120.665946547665001, 34.903809522145998 ], [ -120.644339549053001, 34.972636886978684 ], [ -120.616765243138985, 35.074816573067899 ], [ -120.638410214110991, 35.140028326772395 ], [ -120.861341956074995, 35.209253753844095 ], [ -120.883597593065019, 35.259405399832602 ], [ -120.849996146182008, 35.364537190912884 ], [ -120.875212384026014, 35.42776516073129 ], [ -120.991948020920006, 35.456581054058489 ], [ -121.146559300576996, 35.629322763240793 ], [ -121.270261544693, 35.6635357568084 ], [ -121.329080679932019, 35.8010340382748 ], [ -121.445541600002997, 35.879850517011491 ], [ -121.689811581222983, 36.181134210890505 ], [ -121.882277419399003, 36.306943480702891 ], [ -121.955283142641008, 36.58277367423819 ], [ -121.911420507039992, 36.640427840237699 ], [ -121.867381737704974, 36.607713589334992 ], [ -121.808564726431996, 36.6482211363221 ], [ -121.76139124286702, 36.818990199486898 ], [ -121.791711888126997, 36.850326980980995 ], [ -121.883536568381999, 36.962097977755199 ], [ -122.061331813414995, 36.947506748400194 ], [ -122.173442748295997, 37.000869415968808 ], [ -122.274633702489012, 37.106781893923497 ], [ -122.414637848950989, 37.239126398722703 ], [ -122.389253144372006, 37.352412767258407 ], [ -122.441463120259016, 37.479482481154399 ], [ -122.505682204959996, 37.522904834224398 ], [ -122.498207814542013, 37.700254098282009 ], [ -122.498214549066986, 37.782942100101806 ], [ -122.400931121764998, 37.808625092340193 ], [ -122.346471607268995, 37.725222868228798 ], [ -122.366331359237989, 37.702450123317703 ], [ -122.359671276517005, 37.609786787468593 ], [ -122.089307807851014, 37.452541479622397 ], [ -121.975337107954999, 37.460720197760203 ], [ -122.093023659795008, 37.497313535135703 ], [ -122.199732521247995, 37.735200896068299 ], [ -122.312413611387015, 37.778462708420001 ], [ -122.307553719036008, 37.89176358208681 ], [ -122.371496999030981, 37.9093451478143 ], [ -122.379683850401989, 37.973445445852583 ], [ -122.295522179073018, 38.014795481933092 ], [ -122.00062322944602, 38.0571514488513 ], [ -121.698956082066999, 38.023495918551994 ], [ -121.657749854000983, 38.086100841188092 ], [ -121.576884991741011, 38.094138496926497 ], [ -121.569545188217006, 38.06366767175551 ], [ -121.547473092939981, 38.063473199391503 ], [ -121.572833864052996, 38.113798855148403 ], [ -121.554149390326003, 38.137361559856799 ], [ -121.659581023186007, 38.096465068141491 ], [ -121.665219944683002, 38.169285281117695 ] ] ], [ [ [ -119.867823262582007, 34.075228673726201 ], [ -119.667922353253005, 34.0213434588117 ], [ -119.572589348036018, 34.055781178302389 ], [ -119.523095561543997, 34.034590632363695 ], [ -119.539377467530016, 34.006496058481602 ], [ -119.712539721905003, 33.96528433918639 ], [ -119.847275397556018, 33.968415945174208 ], [ -119.889061779060995, 34.004669707071301 ], [ -119.873986855388992, 34.031875582657001 ], [ -119.927690393537986, 34.059180248545793 ], [ -119.867823262582007, 34.075228673726201 ] ] ], [ [ [ -120.167386078075012, 33.924162189075396 ], [ -120.238548717200999, 34.010885259330699 ], [ -120.046801090227007, 34.041105249342806 ], [ -119.963385915106002, 33.947763176968998 ], [ -120.109179266582998, 33.894813957438998 ], [ -120.167386078075012, 33.924162189075396 ] ] ], [ [ [ -118.59478048852101, 33.480818350017394 ], [ -118.362395804461002, 33.411011318995001 ], [ -118.294590844150989, 33.334448108757599 ], [ -118.304036430072998, 33.307494052607602 ], [ -118.455386800859003, 33.324785981950598 ], [ -118.481342644972997, 33.419552458192697 ], [ -118.556433895234008, 33.434482537769711 ], [ -118.59478048852101, 33.480818350017394 ] ] ], [ [ [ -118.350958197810996, 32.819195237973091 ], [ -118.420105867019004, 32.806114510799802 ], [ -118.511676966501, 32.892076217087499 ], [ -118.59951719086601, 33.021021962467493 ], [ -118.571485973324997, 33.035971520363383 ], [ -118.541585044392008, 32.987384252757799 ], [ -118.350958197810996, 32.819195237973091 ] ] ] ] } },
{ "type": "Feature", "properties": { "FID": 6, "Program": "ECOMAP", "State_Code": "CO", "State_Name": "COLORADO", "Flowing_St": "F", "FID_1": 924 }, "geometry": { "type": "Polygon", "coordinates": [ [ [ -102.044455912803997, 37.6414742305057 ], [ -102.037207595213999, 36.988993909772994 ], [ -103.077865892431007, 36.99976018787649 ], [ -103.993635011379993, 36.994469078700803 ], [ -105.213091479835001, 36.992604495909397 ], [ -105.713460014009001, 36.994560357418308 ], [ -105.992000076847006, 36.992289630957693 ], [ -106.86124885756, 36.989501589359392 ], [ -106.890370239307998, 36.999083782533603 ], [ -107.410820557565003, 36.997525776047603 ], [ -109.048480105718994, 36.996640911250005 ], [ -109.043464024187998, 38.15293369869859 ], [ -109.055861145256998, 38.244920162968498 ], [ -109.051416824911001, 39.360966081356395 ], [ -109.053528668382, 39.518170153187199 ], [ -109.05126317413, 40.210511351082701 ], [ -109.046155710274007, 40.665290931845803 ], [ -109.048314695420999, 40.998433384720315 ], [ -107.304051033582013, 41.000133334274395 ], [ -106.865438768269016, 40.998457369990604 ], [ -106.329125690509997, 41.001288978786 ], [ -106.203471470186997, 41.000085001105617 ], [ -105.278797599488001, 40.996349152801692 ], [ -104.934492930236004, 40.99428916517369 ], [ -104.051705526445005, 41.003211323081295 ], [ -103.572316281336995, 40.999648448465194 ], [ -102.652271049757005, 40.9981241664089 ], [ -102.621257059231993, 41.000214822028383 ], [ -102.047739304627001, 40.998070860052401 ], [ -102.046031377250998, 40.69731929726639 ], [ -102.047544987674996, 40.342644495400997 ], [ -102.051535608243995, 39.998918270053991 ], [ -102.044455912803997, 37.6414742305057 ] ] ] } },
{ "type": "Feature", "properties": { "FID": 7, "Program": "SIMS", "State_Code": "CT", "State_Name": "CONNECTICUT", "Flowing_St": "F", "FID_1": 925 }, "geometry": { "type": "Polygon", "coordinates": [ [ [ -73.530392086823497, 41.522745538704896 ], [ -73.484230284344221, 42.047428039767397 ], [ -73.045632472359003, 42.036310374864392 ], [ -72.816450987469594, 42.033507724527084 ], [ -72.817679572068798, 41.997185063257596 ], [ -72.767575015952204, 42.002167161337994 ], [ -72.755893826708402, 42.033847507221701 ], [ -72.60952669369081, 42.030536866473597 ], [ -72.607825293623605, 42.022800813852697 ], [ -72.581907370066503, 42.021606886155894 ], [ -72.571225895175417, 42.030124972556003 ], [ -72.507571785328807, 42.030765995739998 ], [ -72.094971778729601, 42.025799490675396 ], [ -71.802340706341099, 42.017976925308702 ], [ -71.797831630944813, 42.00427480868241 ], [ -71.7882488679261, 41.721603373699395 ], [ -71.792605225014313, 41.641757911327495 ], [ -71.790194213215003, 41.601306882547405 ], [ -71.802743430943707, 41.415829046661997 ], [ -71.845995659548109, 41.403854542946796 ], [ -71.836869704549215, 41.341961459616599 ], [ -71.847772227276508, 41.32534847401449 ], [ -72.281415915362501, 41.281145485874184 ], [ -72.326354883490893, 41.289641244733396 ], [ -72.378412348286119, 41.358348268782493 ], [ -72.3781529654606, 41.278102205773713 ], [ -72.527244887344295, 41.263702599560403 ], [ -72.906734342139004, 41.270063203130199 ], [ -73.104418556620104, 41.161039426371197 ], [ -73.65315144561832, 40.9983924595292 ], [ -73.653723776645904, 41.012617278913403 ], [ -73.725237647159716, 41.100354206024399 ], [ -73.478120774953496, 41.210754882347601 ], [ -73.550259661203, 41.2936207274347 ], [ -73.530392086823497, 41.522745538704896 ] ] ] } },
{ "type": "Feature", "properties": { "FID": 8, "Program": " ", "State_Code": "DE", "State_Name": "DELAWARE", "Flowing_St": "P", "FID_1": 926 }, "geometry": { "type": "Polygon", "coordinates": [ [ [ -75.707073545959716, 38.557591368991901 ], [ -75.710712727925895, 38.649665848324709 ], [ -75.724590615658101, 38.830283325622297 ], [ -75.772353732800298, 39.383118524699206 ], [ -75.791094569322112, 39.723866017778803 ], [ -75.774927202067218, 39.72455278392971 ], [ -75.745592025048794, 39.774929414861298 ], [ -75.694770863654696, 39.820457446722095 ], [ -75.643994305538612, 39.838306528509193 ], [ -75.583443257653997, 39.840119048240894 ], [ -75.469986091200198, 39.826547477793909 ], [ -75.420467956809915, 39.798983118255393 ], [ -75.411754569181198, 39.789770754118798 ], [ -75.427647323222999, 39.778242904831593 ], [ -75.460394107062498, 39.763362039091994 ], [ -75.474768432904497, 39.74183207308689 ], [ -75.475974275530518, 39.7200843747042 ], [ -75.4892806610995, 39.714858227793897 ], [ -75.610374571830604, 39.612905287985292 ], [ -75.562642951544305, 39.566835282264002 ], [ -75.589835824316097, 39.463879986096394 ], [ -75.515217441327195, 39.367051657280804 ], [ -75.402122488716998, 39.257750003654209 ], [ -75.397368276606002, 39.073148951136297 ], [ -75.324488644396595, 39.012498905732301 ], [ -75.307535254451409, 38.946023910526293 ], [ -75.190570850919897, 38.808782266271308 ], [ -75.082762500534002, 38.799924448980597 ], [ -75.045622993170696, 38.449602170704409 ], [ -75.349842318356409, 38.455322787171006 ], [ -75.698802461219614, 38.46318270325019 ], [ -75.707073545959716, 38.557591368991901 ] ] ] } },
{ "type": "Feature", "properties": { "FID": 9, "Program": " ", "State_Code": "DC", "State_Name": "DISTRICT OF COLUMBIA", "Flowing_St": "P", "FID_1": 927 }, "geometry": { "type": "Polygon", "coordinates": [ [ [ -77.007930737657617, 38.966667146788303 ], [ -76.910904672823406, 38.890100103052006 ], [ -77.045147433039602, 38.788233935009501 ], [ -77.034946647830594, 38.814028513148806 ], [ -77.044888050214198, 38.829477721004984 ], [ -77.040104309800697, 38.838526021748798 ], [ -77.038776831290207, 38.8625429442749 ], [ -77.067586197308415, 38.886212676128807 ], [ -77.078649053537703, 38.915711191283584 ], [ -77.122328302839193, 38.932171251361403 ], [ -77.042088249098995, 38.993541165697401 ], [ -77.007930737657617, 38.966667146788303 ] ] ] } },
{ "type": "Feature", "properties": { "FID": 10, "Program": " ", "State_Code": "FL", "State_Name": "FLORIDA", "Flowing_St": "P", "FID_1": 928 }, "geometry": { "type": "MultiPolygon", "coordinates": [ [ [ [ -80.78566240012438, 28.785194017416902 ], [ -80.762415233820207, 28.736334623192111 ], [ -80.832103944416502, 28.786186116576101 ], [ -80.850704961836101, 28.785699883861991 ], [ -80.747189871218396, 28.398992365036605 ], [ -80.492244579789002, 27.870178595437306 ], [ -80.509357940608098, 27.825708712885998 ], [ -80.481853207518995, 27.845721649400197 ], [ -80.401377082770907, 27.703585559499501 ], [ -80.357377891721896, 27.555662233137301 ], [ -80.239638188936112, 27.264647653995397 ], [ -80.190090785263607, 27.185684569827103 ], [ -80.223989535528005, 27.215066059656902 ], [ -80.289634837238495, 27.241338633668104 ], [ -80.326790870090505, 27.248262036322298 ], [ -80.290420497300616, 27.212853405524594 ], [ -80.221273294328398, 27.202842274903894 ], [ -80.147967159462297, 27.109069348334092 ], [ -80.090363191577097, 26.97404367367 ], [ -80.114610124038393, 26.9738375453971 ], [ -80.050910789265203, 26.797197737659399 ], [ -80.084695622446901, 26.326377554125997 ], [ -80.127780834828101, 25.977536456945199 ], [ -80.193098838617502, 25.760032379604997 ], [ -80.301455845584996, 25.613751759333304 ], [ -80.329991220038707, 25.490015117334593 ], [ -80.301975647316596, 25.4012007698114 ], [ -80.416816706879899, 25.249902772908399 ], [ -80.420807120233505, 25.192219441234695 ], [ -80.551876105973705, 25.2123186832786 ], [ -80.693824924271993, 25.152299041230503 ], [ -80.856801157588507, 25.185631055303496 ], [ -80.975876990159506, 25.130501351949697 ], [ -81.119016161675702, 25.134188763476708 ], [ -81.148229961829898, 25.164690256638892 ], [ -81.183783851154203, 25.268879576829903 ], [ -81.140569232282303, 25.320765052214099 ], [ -81.011560648602497, 25.214429697885603 ], [ -80.951027162287303, 25.202537510789 ], [ -80.915274604471705, 25.246725372149697 ], [ -80.974281632960995, 25.322459976776397 ], [ -81.143322824194499, 25.396827369194295 ], [ -81.258374778002192, 25.681100067036201 ], [ -81.199947177694014, 25.7104222930448 ], [ -81.256207141580205, 25.803102827835101 ], [ -81.530742182325596, 25.914658371609299 ], [ -81.718292749632795, 25.9235815655978 ], [ -81.7056956649716, 26.000171972955901 ], [ -81.7947171250444, 26.111162438268 ], [ -81.813858562203293, 26.284467101946898 ], [ -81.849350960132796, 26.3321969608958 ], [ -81.864212347553604, 26.439553994489994 ], [ -81.942018751129311, 26.467562573666697 ], [ -81.968119232121495, 26.517382570194595 ], [ -81.928773235306593, 26.534980816822795 ], [ -81.884276725478998, 26.642987421267499 ], [ -81.773914384145002, 26.710265845321192 ], [ -81.897101955129799, 26.663767161173499 ], [ -81.944451986861495, 26.550719661063496 ], [ -82.021472937591398, 26.524679894405502 ], [ -82.083660112453501, 26.715790694322799 ], [ -82.068270893674921, 26.7669703396698 ], [ -82.051767525420203, 26.866709071224793 ], [ -82.097872654280394, 26.921785520026095 ], [ -81.991440011965807, 26.963056554946395 ], [ -81.97919415869201, 27.031680174492006 ], [ -81.9928511021959, 27.031676444601093 ], [ -82.012688215800296, 26.976550626550292 ], [ -82.153209781008101, 26.937064862437005 ], [ -82.2574596601211, 27.004408974012595 ], [ -82.282179304442195, 27.024557378089995 ], [ -82.176495334105496, 26.913693262829998 ], [ -82.153828683867204, 26.790128817458395 ], [ -82.289840603834094, 26.849885916634697 ], [ -82.35543130408702, 26.948896024375099 ], [ -82.398171760585797, 26.998515591074501 ], [ -82.343628686174597, 26.903632711155801 ], [ -82.380036668697102, 26.947295849401002 ], [ -82.506929938034716, 27.236991549503003 ], [ -82.531130764900894, 27.260277258012596 ], [ -82.514483381416596, 27.210453687005796 ], [ -82.569957478024506, 27.274280200695799 ], [ -82.532740264602097, 27.3318018519624 ], [ -82.565562319710907, 27.386681445413895 ], [ -82.6859253790536, 27.473844642788197 ], [ -82.638889124388598, 27.503459250795402 ], [ -82.66582903803581, 27.493587006804493 ], [ -82.68170609545372, 27.524429370546301 ], [ -82.488267014788093, 27.478067034630399 ], [ -82.514199702496597, 27.511989614752899 ], [ -82.427177049481301, 27.522859241915004 ], [ -82.575571637190194, 27.512324786888101 ], [ -82.638767074071794, 27.536638132127795 ], [ -82.569605365968499, 27.552713132780394 ], [ -82.554262304589002, 27.5822396221166 ], [ -82.626376739332002, 27.555194080033001 ], [ -82.540040800663405, 27.608106052458599 ], [ -82.552499827559402, 27.644014074196502 ], [ -82.404379542239397, 27.791627871423 ], [ -82.398817705153604, 27.9062193909283 ], [ -82.460998456314798, 27.940155232884901 ], [ -82.483131732163102, 27.821947532406902 ], [ -82.510598130263006, 27.831232059570503 ], [ -82.538995343343501, 27.935728111478895 ], [ -82.645565266362695, 28.028847063854897 ], [ -82.6506846969517, 28.007163239852698 ], [ -82.698338973807097, 28.046168935932606 ], [ -82.672718871672515, 28.010514287751597 ], [ -82.700666011258406, 27.975353539282501 ], [ -82.644741219507296, 27.966583944270905 ], [ -82.725485015727102, 27.9405627752631 ], [ -82.564264524914904, 27.8784619577348 ], [ -82.623653090154605, 27.848527045351702 ], [ -82.644619117386398, 27.715725059080302 ], [ -82.6783265553332, 27.705587837427601 ], [ -82.793838580815105, 27.829653953117202 ], [ -82.728162870133602, 27.717773235387401 ], [ -82.741003330171907, 27.685868267188699 ], [ -82.844285561632404, 27.8506413236132 ], [ -82.779144106009497, 28.173027444759796 ], [ -82.673475935904804, 28.428510617530499 ], [ -82.636075750615106, 28.692748931985893 ], [ -82.681380662478006, 28.808382230724209 ], [ -82.636519037780502, 28.814277944844196 ], [ -82.636619174988695, 28.884707919440785 ], [ -82.7553222256917, 29.008660325263797 ], [ -82.802156962643295, 29.155132361461199 ], [ -83.0367477735264, 29.1793877379808 ], [ -83.073928724121302, 29.2656522906831 ], [ -83.142206499899601, 29.299651437175903 ], [ -83.108995085630397, 29.328182822718503 ], [ -83.1746328239511, 29.343679224054704 ], [ -83.234327810084196, 29.433937505568998 ], [ -83.380031281552505, 29.519874760350095 ], [ -83.404973838655195, 29.669602576817805 ], [ -83.550448232661097, 29.7373231483481 ], [ -83.654182713385794, 29.910961844473292 ], [ -83.971738315071306, 30.0774831318165 ], [ -84.074625074494804, 30.099948212537292 ], [ -84.147854798402705, 30.081724950173392 ], [ -84.233071303583102, 30.108111700287612 ], [ -84.353924895375201, 30.069624407230297 ], [ -84.360416666772906, 29.977390734084192 ], [ -84.437690110390918, 29.991791531790405 ], [ -84.433104157800003, 29.959545226775905 ], [ -84.338938712023506, 29.947141526593899 ], [ -84.346911146476202, 29.910168724629507 ], [ -84.464537864652002, 29.929627254313701 ], [ -84.858030728366415, 29.746860634636199 ], [ -84.928513335867095, 29.777971913146693 ], [ -84.988283127033, 29.719921498049597 ], [ -85.214759974827601, 29.701557639522701 ], [ -85.364879067205194, 29.683019045970799 ], [ -85.4096039292386, 29.776766381345006 ], [ -85.414051979476596, 29.863067611307301 ], [ -85.392994362703107, 29.875413446377095 ], [ -85.402546613142505, 29.794364938797401 ], [ -85.358043057965517, 29.691254748551891 ], [ -85.306589421053999, 29.701710357830994 ], [ -85.300524152313002, 29.809796481476202 ], [ -85.384792591767805, 29.923801475646997 ], [ -85.628497494524694, 30.092591261877104 ], [ -85.568528672239196, 30.098293695125903 ], [ -85.471357970526995, 30.0218635694658 ], [ -85.415013358840397, 30.031552427157195 ], [ -85.432385947072802, 30.045754297351888 ], [ -85.382694372758607, 30.024270177921803 ], [ -85.382656244985498, 30.036286176672604 ], [ -85.395672320717594, 30.058567353053402 ], [ -85.464315781210303, 30.051163571541505 ], [ -85.529716723266901, 30.131686475337098 ], [ -85.709829473808199, 30.178773446156605 ], [ -85.666058375944814, 30.251689444801691 ], [ -85.600176433382202, 30.251151045419903 ], [ -85.569475494667998, 30.311004085677194 ], [ -85.7171312531664, 30.265061932325104 ], [ -85.752708298896394, 30.2969293943992 ], [ -85.850420560036909, 30.280359354345787 ], [ -85.8299426304647, 30.232814021385302 ], [ -85.757919163615, 30.228945502936593 ], [ -85.726393245572794, 30.128842174551995 ], [ -85.987013255089906, 30.274430433836599 ], [ -86.3874595678014, 30.387658885456304 ], [ -86.505313809318295, 30.409972905598202 ], [ -86.240033042177402, 30.399887798809193 ], [ -86.241566493548703, 30.428527817422502 ], [ -86.114640743078397, 30.385801866054702 ], [ -86.122933999947406, 30.426461665113788 ], [ -86.219608315353796, 30.487854217815002 ], [ -86.387879128716705, 30.462167599293796 ], [ -86.452639099393295, 30.501237117950303 ], [ -86.610235794038999, 30.423651606798696 ], [ -86.790347612107695, 30.4179633160526 ], [ -87.193382106433305, 30.355221786164599 ], [ -86.932510795520898, 30.463564961453503 ], [ -87.014399875444497, 30.514434559624391 ], [ -86.986193145817097, 30.590430619238095 ], [ -87.019580434800119, 30.5874666511219 ], [ -87.069271853702105, 30.450564530541296 ], [ -87.124533657356494, 30.564666760894202 ], [ -87.171555044262121, 30.557735639438 ], [ -87.160102569852299, 30.465033191539106 ], [ -87.273897602251296, 30.3573846048109 ], [ -87.424080102773104, 30.323671520223897 ], [ -87.409256169672901, 30.402238873334895 ], [ -87.346807436215698, 30.431498727280104 ], [ -87.347395101239002, 30.457169131136805 ], [ -87.418816656954505, 30.481700778598796 ], [ -87.4453529653304, 30.531389710907003 ], [ -87.422067360428898, 30.556493585788495 ], [ -87.393280943600203, 30.620098274581697 ], [ -87.398644941059402, 30.668015353329093 ], [ -87.418894259405505, 30.6928101653114 ], [ -87.460140480190901, 30.705802618401503 ], [ -87.5266028870155, 30.748491685293196 ], [ -87.541900153623999, 30.785695326057407 ], [ -87.615915174965707, 30.8482964151945 ], [ -87.625711577842921, 30.876901984121591 ], [ -87.589867223269493, 30.954361041613012 ], [ -87.598580248269997, 31.002630750456799 ], [ -87.163117616751407, 31.003157234909601 ], [ -86.701852481075406, 30.998092405778198 ], [ -86.383919745982794, 30.991538314121108 ], [ -86.181476190790903, 30.995225103999601 ], [ -86.031821780646993, 30.993327625643197 ], [ -85.486597113003313, 31.000997990741993 ], [ -85.001607177779604, 31.001253384656398 ], [ -85.0001420041323, 30.979319450751809 ], [ -84.973567723395405, 30.963664373642899 ], [ -84.969012283383705, 30.927093778240604 ], [ -84.937776157138103, 30.894957660418001 ], [ -84.926926215511017, 30.846922157636492 ], [ -84.932563945514502, 30.802625041556603 ], [ -84.926894822263094, 30.776088681376599 ], [ -84.915343402138006, 30.754089785206599 ], [ -84.888288794347503, 30.743889362625904 ], [ -84.863003708935906, 30.712664529660898 ], [ -84.281663285356316, 30.690419149871403 ], [ -83.737843957694395, 30.660491179229602 ], [ -83.609056059222596, 30.650784604556694 ], [ -83.310600762288601, 30.6343032530188 ], [ -83.132440402385413, 30.621341416116003 ], [ -82.463134906705093, 30.582689852449604 ], [ -82.412092645670697, 30.577307516360495 ], [ -82.221039555453402, 30.567076011356097 ], [ -82.238396136237498, 30.531444726796895 ], [ -82.219367476472598, 30.502970532913697 ], [ -82.199187161106906, 30.490014498063399 ], [ -82.205564808205693, 30.423853176316094 ], [ -82.180234083435494, 30.368630899143799 ], [ -82.164639202620293, 30.361291820877192 ], [ -82.052766825340896, 30.363794474022303 ], [ -82.038354734354215, 30.378904572636394 ], [ -82.046099490053606, 30.434068155832001 ], [ -82.035120659976315, 30.442878313406389 ], [ -82.022509484616421, 30.4777178250269 ], [ -82.005801645818096, 30.5709905317919 ], [ -82.013652703406521, 30.598690514305694 ], [ -82.0449116234294, 30.650910747392697 ], [ -82.031881197978294, 30.757532785275504 ], [ -82.012967335964802, 30.764256431553701 ], [ -82.015538733070201, 30.791319224382406 ], [ -81.981479856519897, 30.778351740839295 ], [ -81.961551360589894, 30.796007748971409 ], [ -81.953029233474695, 30.820430970578812 ], [ -81.943805006213097, 30.824249446325496 ], [ -81.907518348750997, 30.813475086791904 ], [ -81.899141117534001, 30.828308292815194 ], [ -81.873001783512294, 30.7990843908734 ], [ -81.803198171556403, 30.788084994592399 ], [ -81.776707916971503, 30.761584638219897 ], [ -81.757710184218013, 30.769631670489396 ], [ -81.736674998593699, 30.76388883008979 ], [ -81.716768830204714, 30.745368885992196 ], [ -81.642477537920698, 30.729080970737492 ], [ -81.6279810063497, 30.731774262747603 ], [ -81.604771035345905, 30.716321273196503 ], [ -81.601169877544507, 30.724887122920993 ], [ -81.536591272810099, 30.7065772960072 ], [ -81.528595474735511, 30.721452670518605 ], [ -81.498784270398602, 30.598605348464901 ], [ -81.518117434307413, 30.5562128596988 ], [ -81.457528724886103, 30.454764232214202 ], [ -81.48079832233941, 30.380540388789601 ], [ -81.443259975676511, 30.357187386832784 ], [ -81.432767689137506, 30.246781737321907 ], [ -81.302757888787497, 29.913052033856392 ], [ -81.316489896344606, 29.8292402988132 ], [ -81.243784481119818, 29.737943139092003 ], [ -81.233765838913499, 29.669023873893298 ], [ -81.109880312105304, 29.430239266997901 ], [ -81.097054564414208, 29.351799300019898 ], [ -80.78566240012438, 28.785194017416902 ] ] ], [ [ [ -86.833882276335004, 30.399735184109002 ], [ -86.791553092105204, 30.403969439076203 ], [ -86.620825679388204, 30.414551812839797 ], [ -86.534756376110593, 30.406791412320391 ], [ -86.522770320094594, 30.401147724852304 ], [ -86.532642978517799, 30.393388774846006 ], [ -86.738641637719994, 30.402558193433904 ], [ -86.792964544963596, 30.390564936656403 ], [ -86.834584169265312, 30.387038273063904 ], [ -87.242348579607494, 30.321431824382998 ], [ -87.267045844583507, 30.32143187618701 ], [ -87.290324093311497, 30.332719354731292 ], [ -87.286089682932101, 30.339772578308303 ], [ -87.202140718988502, 30.334834565465385 ], [ -87.139349146398303, 30.351765886889901 ], [ -87.047641387860594, 30.369401069798105 ], [ -86.929122914950099, 30.381394430183605 ], [ -86.833882276335004, 30.399735184109002 ] ] ], [ [ [ -80.735833441497604, 28.788844389055594 ], [ -80.763330352176794, 28.822067821861893 ], [ -80.817179822304013, 28.895390585824604 ], [ -80.891079372441794, 29.013393815758992 ], [ -80.916287218030504, 29.071822244931795 ], [ -80.899097808881606, 29.061511324334894 ], [ -80.862438006923398, 28.991625654780695 ], [ -80.735833441497604, 28.788844389055594 ] ] ], [ [ [ -80.725899757915897, 28.784365981650602 ], [ -80.5796891767056, 28.590154036520598 ], [ -80.525948080628808, 28.4634626475247 ], [ -80.587655860909905, 28.4092601846727 ], [ -80.621630245071898, 28.412659151308102 ], [ -80.577446683446595, 28.548653457901604 ], [ -80.599129056935595, 28.603922824945688 ], [ -80.660043147528498, 28.618651127789203 ], [ -80.69188154753661, 28.5883502198676 ], [ -80.780445267117003, 28.618960605120698 ], [ -80.785930278812316, 28.687716273162899 ], [ -80.734994785903197, 28.706617184166706 ], [ -80.754068411574409, 28.736883901422296 ], [ -80.641197666847006, 28.657345999632405 ], [ -80.725899757915897, 28.784365981650602 ] ] ], [ [ [ -80.688623850516706, 28.581764372334202 ], [ -80.653794751508201, 28.600890475497401 ], [ -80.609192820460393, 28.573566538505894 ], [ -80.662730533878317, 28.427410196124793 ], [ -80.667110565412415, 28.3018412970554 ], [ -80.605571666299795, 28.144944630394498 ], [ -80.721043491847198, 28.385401005446699 ], [ -80.688623850516706, 28.581764372334202 ] ] ], [ [ [ -82.101941550753693, 26.586077161274293 ], [ -82.066952998911702, 26.49756436506469 ], [ -82.097456097999299, 26.493942537451698 ], [ -82.135709599426619, 26.642629869787395 ], [ -82.183310155493004, 26.683432388974996 ], [ -82.128651817093996, 26.6936913501203 ], [ -82.101941550753693, 26.586077161274293 ] ] ], [ [ [ -80.249453655699796, 25.354937638630897 ], [ -80.355665250178106, 25.158233608379998 ], [ -80.587819717086703, 24.956376423110399 ], [ -80.353063703121904, 25.211532142547895 ], [ -80.330296967479399, 25.267981553806301 ], [ -80.361601112428701, 25.296499263082495 ], [ -80.249453655699796, 25.354937638630897 ] ] ] ] } },
{ "type": "Feature", "properties": { "FID": 11, "Program": " ", "State_Code": "GA", "State_Name": "GEORGIA", "Flowing_St": "N", "FID_1": 929 }, "geometry": { "type": "MultiPolygon", "coordinates": [ [ [ [ -85.130164859100205, 31.778853670652893 ], [ -85.131561133375101, 31.783814580881195 ], [ -85.135566932528405, 31.854884438972999 ], [ -85.115150235330802, 31.907424769219599 ], [ -85.070067096560607, 31.980703085316598 ], [ -85.056700255677498, 32.017376511736998 ], [ -85.062010739564016, 32.050010310966492 ], [ -85.056654927143001, 32.069643938304004 ], [ -85.046187247522795, 32.090894991360699 ], [ -85.053313670207601, 32.126637654604792 ], [ -85.024382357480505, 32.16627510094559 ], [ -85.007826097301503, 32.178878557503609 ], [ -84.960385253088702, 32.191928461273392 ], [ -84.975743803875801, 32.212248699349608 ], [ -84.928371651819305, 32.217978433327197 ], [ -84.916004110856903, 32.228556351943297 ], [ -84.923679604555602, 32.247388985223004 ], [ -84.905360970955002, 32.249555792780484 ], [ -84.894015886318996, 32.259176113727591 ], [ -84.894603499538206, 32.268735409516403 ], [ -84.921070908541793, 32.293136977035303 ], [ -85.005332458059399, 32.329592515666 ], [ -85.002089991427098, 32.347078502940597 ], [ -84.971663510513906, 32.371503175061193 ], [ -84.984488947380797, 32.387093341708699 ], [ -84.970961876603795, 32.396812815587388 ], [ -84.965385068150709, 32.429450189295601 ], [ -84.989815024283104, 32.454836188975889 ], [ -84.995652199838503, 32.518928457388192 ], [ -85.070774428915001, 32.581253845427497 ], [ -85.084149403032299, 32.603004341228392 ], [ -85.086324032999698, 32.628451262459109 ], [ -85.103803700181501, 32.645910363437196 ], [ -85.090474935267395, 32.676152318362099 ], [ -85.107733295592794, 32.689972392786103 ], [ -85.113867826334499, 32.734389124393097 ], [ -85.124885146813199, 32.744383211484703 ], [ -85.133300713019295, 32.756315184083604 ], [ -85.128089796496596, 32.777070368874796 ], [ -85.162301339551107, 32.807445771005106 ], [ -85.180719747731601, 32.871813015258702 ], [ -85.233502883511093, 33.120139408177607 ], [ -85.233846292488494, 33.129237285387099 ], [ -85.293825009345497, 33.425875711049997 ], [ -85.335286838542999, 33.65492307528141 ], [ -85.3957378010235, 33.959829270225896 ], [ -85.41656722100322, 34.08692037919019 ], [ -85.534692604862599, 34.622488411254992 ], [ -85.608960222700603, 34.990164162072794 ], [ -85.267717275787803, 34.9891497871768 ], [ -84.967857156912501, 34.992682926274206 ], [ -84.800416917713605, 34.992832277319884 ], [ -84.771134321795103, 34.990757214716297 ], [ -84.618684721095605, 34.988759754563787 ], [ -84.118152382548601, 34.988306987259087 ], [ -83.5492973023171, 34.989628508305096 ], [ -83.512887662065296, 34.992115775650504 ], [ -83.106156949525996, 35.00036670861919 ], [ -83.100450371953997, 34.984162301476204 ], [ -83.115542287350294, 34.954686994531002 ], [ -83.121401686838595, 34.9608933256713 ], [ -83.127314755311701, 34.954374201740904 ], [ -83.113101177404104, 34.936125192769303 ], [ -83.1256365116502, 34.94079045734469 ], [ -83.137561853332102, 34.93047575505291 ], [ -83.155025979302096, 34.932280089746399 ], [ -83.158352782910498, 34.917651043442497 ], [ -83.182180258064406, 34.9106473963312 ], [ -83.203513265111596, 34.884170144560208 ], [ -83.219428553910504, 34.889182496199595 ], [ -83.232803631635903, 34.873820940778202 ], [ -83.2430730053931, 34.87808182302161 ], [ -83.235687925139501, 34.862384681032708 ], [ -83.250306558831497, 34.850166387507905 ], [ -83.250421252974803, 34.839710467404593 ], [ -83.267770995625696, 34.839229933134803 ], [ -83.270113936917198, 34.815079511599095 ], [ -83.302753745415316, 34.805531612698992 ], [ -83.322690581795598, 34.787244320542293 ], [ -83.323424126993999, 34.752233544767499 ], [ -83.350334149710406, 34.727381541125602 ], [ -83.350685173881601, 34.709647464306109 ], [ -83.339790007328006, 34.677692660621503 ], [ -83.298894810713804, 34.662945397499598 ], [ -83.236987274056602, 34.613321582868984 ], [ -83.164878900386299, 34.598937362455409 ], [ -83.158950549721496, 34.576831853572195 ], [ -83.137366034062893, 34.567867682588592 ], [ -83.1081210996811, 34.535016513609598 ], [ -83.079021216609803, 34.518972439968593 ], [ -83.054994813944305, 34.490061589837104 ], [ -83.007949597180698, 34.47082840772439 ], [ -82.981962826054996, 34.476497116543499 ], [ -82.905055015347301, 34.477985342988397 ], [ -82.868042894116897, 34.457542950987204 ], [ -82.844092591585493, 34.412675368825198 ], [ -82.836439477231806, 34.371046264384304 ], [ -82.808583046519004, 34.339899914539096 ], [ -82.782870422369996, 34.290515693590798 ], [ -82.764169992998902, 34.280960179496994 ], [ -82.758028002475413, 34.233372937068701 ], [ -82.742593558770494, 34.205553598048098 ], [ -82.7357807577405, 34.169796170652795 ], [ -82.660355319621118, 34.108356061843402 ], [ -82.602943803742306, 34.034636686154698 ], [ -82.596138566102098, 34.013420238196403 ], [ -82.573608678527904, 33.968904405462105 ], [ -82.576614763328195, 33.959287814405798 ], [ -82.517538472838098, 33.931029746975092 ], [ -82.456630909554207, 33.878224853498999 ], [ -82.424525407918793, 33.860254653867791 ], [ -82.3905965595075, 33.85414022309331 ], [ -82.365708655666296, 33.836009741763995 ], [ -82.351311587851001, 33.835391926789704 ], [ -82.311118543187206, 33.803914341916403 ], [ -82.305510600506395, 33.782648058472105 ], [ -82.266217910047999, 33.761595725710698 ], [ -82.234898172082893, 33.690339528489091 ], [ -82.2142067062601, 33.680734541537603 ], [ -82.192187658318801, 33.623839926364283 ], [ -82.167132064802004, 33.615215227251007 ], [ -82.138978900551294, 33.593906878926596 ], [ -82.116403010990098, 33.594776616944692 ], [ -82.065681520567807, 33.5738649321503 ], [ -82.038543145645605, 33.547505793589202 ], [ -82.02014058950121, 33.538732106058596 ], [ -81.996534732027897, 33.5204905050646 ], [ -81.980917005631397, 33.490736699603602 ], [ -81.936383300503607, 33.471019667762491 ], [ -81.916638087265099, 33.451332889480589 ], [ -81.927273819189296, 33.43614321986189 ], [ -81.913563621132695, 33.415441755859504 ], [ -81.940335793300221, 33.408163288319003 ], [ -81.925809370798405, 33.376559819629897 ], [ -81.945066330965204, 33.377147070220907 ], [ -81.936712152545908, 33.350437580941097 ], [ -81.9114126138074, 33.3494956280921 ], [ -81.912091764764298, 33.332196601595697 ], [ -81.893483287563186, 33.335236928866095 ], [ -81.876874031851912, 33.306837643623993 ], [ -81.865544073995295, 33.315668471010191 ], [ -81.840107306356401, 33.308344726739186 ], [ -81.860714746027099, 33.297091594273091 ], [ -81.826572879405688, 33.2694248181486 ], [ -81.839840619161393, 33.273307945336491 ], [ -81.836796562000202, 33.260613106452993 ], [ -81.853963073763694, 33.243500885322803 ], [ -81.810764721360201, 33.226442488589591 ], [ -81.801563546896105, 33.207926740619016 ], [ -81.779834653379595, 33.217367923197791 ], [ -81.769878124216604, 33.213881459539891 ], [ -81.759593520071704, 33.195380993760992 ], [ -81.763408265927595, 33.169834867794805 ], [ -81.740374687677999, 33.144697061267401 ], [ -81.704279238925395, 33.122938846664702 ], [ -81.610962239706595, 33.087875437985595 ], [ -81.595825202992103, 33.070790051347899 ], [ -81.560034983639909, 33.060814924534704 ], [ -81.547659827483599, 33.043683743126095 ], [ -81.529600732120699, 33.043927843759903 ], [ -81.5087491400121, 33.012793357039705 ], [ -81.492734853693705, 33.004813307393185 ], [ -81.497899768229303, 32.959675929793789 ], [ -81.509839977670495, 32.955418881049191 ], [ -81.510236693004501, 32.9472214616532 ], [ -81.47704812431661, 32.897571745002793 ], [ -81.465031711133506, 32.8977281932019 ], [ -81.483204982599304, 32.876092080720099 ], [ -81.458538851851102, 32.871400396084702 ], [ -81.455319023583996, 32.844576678897894 ], [ -81.432331291909307, 32.84168161015409 ], [ -81.423961624082196, 32.831771549214395 ], [ -81.43030927664212, 32.820305035909897 ], [ -81.420833333552906, 32.809494724372897 ], [ -81.430240325465704, 32.786153585541101 ], [ -81.416071972484403, 32.756728424906107 ], [ -81.423037699038815, 32.749812637445707 ], [ -81.407626100915195, 32.741806167738993 ], [ -81.420535460326093, 32.701566965676193 ], [ -81.407191516828405, 32.686702003776702 ], [ -81.399478309789004, 32.650815325303093 ], [ -81.412105285380918, 32.625609033835488 ], [ -81.3849063515365, 32.595883047143502 ], [ -81.366267620776398, 32.588364934116498 ], [ -81.366702567491501, 32.581979464607798 ], [ -81.351489378838906, 32.583528353582899 ], [ -81.340403884244395, 32.571360309976292 ], [ -81.298983550082397, 32.567287010159603 ], [ -81.274302396162696, 32.55481399617301 ], [ -81.267985463398006, 32.533929871127491 ], [ -81.236239792620708, 32.520613953615189 ], [ -81.1951572725999, 32.464560739650409 ], [ -81.199926922314603, 32.420316567298897 ], [ -81.178252733863701, 32.386829451931902 ], [ -81.179122938118198, 32.371781310948897 ], [ -81.157479055030393, 32.33874038377359 ], [ -81.141884277823394, 32.348467472845897 ], [ -81.1318900353196, 32.3326183378053 ], [ -81.124048198850204, 32.276644539432901 ], [ -81.148173132798604, 32.257713115849896 ], [ -81.147692546724699, 32.224446789298995 ], [ -81.114717773307717, 32.190593263960999 ], [ -81.119112309973005, 32.117614012583793 ], [ -81.104875782875794, 32.105446020781301 ], [ -80.894753573938701, 32.005993920976401 ], [ -80.973556117388796, 31.947928689924005 ], [ -80.970875569172307, 31.890313946798589 ], [ -81.139850813863518, 31.8643404893111 ], [ -81.179998478188693, 31.905891110632197 ], [ -81.207258126367293, 31.900120814091796 ], [ -81.197302529676804, 31.919895711044809 ], [ -81.203909927690503, 31.928432446899102 ], [ -81.2396832071218, 31.903415654607901 ], [ -81.284294359288694, 31.949428002433297 ], [ -81.244947170980893, 31.894691647150999 ], [ -81.206488370145294, 31.920650703115498 ], [ -81.220105787167199, 31.893139857149698 ], [ -81.180249934996098, 31.8976726587962 ], [ -81.1414678251504, 31.853516708723802 ], [ -81.039010987450297, 31.82336002324789 ], [ -81.061042727381206, 31.777542976651198 ], [ -81.136824059251495, 31.727073823704991 ], [ -81.174012728648279, 31.799810891197904 ], [ -81.196366378880299, 31.784843875340705 ], [ -81.175177594278907, 31.735802545329499 ], [ -81.289729121065704, 31.799665166434998 ], [ -81.134936993507011, 31.646070126619399 ], [ -81.187189759530909, 31.599898274156502 ], [ -81.240719287910494, 31.640173583634891 ], [ -81.239145118564295, 31.556883100836497 ], [ -81.194770503641394, 31.505152156902 ], [ -81.208571721395202, 31.466897308569592 ], [ -81.313065960162291, 31.337597534384106 ], [ -81.365581269057998, 31.344554868684192 ], [ -81.410344362472401, 31.311480217078987 ], [ -81.3947716019822, 31.264089985412703 ], [ -81.388813204974497, 31.297149044001891 ], [ -81.300834922843805, 31.275818886177003 ], [ -81.310249633558399, 31.242694917126403 ], [ -81.381006077211495, 31.148945820414792 ], [ -81.528388103165597, 31.131128131875599 ], [ -81.525259242791904, 31.086548528368699 ], [ -81.475337710346693, 31.043823302257504 ], [ -81.535429411813595, 31.076756321618699 ], [ -81.490855506751103, 30.985812154622188 ], [ -81.528560973245305, 30.962119007342505 ], [ -81.484827381506307, 30.944900121695103 ], [ -81.529269030856199, 30.864778699205196 ], [ -81.498382167444504, 30.757514861077912 ], [ -81.528595474735511, 30.721452670518605 ], [ -81.536591272810099, 30.7065772960072 ], [ -81.601169877544507, 30.724887122920993 ], [ -81.604771035345905, 30.716321273196503 ], [ -81.6279810063497, 30.731774262747603 ], [ -81.642477537920698, 30.729080970737492 ], [ -81.716768830204714, 30.745368885992196 ], [ -81.736674998593699, 30.76388883008979 ], [ -81.757710184218013, 30.769631670489396 ], [ -81.776707916971503, 30.761584638219897 ], [ -81.803198171556403, 30.788084994592399 ], [ -81.873001783512294, 30.7990843908734 ], [ -81.899141117534001, 30.828308292815194 ], [ -81.907518348750997, 30.813475086791904 ], [ -81.943805006213097, 30.824249446325496 ], [ -81.953029233474695, 30.820430970578812 ], [ -81.961551360589894, 30.796007748971409 ], [ -81.981479856519897, 30.778351740839295 ], [ -82.015538733070201, 30.791319224382406 ], [ -82.012967335964802, 30.764256431553701 ], [ -82.031881197978294, 30.757532785275504 ], [ -82.0449116234294, 30.650910747392697 ], [ -82.013652703406521, 30.598690514305694 ], [ -82.005801645818096, 30.5709905317919 ], [ -82.022509484616421, 30.4777178250269 ], [ -82.035120659976315, 30.442878313406389 ], [ -82.046099490053606, 30.434068155832001 ], [ -82.038354734354215, 30.378904572636394 ], [ -82.052766825340896, 30.363794474022303 ], [ -82.164639202620293, 30.361291820877192 ], [ -82.180234083435494, 30.368630899143799 ], [ -82.205564808205693, 30.423853176316094 ], [ -82.199187161106906, 30.490014498063399 ], [ -82.219367476472598, 30.502970532913697 ], [ -82.238396136237498, 30.531444726796895 ], [ -82.221039555453402, 30.567076011356097 ], [ -82.412092645670697, 30.577307516360495 ], [ -82.463134906705093, 30.582689852449604 ], [ -83.132440402385413, 30.621341416116003 ], [ -83.310600762288601, 30.6343032530188 ], [ -83.609056059222596, 30.650784604556694 ], [ -83.737843957694395, 30.660491179229602 ], [ -84.281663285356316, 30.690419149871403 ], [ -84.863003708935906, 30.712664529660898 ], [ -84.888288794347503, 30.743889362625904 ], [ -84.915343402138006, 30.754089785206599 ], [ -84.926894822263094, 30.776088681376599 ], [ -84.932563945514502, 30.802625041556603 ], [ -84.926926215511017, 30.846922157636492 ], [ -84.937776157138103, 30.894957660418001 ], [ -84.969012283383705, 30.927093778240604 ], [ -84.973567723395405, 30.963664373642899 ], [ -85.0001420041323, 30.979319450751809 ], [ -85.001607177779604, 31.001253384656398 ], [ -85.016995671301601, 31.080102810762099 ], [ -85.038068207638503, 31.126713184418787 ], [ -85.068662481835403, 31.162364102709002 ], [ -85.093366895768909, 31.172211273544892 ], [ -85.102957118569094, 31.196922059375197 ], [ -85.093603277600806, 31.227074496919798 ], [ -85.103361345488906, 31.271436160832799 ], [ -85.081228069640602, 31.303080347496898 ], [ -85.082563215148895, 31.332334502997696 ], [ -85.087941976759296, 31.367234210912102 ], [ -85.061406290031798, 31.440663432175899 ], [ -85.066312028958194, 31.476089572738889 ], [ -85.042698452682998, 31.519659929949501 ], [ -85.042721350068504, 31.554389824222596 ], [ -85.059285329049402, 31.621265161045404 ], [ -85.111204943295505, 31.684242088488698 ], [ -85.118674412329497, 31.708571596588801 ], [ -85.115286946190807, 31.7315659591805 ], [ -85.130164859100205, 31.778853670652893 ] ] ], [ [ [ -81.485055578300106, 30.903883081980201 ], [ -81.416405124262099, 30.970600053854493 ], [ -81.403052684901894, 30.938803148882091 ], [ -81.455716619586696, 30.716427419673291 ], [ -81.479460327608805, 30.736883384332803 ], [ -81.469887148337619, 30.860258848568591 ], [ -81.503305364332206, 30.881735041980704 ], [ -81.485055578300106, 30.903883081980201 ] ] ] ] } },
{ "type": "Feature", "properties": { "FID": 13, "Program": " ", "State_Code": "ID", "State_Name": "IDAHO", "Flowing_St": "P", "FID_1": 931 }, "geometry": { "type": "Polygon", "coordinates": [ [ [ -117.026295236850999, 43.679031229475491 ], [ -117.02379450045602, 43.753701571916096 ], [ -117.037117307905021, 43.800141976519399 ], [ -117.027626548860994, 43.831567860961385 ], [ -117.010505365631005, 43.839769735504802 ], [ -117.016220439065989, 43.852972461191001 ], [ -116.985769921078017, 43.859350885350395 ], [ -116.978148096365018, 43.873469247433597 ], [ -116.978141206428006, 43.90444101766591 ], [ -116.959715856505994, 43.928576934070591 ], [ -116.967956843099003, 43.963195605070986 ], [ -116.933593462405, 44.014202587554493 ], [ -116.976817768632017, 44.073894828073399 ], [ -116.963443208946998, 44.090298162727997 ], [ -116.946886689747998, 44.093025800816278 ], [ -116.902254142513016, 44.146313818764199 ], [ -116.913051088608, 44.177304445666799 ], [ -116.981871718914988, 44.197842312512698 ], [ -116.976127220785997, 44.225182360560403 ], [ -116.992707103608012, 44.247063402540704 ], [ -117.030352011179005, 44.249336563791005 ], [ -117.052027598338995, 44.231555966944185 ], [ -117.081386864235995, 44.243846578908006 ], [ -117.100560678920004, 44.267077893176094 ], [ -117.112691941657999, 44.269805272244191 ], [ -117.143278963289987, 44.250632234621399 ], [ -117.170722930240004, 44.253332727393001 ], [ -117.213571864398006, 44.2847197070014 ], [ -117.217455716841982, 44.300665145751402 ], [ -117.201602023046007, 44.339437982673999 ], [ -117.236920877442998, 44.389982665909599 ], [ -117.217221821603999, 44.427855252235005 ], [ -117.224409891095988, 44.472987034998198 ], [ -117.203962577710996, 44.485785481960583 ], [ -117.187391138948001, 44.511805614887592 ], [ -117.145160641414009, 44.534655599621509 ], [ -117.143939879224007, 44.559286969859293 ], [ -117.130503931753012, 44.572523886211499 ], [ -117.079353918317011, 44.689336400299503 ], [ -117.066513043845006, 44.697556976101197 ], [ -117.039572249529996, 44.749115723408693 ], [ -116.95149408921101, 44.77603512265631 ], [ -116.909620780528002, 44.828940256948698 ], [ -116.897366845825005, 44.84855507941991 ], [ -116.867076350513997, 44.868608423084893 ], [ -116.835396160043018, 44.920144065790794 ], [ -116.847556795672006, 44.954849922989602 ], [ -116.83139652557, 44.972633679882897 ], [ -116.848159017631019, 44.971741251695491 ], [ -116.855887610469992, 44.979965712800194 ], [ -116.84809705999902, 45.000042161066801 ], [ -116.854513197499003, 45.016945301093791 ], [ -116.807307336408996, 45.049755285861401 ], [ -116.787210011114993, 45.075752521402997 ], [ -116.778091930330007, 45.099480118368895 ], [ -116.761268257699015, 45.106300741808901 ], [ -116.736585290638018, 45.137307065335492 ], [ -116.688813366809995, 45.262350826857208 ], [ -116.672265498885011, 45.335410270887508 ], [ -116.565771986824004, 45.459863673575903 ], [ -116.554503313146014, 45.493647211656601 ], [ -116.478551235161007, 45.566058483545405 ], [ -116.470418778031998, 45.606257278457505 ], [ -116.514915080642993, 45.664490872638098 ], [ -116.528274927981002, 45.710727998190698 ], [ -116.56063188642301, 45.747424581016801 ], [ -116.65439792305601, 45.780630141429505 ], [ -116.703180284674019, 45.8191692385263 ], [ -116.773707132824995, 45.819763638074697 ], [ -116.791262485706994, 45.845867123701197 ], [ -116.856471804622018, 45.903597338030593 ], [ -116.898197057360008, 45.980515923978494 ], [ -116.919132416600988, 45.995175482861598 ], [ -116.957723369541, 46.065687670468904 ], [ -116.987211782908005, 46.078508911208601 ], [ -116.961637682761008, 46.097274199237098 ], [ -116.92942629366901, 46.165483282859306 ], [ -116.96749050313602, 46.197553920376095 ], [ -116.972724835084009, 46.249309367621301 ], [ -117.001642419741017, 46.302448759780006 ], [ -117.027973584121, 46.335426952263703 ], [ -117.064184659489001, 46.348697955673799 ], [ -117.044470528675021, 46.388573959616217 ], [ -117.038558548086002, 46.427980567157299 ], [ -117.041926173278, 46.536601774725803 ], [ -117.042391943395984, 47.258501269637804 ], [ -117.037471854751018, 47.971092407527991 ], [ -117.038868439850987, 48.046185988970798 ], [ -117.029111718867, 48.8380752795563 ], [ -117.032049525942995, 48.9999313023242 ], [ -116.063531306469017, 48.999950469818792 ], [ -116.053492460687011, 47.976191789953795 ], [ -116.025316088227001, 47.964939175528094 ], [ -115.998932342746002, 47.925140825840799 ], [ -115.937842273832004, 47.867124135173398 ], [ -115.903921196026999, 47.841074111315599 ], [ -115.869809531160016, 47.827452498166494 ], [ -115.849323986393983, 47.805182459654098 ], [ -115.836742080317009, 47.756281466785801 ], [ -115.79053753950501, 47.744838420711098 ], [ -115.775727230866991, 47.709732636327907 ], [ -115.73366530367602, 47.695554492383202 ], [ -115.734067406630004, 47.639879758730501 ], [ -115.698284129019015, 47.616080723994209 ], [ -115.692087899666006, 47.590720937157805 ], [ -115.742829386447994, 47.533691527873899 ], [ -115.701522658545002, 47.520893650756001 ], [ -115.692770521493983, 47.489540602793397 ], [ -115.640141813555999, 47.475235176323807 ], [ -115.643185715306018, 47.457793792327195 ], [ -115.656087148699001, 47.449179868454003 ], [ -115.73248152957099, 47.445303786615483 ], [ -115.750105574610998, 47.433966058152997 ], [ -115.750326622447005, 47.422475818598393 ], [ -115.666477795711998, 47.399167523527716 ], [ -115.638782320149005, 47.380043855154291 ], [ -115.599535890698007, 47.37000335164339 ], [ -115.555520692201, 47.334613266691704 ], [ -115.523064062786005, 47.2919825829524 ], [ -115.501930138663013, 47.28164441343079 ], [ -115.426641048774997, 47.274374182732494 ], [ -115.408207772835993, 47.263593710322304 ], [ -115.343661079390003, 47.255022524781701 ], [ -115.325227855254013, 47.24514991816249 ], [ -115.296234636699992, 47.179550152202701 ], [ -115.193073574886981, 47.1240264273249 ], [ -115.172496077950996, 47.097570777838392 ], [ -115.14868383318499, 47.091741994537394 ], [ -115.135507061323011, 47.063550495297498 ], [ -115.081336043522001, 47.026524386976391 ], [ -115.055638390740981, 46.973358108521296 ], [ -115.037334573096018, 46.963001289545396 ], [ -115.001574244674003, 46.958809358478497 ], [ -114.964730227551996, 46.925212936588196 ], [ -114.924125237167019, 46.907165445330193 ], [ -114.940566544182019, 46.890887942687392 ], [ -114.948408846888015, 46.852446807029196 ], [ -114.902324957684002, 46.799433505902492 ], [ -114.866603223271994, 46.797045546900698 ], [ -114.840791912426994, 46.7755381156528 ], [ -114.794030011955996, 46.766531672572988 ], [ -114.777832183925995, 46.755716957692599 ], [ -114.782919496009995, 46.703040071998004 ], [ -114.748105471977013, 46.695132392594502 ], [ -114.698431252016007, 46.733760178206602 ], [ -114.673887223389002, 46.734721661178597 ], [ -114.625926732856001, 46.687107273433597 ], [ -114.645038020063993, 46.670921463940594 ], [ -114.644740095033001, 46.660824027790298 ], [ -114.610826010772996, 46.629048051649796 ], [ -114.540390907575997, 46.637890949377095 ], [ -114.484718038869005, 46.623574799471392 ], [ -114.441535901129996, 46.645715586905396 ], [ -114.384017720733993, 46.661596633234403 ], [ -114.334685200216995, 46.654227042388491 ], [ -114.324712404585, 46.622839751955901 ], [ -114.343319534881999, 46.587881712693083 ], [ -114.350114981559003, 46.517389832269401 ], [ -114.360467811624005, 46.506124940286298 ], [ -114.410714932456997, 46.487371670795 ], [ -114.384024869691999, 46.428178924824302 ], [ -114.397016908349997, 46.3995456407361 ], [ -114.409796084208992, 46.392911822662192 ], [ -114.431795809243994, 46.284711367501998 ], [ -114.473795208959004, 46.252961448793293 ], [ -114.472833622379, 46.24378322351869 ], [ -114.439553101521, 46.220254087827904 ], [ -114.440879388537994, 46.168968969456593 ], [ -114.467017893695001, 46.155262656703101 ], [ -114.509613713316, 46.157417860155689 ], [ -114.518944242467001, 46.13606299180401 ], [ -114.50656862007402, 46.116142577304103 ], [ -114.477370050307997, 46.107357337472607 ], [ -114.456029635283002, 46.082229839949093 ], [ -114.465756568944002, 46.050815559612005 ], [ -114.494321057267996, 46.023410549298696 ], [ -114.474529634825998, 46.009765365311694 ], [ -114.484455392388995, 45.989806667626802 ], [ -114.412447311338994, 45.971972971639396 ], [ -114.405290583291006, 45.953978942150002 ], [ -114.429460793969994, 45.921477346829093 ], [ -114.413530119371003, 45.910651183256107 ], [ -114.392838290921006, 45.870886506194502 ], [ -114.407524995119999, 45.846453130995208 ], [ -114.443231602753002, 45.852621437970697 ], [ -114.473803290388005, 45.839468133338102 ], [ -114.499164061502, 45.842683817282008 ], [ -114.517375771565, 45.810067786837983 ], [ -114.563542391819993, 45.762398745831405 ], [ -114.541957979770004, 45.745999296479802 ], [ -114.534976763806995, 45.722996541633698 ], [ -114.497560881892994, 45.694401488926601 ], [ -114.510706674941019, 45.6740575246004 ], [ -114.501741726896, 45.652393748761497 ], [ -114.564678454403989, 45.624271459718287 ], [ -114.540957799180006, 45.59639736382799 ], [ -114.560924319275003, 45.548739978730303 ], [ -114.52739213439402, 45.558192920826002 ], [ -114.496591265687002, 45.546649633934997 ], [ -114.462708056634995, 45.547847654151006 ], [ -114.433555126227006, 45.527633562551593 ], [ -114.419051031265994, 45.499007997265295 ], [ -114.371457209724994, 45.485740775549999 ], [ -114.350246667427001, 45.463383032798909 ], [ -114.326434526268997, 45.457424687595292 ], [ -114.262238908797002, 45.485859717624599 ], [ -114.247880072363998, 45.502945777714793 ], [ -114.241997930902016, 45.535290821228507 ], [ -114.194808750712994, 45.527917345079594 ], [ -114.172667807867001, 45.543924068008302 ], [ -114.132047846114006, 45.550382684820697 ], [ -114.118139290390005, 45.571127197979798 ], [ -114.082966989620999, 45.586378721621593 ], [ -114.056515588064997, 45.625143995154502 ], [ -114.01803207670298, 45.640773170243698 ], [ -114.010990094601993, 45.652511084910792 ], [ -114.019878787099998, 45.672378037641906 ], [ -114.009472184443013, 45.686332284528198 ], [ -113.971148902975003, 45.697376128675003 ], [ -113.964144737823005, 45.679378369294689 ], [ -113.926698654154009, 45.671211358869797 ], [ -113.923532184048, 45.6551247541124 ], [ -113.902199695041006, 45.637252982155999 ], [ -113.903305711282997, 45.613491142720108 ], [ -113.852027223828003, 45.6095623761734 ], [ -113.822485348692993, 45.600636177550605 ], [ -113.803754510350004, 45.583729514849004 ], [ -113.833715013928995, 45.514908159284801 ], [ -113.780933535879015, 45.516865471306701 ], [ -113.772304329814006, 45.507054148866196 ], [ -113.769167957855004, 45.477707730371094 ], [ -113.785662415814997, 45.44563367378769 ], [ -113.775025958634004, 45.410172410085892 ], [ -113.741309973019995, 45.382386484670683 ], [ -113.739080741595998, 45.321530777230194 ], [ -113.688708928439993, 45.277788223392406 ], [ -113.690120070473995, 45.262281513052507 ], [ -113.645592633635005, 45.206790217503396 ], [ -113.600928330523004, 45.180992168493404 ], [ -113.594099211221007, 45.149742676805687 ], [ -113.571583880581997, 45.134545340189192 ], [ -113.574375962895004, 45.117711254946691 ], [ -113.552272681586004, 45.107549219159203 ], [ -113.510225673958985, 45.107835747301301 ], [ -113.520609068406998, 45.082063859331299 ], [ -113.490158809438981, 45.071218942695893 ], [ -113.486305521378014, 45.058321601822193 ], [ -113.455435390671994, 45.043348939324702 ], [ -113.458853110369006, 45.027449502561808 ], [ -113.441029412560994, 44.99819477721649 ], [ -113.448764843533993, 44.94952265459429 ], [ -113.463413782589001, 44.940775490731795 ], [ -113.487348233084006, 44.93957394784119 ], [ -113.496190923594995, 44.930670387583596 ], [ -113.445573352075996, 44.851239823763493 ], [ -113.421378845302982, 44.833699649463583 ], [ -113.350024220405999, 44.807568655892197 ], [ -113.340631060172001, 44.779000178657299 ], [ -113.318680082737998, 44.780228504236305 ], [ -113.257154238243004, 44.81048682923759 ], [ -113.240338336218997, 44.811840883220292 ], [ -113.138273914118002, 44.76143923093759 ], [ -113.127431328664017, 44.737379362862697 ], [ -113.101703266911002, 44.715173043318899 ], [ -113.098955995091998, 44.69591592774001 ], [ -113.073143958992006, 44.675525546994407 ], [ -113.054289205386993, 44.624288969008099 ], [ -113.083036872793997, 44.582681363243601 ], [ -113.039660677122995, 44.556294146893208 ], [ -113.037821115683002, 44.532959120938102 ], [ -113.007713074199998, 44.510611946210894 ], [ -113.020309122781001, 44.481776056524609 ], [ -113.006658758390003, 44.4526157181391 ], [ -113.012014519006996, 44.4377151668645 ], [ -112.985249651207994, 44.435540485093085 ], [ -112.938281259836003, 44.407192278633893 ], [ -112.887307587349994, 44.392852039849792 ], [ -112.870781114492985, 44.369978536082087 ], [ -112.844275318696006, 44.3536396974567 ], [ -112.817396533815995, 44.364202541097299 ], [ -112.818709921627004, 44.394819764483692 ], [ -112.826691421787984, 44.421084464280995 ], [ -112.796227900985997, 44.458010901630097 ], [ -112.779863160340994, 44.473921942497803 ], [ -112.733712288513004, 44.484320360117302 ], [ -112.714325870051994, 44.496935472584191 ], [ -112.653189022090004, 44.480802295995304 ], [ -112.539324365062001, 44.477497509103706 ], [ -112.501839531971001, 44.46299735124979 ], [ -112.458519699096001, 44.468834630413305 ], [ -112.420753311051001, 44.4492848738156 ], [ -112.367583665333996, 44.44927052409669 ], [ -112.340577079888007, 44.497180246670496 ], [ -112.342507402004003, 44.525100189135692 ], [ -112.282341309938005, 44.54170286573401 ], [ -112.256675568443995, 44.559971871064697 ], [ -112.230398539285005, 44.559491336794892 ], [ -112.217763637676001, 44.538495263220298 ], [ -112.199657918677005, 44.531449551229002 ], [ -112.124190571090011, 44.528252931171593 ], [ -112.099897014993005, 44.51823175056731 ], [ -112.059366933248995, 44.528611570536597 ], [ -112.027077164644993, 44.522843812394093 ], [ -112.02361318394, 44.535043197444601 ], [ -111.977818309472994, 44.529676195351087 ], [ -111.940385902070005, 44.549726637989799 ], [ -111.872502355031003, 44.556265861887695 ], [ -111.807837289355007, 44.503981858027998 ], [ -111.792608196863, 44.518462744779093 ], [ -111.766918107471, 44.518825373055201 ], [ -111.716997714713997, 44.533760633036202 ], [ -111.684862684775993, 44.550751943538401 ], [ -111.605248579245, 44.542989833485684 ], [ -111.567230838001009, 44.552866688036097 ], [ -111.490240969694995, 44.5286973062219 ], [ -111.482573091190005, 44.536143826066301 ], [ -111.459325303236994, 44.537921844307796 ], [ -111.462827411714997, 44.549942090989894 ], [ -111.492903852734003, 44.5511891178271 ], [ -111.514526444362005, 44.593196961600299 ], [ -111.501747113090005, 44.615971208828491 ], [ -111.507690694142994, 44.63768860184819 ], [ -111.470167836887001, 44.640710331468391 ], [ -111.45826549619801, 44.652555325084997 ], [ -111.460691893798, 44.670023077337802 ], [ -111.480803983243007, 44.691415969854503 ], [ -111.475425118025001, 44.702162251598807 ], [ -111.443632098354996, 44.713179623881395 ], [ -111.395084046408002, 44.708869527800488 ], [ -111.384959568548993, 44.737693916990196 ], [ -111.372309540158994, 44.745087026869996 ], [ -111.349977181387999, 44.726177568199709 ], [ -111.319221744824006, 44.727864048703509 ], [ -111.315475380300001, 44.705193046925892 ], [ -111.295668416646009, 44.682938031584996 ], [ -111.270207922758004, 44.673801974798394 ], [ -111.270665456033996, 44.642212078767493 ], [ -111.223971367049998, 44.626908129437894 ], [ -111.219797774612005, 44.617981671794901 ], [ -111.234233177416996, 44.602562199457296 ], [ -111.219507516579995, 44.573169934387309 ], [ -111.178764520233003, 44.5648508791067 ], [ -111.170241875078005, 44.545186117541505 ], [ -111.134358926494997, 44.527902425040793 ], [ -111.128918621685997, 44.50075695296519 ], [ -111.094630564064005, 44.486124435790593 ], [ -111.051560633874999, 44.473323243214082 ], [ -111.050405196579007, 43.982553375898497 ], [ -111.046771195017001, 43.51552825268589 ], [ -111.049215672225998, 43.019883107219201 ], [ -111.046780312528995, 42.503251886357397 ], [ -111.048697424615, 41.99620332490619 ], [ -112.100514467338996, 42.002300608543599 ], [ -112.147116500546005, 41.9990540493922 ], [ -114.039072649947997, 41.995390882155696 ], [ -115.024862906013993, 41.996506430340894 ], [ -115.947544652377005, 41.99459947184539 ], [ -117.018864361827013, 41.994794203229596 ], [ -117.026295236850999, 43.679031229475491 ] ] ] } },
{ "type": "Feature", "properties": { "FID": 14, "Program": "ACES", "State_Code": "IL", "State_Name": "ILLINOIS", "Flowing_St": "F", "FID_1": 932 }, "geometry": { "type": "Polygon", "coordinates": [ [ [ -88.071591483651403, 37.511038600951601 ], [ -88.087910584937802, 37.476321709492289 ], [ -88.311742473890902, 37.442903286281691 ], [ -88.359214193311303, 37.409361051416596 ], [ -88.419893559801693, 37.42034324875651 ], [ -88.467685946226197, 37.400808411722196 ], [ -88.511365195527716, 37.296905775085484 ], [ -88.501468914462507, 37.257836463645205 ], [ -88.450738979981793, 37.205724449196495 ], [ -88.422554992327605, 37.156965399396107 ], [ -88.450511042208305, 37.098727298264201 ], [ -88.476841740351801, 37.07220041822341 ], [ -88.490743250725799, 37.068237150186498 ], [ -88.517317635070697, 37.0648267348584 ], [ -88.559319003339098, 37.072871435946098 ], [ -88.614267962399197, 37.109102507674002 ], [ -88.688421196918199, 37.135465117105703 ], [ -88.739166569002506, 37.141236346118895 ], [ -88.746559834294402, 37.152161507211289 ], [ -88.863349865429299, 37.202247569285795 ], [ -88.932567780915306, 37.218459488014695 ], [ -88.993240102056205, 37.220087999798288 ], [ -89.065104064268496, 37.1859115798825 ], [ -89.116893132335306, 37.112188577911205 ], [ -89.1464197252796, 37.09323689894871 ], [ -89.169620993204802, 37.064287040375497 ], [ -89.174403956557697, 37.025762552017895 ], [ -89.150316476929902, 36.998491662362802 ], [ -89.129929877879206, 36.988165666790493 ], [ -89.193584194942005, 36.986822284439903 ], [ -89.210126209010198, 37.029023719908494 ], [ -89.237753614064701, 37.041783521057503 ], [ -89.264130417803202, 37.087174272213808 ], [ -89.284310784972902, 37.091294092057893 ], [ -89.303369387472699, 37.085434692569592 ], [ -89.309777495346594, 37.060959615118698 ], [ -89.264319606155297, 37.027783427596297 ], [ -89.262076025011396, 37.00873674002559 ], [ -89.282843435556018, 36.999257118849492 ], [ -89.311057780377297, 37.009732102839294 ], [ -89.383028717930898, 37.049263506311291 ], [ -89.380070189238893, 37.099133131109099 ], [ -89.423880761780197, 37.137253444351003 ], [ -89.440606006735806, 37.165367807376199 ], [ -89.468304020696195, 37.2243166081252 ], [ -89.465398228516193, 37.253781450654401 ], [ -89.489683599574704, 37.256051244642201 ], [ -89.513976689434998, 37.2764522452158 ], [ -89.513977414691595, 37.305012692824597 ], [ -89.5006722206154, 37.329491292950188 ], [ -89.468833665195305, 37.339459011785799 ], [ -89.435827912962694, 37.355766664379495 ], [ -89.4276653576852, 37.411068046319997 ], [ -89.453714293658095, 37.453235446534599 ], [ -89.494877783392596, 37.491775009867702 ], [ -89.525068037886001, 37.572006360529393 ], [ -89.5134636222285, 37.615978665281901 ], [ -89.519277382357998, 37.650425657695692 ], [ -89.513471289226302, 37.679890603833002 ], [ -89.521619753805197, 37.694848191354993 ], [ -89.581535373342007, 37.706155407238292 ], [ -89.666561032441194, 37.745504874923796 ], [ -89.675960460964205, 37.78402179989169 ], [ -89.691158522837299, 37.804846194879609 ], [ -89.728551144737295, 37.841043749393897 ], [ -89.851822223833594, 37.905115658818694 ], [ -89.861153219220895, 37.905539156841009 ], [ -89.866921391795302, 37.891928526148398 ], [ -89.900659704950002, 37.875956770946402 ], [ -89.937983790105207, 37.878097106639693 ], [ -89.979023157361894, 37.911937266535503 ], [ -89.958338736888095, 37.9636867563161 ], [ -90.010922116291695, 37.969370954543102 ], [ -90.042035725984121, 37.993258574186797 ], [ -90.119453547459798, 38.032325295425103 ], [ -90.1348270696149, 38.054004249847594 ], [ -90.207644226152695, 38.088958921847798 ], [ -90.254177152770296, 38.122223487061291 ], [ -90.289753369635704, 38.166870798447697 ], [ -90.336835367267497, 38.18876727803179 ], [ -90.364888964153707, 38.234353175004699 ], [ -90.369465954646301, 38.32361308907111 ], [ -90.358807014512394, 38.365383773951692 ], [ -90.339725100194798, 38.39090011259529 ], [ -90.301958090501898, 38.427410200879393 ], [ -90.261344552450396, 38.532820801299977 ], [ -90.241057106331098, 38.562857301404399 ], [ -90.183818978572006, 38.610322648927898 ], [ -90.1836888986292, 38.658822212294702 ], [ -90.202350682186506, 38.700413655198986 ], [ -90.196681662543114, 38.724014902112692 ], [ -90.163507650790294, 38.773147355429302 ], [ -90.135285587167701, 38.785533338629698 ], [ -90.121834512916195, 38.800559152071699 ], [ -90.113228307844906, 38.830515563131108 ], [ -90.132920473747603, 38.853079434155205 ], [ -90.244038584212802, 38.914557100893092 ], [ -90.279043091698696, 38.924765294079798 ], [ -90.319853692316102, 38.924956191965094 ], [ -90.413186025530706, 38.962378238559495 ], [ -90.469957657913895, 38.959227568685201 ], [ -90.530545124038994, 38.891659093814816 ], [ -90.570448376905603, 38.871376879903501 ], [ -90.627334858844804, 38.880845207798991 ], [ -90.668999759877494, 38.935303427193709 ], [ -90.706193609677598, 39.037841700843785 ], [ -90.707711934269298, 39.058227263813691 ], [ -90.690522473316307, 39.093749345457695 ], [ -90.716859957789197, 39.144259475399103 ], [ -90.718317257222907, 39.195921519961203 ], [ -90.732462453797893, 39.224794760359998 ], [ -90.738207521771599, 39.247858229540398 ], [ -90.779469128356098, 39.296850242106103 ], [ -90.850623893268803, 39.350499748641099 ], [ -91.036474925454399, 39.444458496300399 ], [ -91.064521528796305, 39.47403000334679 ], [ -91.093750714749405, 39.528973160354603 ], [ -91.156329476345903, 39.552639421337801 ], [ -91.203389353652796, 39.60006746995299 ], [ -91.367236982716918, 39.724685505878703 ], [ -91.381863127994805, 39.803817782039687 ], [ -91.449340375951707, 39.863094243338097 ], [ -91.451140980753905, 39.885288181716589 ], [ -91.434203028412796, 39.901874591846401 ], [ -91.430540793648703, 39.921882710584995 ], [ -91.487443283036299, 40.005798468139297 ], [ -91.504160187541899, 40.066757110206197 ], [ -91.516284042302502, 40.134589837481798 ], [ -91.499087173371805, 40.251422451537103 ], [ -91.486849453331999, 40.309668426883007 ], [ -91.448747167896002, 40.371946621442405 ], [ -91.418968600103597, 40.386919283939896 ], [ -91.385909178886607, 40.392404865479598 ], [ -91.372908333542398, 40.403032567777693 ], [ -91.38555116117, 40.447294042678287 ], [ -91.374946459865797, 40.503697607361801 ], [ -91.382255647201305, 40.528538317723097 ], [ -91.413025951524403, 40.548034560748007 ], [ -91.411271089688398, 40.573012603617798 ], [ -91.375762736115007, 40.603480268742295 ], [ -91.262211130897199, 40.639586958971393 ], [ -91.215059974872304, 40.643859445319691 ], [ -91.162644388753293, 40.65635235205761 ], [ -91.129303049953194, 40.682188995076899 ], [ -91.120132439871995, 40.705443103122398 ], [ -91.092895171038904, 40.761587129568291 ], [ -91.089050275231799, 40.833767510853392 ], [ -91.049353668677895, 40.879623358675786 ], [ -90.983418989603294, 40.923964974425495 ], [ -90.960850922451797, 40.950541586344102 ], [ -90.954793890552907, 41.070397328728703 ], [ -90.957929899884405, 41.104393263370987 ], [ -90.990485475013898, 41.144404631268493 ], [ -91.018402257433195, 41.165857720079003 ], [ -91.056466363291904, 41.176290276560493 ], [ -91.101672018615503, 41.231551976606703 ], [ -91.102496479902996, 41.267848166012101 ], [ -91.073428974356204, 41.334925383176611 ], [ -91.055935527300093, 41.401407320123901 ], [ -91.027637777975599, 41.423536451649099 ], [ -91.000842760226803, 41.431112740612207 ], [ -90.949800654604402, 41.421263860243094 ], [ -90.844283804098694, 41.444652555182998 ], [ -90.780042702681214, 41.449852541053289 ], [ -90.7083546151825, 41.450093637052902 ], [ -90.658929728063512, 41.46235067999919 ], [ -90.600837817930611, 41.509618809544605 ], [ -90.540975452946597, 41.526003442940898 ], [ -90.455126161424516, 41.527579529036686 ], [ -90.435098357150494, 41.543612568417302 ], [ -90.423135250324194, 41.567305404872791 ], [ -90.348494280774403, 41.586882410395184 ], [ -90.339476285393303, 41.602831475427898 ], [ -90.341262385065406, 41.649122269965289 ], [ -90.326157000618196, 41.722767928505895 ], [ -90.305015875733105, 41.756497072345098 ], [ -90.255438736542402, 41.781769051334692 ], [ -90.195965678914106, 41.806166992570894 ], [ -90.154644860312501, 41.930802123829586 ], [ -90.142796758453514, 41.983989538332793 ], [ -90.150663046429315, 42.033453226677608 ], [ -90.168226273526116, 42.061066748249495 ], [ -90.166776744699206, 42.103766901205702 ], [ -90.176214456407294, 42.120524212861703 ], [ -90.191702413685206, 42.122709928893507 ], [ -90.231063122847402, 42.159741476638693 ], [ -90.3237299813714, 42.197337429393393 ], [ -90.367858268086394, 42.210226688836883 ], [ -90.407301760103095, 42.242661767771089 ], [ -90.418112434269204, 42.263939137279891 ], [ -90.427809114369893, 42.340644964037899 ], [ -90.441725078071002, 42.360083652774996 ], [ -90.491171153042899, 42.388791482875995 ], [ -90.5637116760102, 42.421843703331909 ], [ -90.605955383574695, 42.460564580803002 ], [ -90.648473756155894, 42.475647016060094 ], [ -90.651899091048193, 42.494700593567998 ], [ -90.638456098226897, 42.509363675125797 ], [ -89.400613184684502, 42.497501948804505 ], [ -89.359558897865298, 42.497917831632996 ], [ -88.939187042054002, 42.490879786639496 ], [ -88.765057865283495, 42.490922369559897 ], [ -88.706623116017795, 42.489671457419803 ], [ -88.297989278481793, 42.491988652103593 ], [ -88.194790244308606, 42.489631568309399 ], [ -87.7973819794897, 42.489152847180996 ], [ -87.837014918879106, 42.3142352647343 ], [ -87.760302409399998, 42.156482018281402 ], [ -87.670605890889306, 42.059851943524798 ], [ -87.612676023792005, 41.847365398227907 ], [ -87.529906327002095, 41.7236260624191 ], [ -87.532686183562106, 41.469750368991896 ], [ -87.532696129937804, 40.745447891906799 ], [ -87.537190855615194, 40.494646198375705 ], [ -87.535695324800798, 40.483282205265198 ], [ -87.535356889011197, 40.166231692964203 ], [ -87.535597725990499, 39.609376137798883 ], [ -87.540237710194518, 39.350562379724906 ], [ -87.597688597143303, 39.338305751210903 ], [ -87.625262022388696, 39.307441370752308 ], [ -87.610643699520907, 39.297698895880096 ], [ -87.615824207072507, 39.281456101943796 ], [ -87.606920491402803, 39.258202149310399 ], [ -87.584588650671307, 39.248791531114897 ], [ -87.588616932777796, 39.208505135572096 ], [ -87.594232283436298, 39.198167432286901 ], [ -87.607950252098604, 39.196107444658708 ], [ -87.670352413724402, 39.146719079387303 ], [ -87.659480144556198, 39.130693810612598 ], [ -87.662287768081399, 39.113508908415106 ], [ -87.631693131256199, 39.103983855096502 ], [ -87.630891929982297, 39.0890152333141 ], [ -87.612031633345396, 39.084647531141293 ], [ -87.585343280113804, 39.062476904580585 ], [ -87.581772427675602, 38.995785575705789 ], [ -87.591881571538906, 38.994126188714695 ], [ -87.54792760541622, 38.977120632101801 ], [ -87.5334924098279, 38.963746538652991 ], [ -87.530203941208597, 38.931962999122803 ], [ -87.5392219365893, 38.904905749326304 ], [ -87.559081636754897, 38.8698568457785 ], [ -87.507909451189605, 38.795604924564401 ], [ -87.519048614769005, 38.776745353184104 ], [ -87.508023730900717, 38.769768333349091 ], [ -87.508336523690815, 38.736680005477602 ], [ -87.543913724832805, 38.68602104253101 ], [ -87.588501357965797, 38.672215784062196 ], [ -87.625215191537009, 38.642858020482514 ], [ -87.628671505244114, 38.6229643886711 ], [ -87.619851712118205, 38.599256114611897 ], [ -87.640619588899199, 38.593225140145009 ], [ -87.652880413540302, 38.573919017944789 ], [ -87.672969294776394, 38.547471812516697 ], [ -87.651415706129399, 38.515416923427892 ], [ -87.653559668105501, 38.500490055701299 ], [ -87.679935228546995, 38.504052982121394 ], [ -87.692844484349806, 38.48158044161891 ], [ -87.756124413619702, 38.466172832406301 ], [ -87.758687936511095, 38.457143336528901 ], [ -87.738980643829507, 38.445527368570602 ], [ -87.748456586918806, 38.418011653025097 ], [ -87.784048344995995, 38.378170824025503 ], [ -87.834532987349803, 38.352570511033996 ], [ -87.850112275149101, 38.286144574253299 ], [ -87.863036709535507, 38.28540843885289 ], [ -87.874069156793496, 38.316834375098992 ], [ -87.883476355922497, 38.315598486130199 ], [ -87.888496529972002, 38.30070575726549 ], [ -87.914139374079795, 38.281094405664994 ], [ -87.913681685391396, 38.302392082357201 ], [ -87.925950021618306, 38.304818376348202 ], [ -87.986039858139705, 38.23486044015889 ], [ -87.977959878501096, 38.200760586613292 ], [ -87.932319483678796, 38.171177009225708 ], [ -87.932021765864206, 38.157573682902594 ], [ -87.950599575073994, 38.136959146078389 ], [ -87.9735340521962, 38.131805680235509 ], [ -88.018579166801302, 38.103348219057196 ], [ -88.0123608689279, 38.092392338169311 ], [ -87.964896971917398, 38.096794127400003 ], [ -87.975326420156506, 38.073352799556091 ], [ -88.034761401815615, 38.054130755311903 ], [ -88.043123454449002, 38.0451661698959 ], [ -88.041505925121598, 38.038349276346693 ], [ -88.021729681263594, 38.033577036429897 ], [ -88.029244737852196, 38.008281693818702 ], [ -88.021736985633197, 37.975101258365093 ], [ -88.042543145599197, 37.956310016512901 ], [ -88.041802969483697, 37.934543254243501 ], [ -88.064653886690394, 37.929828361398492 ], [ -88.078974906175802, 37.944045824609098 ], [ -88.084033311606305, 37.9237057973899 ], [ -88.030472856215098, 37.917636384325696 ], [ -88.026619827174102, 37.905803098421899 ], [ -88.044900540217697, 37.896048967641001 ], [ -88.100116652709303, 37.906215406771807 ], [ -88.101489925990606, 37.895351167229791 ], [ -88.075770152884317, 37.867854567374813 ], [ -88.034272268075199, 37.843791124821195 ], [ -88.042168913218305, 37.827567187555296 ], [ -88.089297430877494, 37.83129448819259 ], [ -88.086062424026906, 37.817656867595304 ], [ -88.035607361779597, 37.805727899630803 ], [ -88.072503960001995, 37.735446188194892 ], [ -88.133670284462895, 37.700790788130604 ], [ -88.159404407288307, 37.660733521854191 ], [ -88.157664205995601, 37.628526536105696 ], [ -88.134202052927705, 37.583620411738295 ], [ -88.071591483651403, 37.511038600951601 ] ] ] } },
{ "type": "Feature", "properties": { "FID": 15, "Program": "IN-FRS", "State_Code": "IN", "State_Name": "INDIANA", "Flowing_St": "F", "FID_1": 933 }, "geometry": { "type": "Polygon", "coordinates": [ [ [ -86.341605895748714, 38.177288124541604 ], [ -86.364349941221903, 38.193290236910798 ], [ -86.388306926474399, 38.194808043462103 ], [ -86.387101032044498, 38.168021469771709 ], [ -86.343123909516194, 38.15555980086959 ], [ -86.335417851434201, 38.1440282734956 ], [ -86.344039131480883, 38.1342702056075 ], [ -86.393677088614311, 38.123294431968603 ], [ -86.407181262005906, 38.108218575824594 ], [ -86.4525241980338, 38.1297552763547 ], [ -86.46484599602951, 38.129156162638601 ], [ -86.474336910486102, 38.111707629684496 ], [ -86.442521200647406, 38.088698192117306 ], [ -86.442467583466495, 38.075995375411708 ], [ -86.458367382857801, 38.059160875736893 ], [ -86.503114727844405, 38.051648771978499 ], [ -86.519091249018004, 38.0470478998242 ], [ -86.527834372165401, 38.018693217860097 ], [ -86.530847864943397, 37.98747729518999 ], [ -86.516901026034702, 37.942242059759984 ], [ -86.522737787157808, 37.927871671025002 ], [ -86.541087192357693, 37.92151583342681 ], [ -86.581783927696804, 37.925665388789497 ], [ -86.5983098307087, 37.921072028220998 ], [ -86.614782479167999, 37.857975485250599 ], [ -86.645568221094706, 37.846000359887007 ], [ -86.665924152154105, 37.847380885733799 ], [ -86.670669816598505, 37.860640854883599 ], [ -86.660308646083394, 37.902572857543106 ], [ -86.6686555201332, 37.913196778146194 ], [ -86.689125938119702, 37.911853551207706 ], [ -86.728876576286595, 37.894621455530292 ], [ -86.753825608894402, 37.898359375995589 ], [ -86.802815497494393, 37.978799859564603 ], [ -86.826307178864695, 37.991559712517514 ], [ -86.863272676459616, 37.986920246353897 ], [ -86.900077892356506, 37.953696968959697 ], [ -86.931572935191099, 37.938040700357796 ], [ -86.989031540941696, 37.9306161454261 ], [ -87.013156371281994, 37.9247639466994 ], [ -87.036480000348405, 37.908005443550401 ], [ -87.071308322296403, 37.807136140638697 ], [ -87.106427057689402, 37.784251188178303 ], [ -87.131879418344312, 37.78973635528569 ], [ -87.158079881132608, 37.826967503994794 ], [ -87.175780699758803, 37.8386401973763 ], [ -87.226761832026597, 37.849118341412407 ], [ -87.272745946650716, 37.870819416159698 ], [ -87.310558906526495, 37.893718407514903 ], [ -87.387550639778098, 37.9349692388598 ], [ -87.452288386521801, 37.936520769840904 ], [ -87.504802970161009, 37.915627009244098 ], [ -87.604325730675598, 37.971157313234897 ], [ -87.627137587636398, 37.923454651406594 ], [ -87.594718360738298, 37.890766665151908 ], [ -87.593634464821207, 37.864910699225902 ], [ -87.607588763511401, 37.843819306218698 ], [ -87.651695862374694, 37.828175159761997 ], [ -87.684717414839298, 37.836372838178299 ], [ -87.679720967039998, 37.897049355446498 ], [ -87.709408152506398, 37.899753940737185 ], [ -87.728200016007094, 37.894584985486503 ], [ -87.753782456605009, 37.8981288480202 ], [ -87.823647197327404, 37.878255005351782 ], [ -87.857187411834801, 37.890946891405093 ], [ -87.899036424423102, 37.924596930476206 ], [ -87.921894905019499, 37.919908923927593 ], [ -87.934483804642397, 37.904203907724593 ], [ -87.9368488662587, 37.8752235365722 ], [ -87.910228635338797, 37.8386134664919 ], [ -87.920169985918406, 37.809728570184191 ], [ -87.939610435992805, 37.799551044988803 ], [ -87.958738041473097, 37.776224255875995 ], [ -88.011222889593697, 37.801352271439995 ], [ -88.035607361779597, 37.805727899630803 ], [ -88.086062424026906, 37.817656867595304 ], [ -88.089297430877494, 37.83129448819259 ], [ -88.042168913218305, 37.827567187555296 ], [ -88.034272268075199, 37.843791124821195 ], [ -88.075770152884317, 37.867854567374813 ], [ -88.101489925990606, 37.895351167229791 ], [ -88.100116652709303, 37.906215406771807 ], [ -88.044900540217697, 37.896048967641001 ], [ -88.026619827174102, 37.905803098421899 ], [ -88.030472856215098, 37.917636384325696 ], [ -88.084033311606305, 37.9237057973899 ], [ -88.078974906175802, 37.944045824609098 ], [ -88.064653886690394, 37.929828361398492 ], [ -88.041802969483697, 37.934543254243501 ], [ -88.042543145599197, 37.956310016512901 ], [ -88.021736985633197, 37.975101258365093 ], [ -88.029244737852196, 38.008281693818702 ], [ -88.021729681263594, 38.033577036429897 ], [ -88.041505925121598, 38.038349276346693 ], [ -88.043123454449002, 38.0451661698959 ], [ -88.034761401815615, 38.054130755311903 ], [ -87.975326420156506, 38.073352799556091 ], [ -87.964896971917398, 38.096794127400003 ], [ -88.0123608689279, 38.092392338169311 ], [ -88.018579166801302, 38.103348219057196 ], [ -87.9735340521962, 38.131805680235509 ], [ -87.950599575073994, 38.136959146078389 ], [ -87.932021765864206, 38.157573682902594 ], [ -87.932319483678796, 38.171177009225708 ], [ -87.977959878501096, 38.200760586613292 ], [ -87.986039858139705, 38.23486044015889 ], [ -87.925950021618306, 38.304818376348202 ], [ -87.913681685391396, 38.302392082357201 ], [ -87.914139374079795, 38.281094405664994 ], [ -87.888496529972002, 38.30070575726549 ], [ -87.883476355922497, 38.315598486130199 ], [ -87.874069156793496, 38.316834375098992 ], [ -87.863036709535507, 38.28540843885289 ], [ -87.850112275149101, 38.286144574253299 ], [ -87.834532987349803, 38.352570511033996 ], [ -87.784048344995995, 38.378170824025503 ], [ -87.748456586918806, 38.418011653025097 ], [ -87.738980643829507, 38.445527368570602 ], [ -87.758687936511095, 38.457143336528901 ], [ -87.756124413619702, 38.466172832406301 ], [ -87.692844484349806, 38.48158044161891 ], [ -87.679935228546995, 38.504052982121394 ], [ -87.653559668105501, 38.500490055701299 ], [ -87.651415706129399, 38.515416923427892 ], [ -87.672969294776394, 38.547471812516697 ], [ -87.652880413540302, 38.573919017944789 ], [ -87.640619588899199, 38.593225140145009 ], [ -87.619851712118205, 38.599256114611897 ], [ -87.628671505244114, 38.6229643886711 ], [ -87.625215191537009, 38.642858020482514 ], [ -87.588501357965797, 38.672215784062196 ], [ -87.543913724832805, 38.68602104253101 ], [ -87.508336523690815, 38.736680005477602 ], [ -87.508023730900717, 38.769768333349091 ], [ -87.519048614769005, 38.776745353184104 ], [ -87.507909451189605, 38.795604924564401 ], [ -87.559081636754897, 38.8698568457785 ], [ -87.5392219365893, 38.904905749326304 ], [ -87.530203941208597, 38.931962999122803 ], [ -87.5334924098279, 38.963746538652991 ], [ -87.54792760541622, 38.977120632101801 ], [ -87.591881571538906, 38.994126188714695 ], [ -87.581772427675602, 38.995785575705789 ], [ -87.585343280113804, 39.062476904580585 ], [ -87.612031633345396, 39.084647531141293 ], [ -87.630891929982297, 39.0890152333141 ], [ -87.631693131256199, 39.103983855096502 ], [ -87.662287768081399, 39.113508908415106 ], [ -87.659480144556198, 39.130693810612598 ], [ -87.670352413724402, 39.146719079387303 ], [ -87.607950252098604, 39.196107444658708 ], [ -87.594232283436298, 39.198167432286901 ], [ -87.588616932777796, 39.208505135572096 ], [ -87.584588650671307, 39.248791531114897 ], [ -87.606920491402803, 39.258202149310399 ], [ -87.615824207072507, 39.281456101943796 ], [ -87.610643699520907, 39.297698895880096 ], [ -87.625262022388696, 39.307441370752308 ], [ -87.597688597143303, 39.338305751210903 ], [ -87.540237710194518, 39.350562379724906 ], [ -87.535597725990499, 39.609376137798883 ], [ -87.535356889011197, 40.166231692964203 ], [ -87.535695324800798, 40.483282205265198 ], [ -87.537190855615194, 40.494646198375705 ], [ -87.532696129937804, 40.745447891906799 ], [ -87.532686183562106, 41.469750368991896 ], [ -87.529906327002095, 41.7236260624191 ], [ -87.463710866392901, 41.671624545986496 ], [ -87.41930698218772, 41.676366376932094 ], [ -87.441974046858306, 41.658112964617203 ], [ -87.394746687091995, 41.634191206111595 ], [ -87.233854530281704, 41.626188725315899 ], [ -86.942459916706497, 41.716503473233203 ], [ -86.8348296168042, 41.765504758721896 ], [ -85.659458852145093, 41.762627510567683 ], [ -84.788477796157395, 41.760959472302005 ], [ -84.790377450283401, 41.697494758023502 ], [ -84.791897225388297, 41.42789943965419 ], [ -84.790527112153399, 40.988341232582002 ], [ -84.794556274928397, 40.353050735430493 ], [ -84.806149759933604, 39.917166522638993 ], [ -84.811036797601716, 39.564050659732288 ], [ -84.811480602807507, 39.102585508659999 ], [ -84.827861350900903, 39.103687743207097 ], [ -84.886707942280097, 39.065044986227491 ], [ -84.889996100074995, 39.0506485918647 ], [ -84.876293154584104, 39.032895451158595 ], [ -84.844225677113798, 39.005831000600601 ], [ -84.834444401016, 38.982775509242295 ], [ -84.846315866496795, 38.954631099874199 ], [ -84.875880172781805, 38.927604155440804 ], [ -84.875254379985407, 38.909431298407299 ], [ -84.859743525322202, 38.902042540066788 ], [ -84.803224023198496, 38.897190884557595 ], [ -84.788666880901303, 38.884385288637795 ], [ -84.787446118712012, 38.86664349301639 ], [ -84.824426173241903, 38.834462927327905 ], [ -84.818780206396099, 38.79340998741359 ], [ -84.975611185534902, 38.780641016949595 ], [ -85.068454644029202, 38.750424601416299 ], [ -85.119657083153513, 38.714139342663202 ], [ -85.160933194869699, 38.695176525832302 ], [ -85.205161826009302, 38.69581703097591 ], [ -85.271393912074501, 38.744376738832507 ], [ -85.335009220695696, 38.73700642273009 ], [ -85.418186615275999, 38.738417150331998 ], [ -85.446690596481702, 38.724840658501293 ], [ -85.453679272225699, 38.694674544690301 ], [ -85.417461721352197, 38.56147563586859 ], [ -85.432369784212497, 38.537016099629597 ], [ -85.466382140735405, 38.518175384919601 ], [ -85.507200045722698, 38.471419545520192 ], [ -85.612640278053902, 38.446670372896691 ], [ -85.643592984399703, 38.383687954225202 ], [ -85.654228250087399, 38.337752846222507 ], [ -85.681389004354799, 38.300953691398298 ], [ -85.746925983818699, 38.270315072943603 ], [ -85.786210800063103, 38.282391578812501 ], [ -85.806551293518694, 38.2861792311557 ], [ -85.839907707294302, 38.276291497756901 ], [ -85.85233575537481, 38.238561061715792 ], [ -85.912074567725, 38.18000146471509 ], [ -85.914751127030499, 38.064874861286498 ], [ -85.930871922454003, 38.034048867621102 ], [ -85.958582110363494, 38.0118406313278 ], [ -86.006663304307907, 38.001767076839599 ], [ -86.0316197966972, 37.99295065097639 ], [ -86.052715696655895, 37.966784482462202 ], [ -86.104986594093404, 38.0113361635918 ], [ -86.190621675912496, 38.0177584139686 ], [ -86.252154928384797, 38.04072148692039 ], [ -86.277698982189506, 38.058172972704902 ], [ -86.291440055453521, 38.078489532694199 ], [ -86.297674308971096, 38.150304073852801 ], [ -86.341605895748714, 38.177288124541604 ] ] ] } },
{ "type": "Feature", "properties": { "FID": 16, "Program": "IDNR_EFD", "State_Code": "IA", "State_Name": "IOWA", "Flowing_St": "F", "FID_1": 934 }, "geometry": { "type": "Polygon", "coordinates": [ [ [ -91.120132439871995, 40.705443103122398 ], [ -91.129303049953194, 40.682188995076899 ], [ -91.162644388753293, 40.65635235205761 ], [ -91.215059974872304, 40.643859445319691 ], [ -91.262211130897199, 40.639586958971393 ], [ -91.375762736115007, 40.603480268742295 ], [ -91.411271089688398, 40.573012603617798 ], [ -91.413025951524403, 40.548034560748007 ], [ -91.382255647201305, 40.528538317723097 ], [ -91.374946459865797, 40.503697607361801 ], [ -91.38555116117, 40.447294042678287 ], [ -91.372908333542398, 40.403032567777693 ], [ -91.385909178886607, 40.392404865479598 ], [ -91.418968600103597, 40.386919283939896 ], [ -91.448747167896002, 40.371946621442405 ], [ -91.477038182695395, 40.391012165683485 ], [ -91.490313848469398, 40.390806089214593 ], [ -91.500377508385697, 40.405160625913503 ], [ -91.527691758021902, 40.410168885033997 ], [ -91.529606953359902, 40.435086161765391 ], [ -91.538846514617106, 40.441288659406908 ], [ -91.533208266573297, 40.455441108548001 ], [ -91.579383071866303, 40.463760215632718 ], [ -91.586028649457702, 40.484519441139 ], [ -91.616860186154895, 40.504873818077193 ], [ -91.622536510167805, 40.532903326085794 ], [ -91.692080894710301, 40.55167762801721 ], [ -91.689959778315412, 40.581202511428103 ], [ -91.716976413745201, 40.593435465496007 ], [ -91.7417117546903, 40.609784354105102 ], [ -91.946370191588002, 40.60826659935779 ], [ -92.193174426416206, 40.600088710084592 ], [ -92.361513103070706, 40.599576264526497 ], [ -92.717815432443203, 40.589667187863583 ], [ -93.370271353473996, 40.580491138358497 ], [ -93.562910476162003, 40.580813877524193 ], [ -94.238391790404094, 40.570966136843893 ], [ -94.920615866614099, 40.577218314559182 ], [ -95.767479603847306, 40.58904797418019 ], [ -95.757546282894097, 40.62090440199389 ], [ -95.767999250167094, 40.643117300650793 ], [ -95.876616106195897, 40.730436272771691 ], [ -95.851790419005795, 40.792600032208 ], [ -95.846435642665597, 40.848332216540399 ], [ -95.834396539314099, 40.870300807347292 ], [ -95.8365411229382, 40.901108047950402 ], [ -95.837603209354995, 40.974258045441594 ], [ -95.860897051098505, 41.002650544354509 ], [ -95.859539474441206, 41.035002840433698 ], [ -95.878804723253594, 41.065871261607292 ], [ -95.858274108973802, 41.109187001964095 ], [ -95.876685264589014, 41.164202425607009 ], [ -95.859800981232098, 41.166865049625791 ], [ -95.859198448449007, 41.180536860888992 ], [ -95.916100264383999, 41.194063828057992 ], [ -95.9222499737091, 41.20785395974741 ], [ -95.910981300031594, 41.225245093825798 ], [ -95.930230593200605, 41.30205675623629 ], [ -95.911202296064005, 41.308469060237499 ], [ -95.897591354546904, 41.286863045902599 ], [ -95.889107096184205, 41.301389053972102 ], [ -95.942895178524793, 41.340077139486191 ], [ -95.935065775025095, 41.462381399794594 ], [ -95.953185740133904, 41.4723871945992 ], [ -96.006897359712696, 41.481954520014 ], [ -96.013450985133602, 41.492994064425503 ], [ -95.996688648485204, 41.511517738414099 ], [ -95.993964895700003, 41.528103630503601 ], [ -96.004592753409995, 41.536663678175685 ], [ -96.050172019466103, 41.524335145655002 ], [ -96.085840292109197, 41.537522433737401 ], [ -96.091936228841902, 41.5631451778779 ], [ -96.080835141231901, 41.576000298459505 ], [ -96.111307624131598, 41.5990063169601 ], [ -96.099306078707897, 41.654680377160297 ], [ -96.120264438941803, 41.684094866163193 ], [ -96.122202324449205, 41.694913051914192 ], [ -96.085557338445994, 41.70498727985489 ], [ -96.099771175373604, 41.731563684557401 ], [ -96.099320998271295, 41.75297507111609 ], [ -96.076417137336094, 41.791469098698485 ], [ -96.135623559573901, 41.86262080717259 ], [ -96.159970214810897, 41.904151380330497 ], [ -96.145870761202005, 41.92490708316209 ], [ -96.147328423263204, 41.966254477236596 ], [ -96.185217690489907, 41.980685476697694 ], [ -96.202842512589896, 41.996615633256098 ], [ -96.236092883496397, 42.001258104054003 ], [ -96.238725461172706, 42.028438181227997 ], [ -96.265483128209098, 42.0488969433056 ], [ -96.285122972031701, 42.123452695210908 ], [ -96.352165739509502, 42.168185431458291 ], [ -96.363511860226595, 42.214042470773592 ], [ -96.337708423596297, 42.229522294817194 ], [ -96.332657840576204, 42.2603071560752 ], [ -96.342881574974299, 42.282081688950399 ], [ -96.368700345600402, 42.298023708633799 ], [ -96.389780859759, 42.328789661417396 ], [ -96.424175167464796, 42.349278884270198 ], [ -96.411761469102998, 42.380917994138493 ], [ -96.417628328373098, 42.414777476940998 ], [ -96.397890264092098, 42.441793076289798 ], [ -96.396074221685197, 42.467401263495198 ], [ -96.439394728013696, 42.489240862243904 ], [ -96.480243249189101, 42.517130292129998 ], [ -96.489337500115695, 42.5640279709894 ], [ -96.500942019380901, 42.573885191808891 ], [ -96.488498171068898, 42.580480674893494 ], [ -96.512843997441195, 42.629755071278097 ], [ -96.541165110387595, 42.662405344192194 ], [ -96.563039262431005, 42.668513040441397 ], [ -96.626540757577303, 42.708354698305691 ], [ -96.640709214166193, 42.748603794939996 ], [ -96.632980569522999, 42.776835597722695 ], [ -96.600875067887699, 42.799558610755803 ], [ -96.587645455905104, 42.835381414848889 ], [ -96.5731261305571, 42.834347406221802 ], [ -96.556211179208702, 42.84666065655091 ], [ -96.537511112466007, 42.8969064304789 ], [ -96.5442634581823, 42.913866347733098 ], [ -96.514935067493198, 42.952382081208 ], [ -96.517147825233494, 42.986458104895391 ], [ -96.499019985909712, 43.012050129240492 ], [ -96.520010361040306, 43.051508644429092 ], [ -96.479573267546499, 43.061884061055089 ], [ -96.462093962993094, 43.075582188770397 ], [ -96.460804819471306, 43.087872852538304 ], [ -96.451505113725105, 43.126308755988489 ], [ -96.473114547125803, 43.209082130865184 ], [ -96.4872451867666, 43.217909280164484 ], [ -96.558605769128206, 43.22548924721459 ], [ -96.5669910817751, 43.23963377033769 ], [ -96.559567770140205, 43.253263309504696 ], [ -96.570722474931401, 43.263612306070605 ], [ -96.579130840375996, 43.290074016629788 ], [ -96.540563251057193, 43.307659156835904 ], [ -96.522893877483114, 43.35696634517749 ], [ -96.525053536083604, 43.384225268099499 ], [ -96.557708730380696, 43.400727237645086 ], [ -96.589112960734099, 43.435539137712595 ], [ -96.583795897734802, 43.481920537515094 ], [ -96.598315430299806, 43.499849086698596 ], [ -96.061039522662298, 43.498533678529292 ], [ -95.464775339598802, 43.4995410080761 ], [ -94.45523826726712, 43.498102099076803 ], [ -94.246787412054402, 43.498948473473092 ], [ -93.500830224837202, 43.500488503957399 ], [ -92.453169109373803, 43.499461903307889 ], [ -92.077532528207996, 43.499153513861103 ], [ -91.730366152013701, 43.499571779675492 ], [ -91.223566767992395, 43.500808652921101 ], [ -91.235903485551106, 43.464684245710487 ], [ -91.210916584191096, 43.424051073927693 ], [ -91.198243606611413, 43.370512997881491 ], [ -91.177048709133999, 43.353946169678501 ], [ -91.078498051418805, 43.313297819312091 ], [ -91.066427917447399, 43.280682876752991 ], [ -91.069052310084501, 43.257898216912899 ], [ -91.161354053738506, 43.147575920101396 ], [ -91.168571547924699, 43.082887905235694 ], [ -91.159751806603495, 43.081182775277703 ], [ -91.152213800824597, 43.001316435877797 ], [ -91.139121728567403, 42.925893691568596 ], [ -91.093428700841102, 42.871440289949589 ], [ -91.082030309848093, 42.783364875244892 ], [ -91.066168690033706, 42.744913845015198 ], [ -90.999182129938404, 42.707058768455191 ], [ -90.9194089342013, 42.680677405961191 ], [ -90.892545690532202, 42.678240077709802 ], [ -90.745610059986006, 42.657001405818498 ], [ -90.694791126165995, 42.637928764424103 ], [ -90.664380652700999, 42.571391811586906 ], [ -90.639219016315096, 42.555714096112702 ], [ -90.625707434946193, 42.528562303944192 ], [ -90.638456098226897, 42.509363675125797 ], [ -90.651899091048193, 42.494700593567998 ], [ -90.648473756155894, 42.475647016060094 ], [ -90.605955383574695, 42.460564580803002 ], [ -90.5637116760102, 42.421843703331909 ], [ -90.491171153042899, 42.388791482875995 ], [ -90.441725078071002, 42.360083652774996 ], [ -90.427809114369893, 42.340644964037899 ], [ -90.418112434269204, 42.263939137279891 ], [ -90.407301760103095, 42.242661767771089 ], [ -90.367858268086394, 42.210226688836883 ], [ -90.3237299813714, 42.197337429393393 ], [ -90.231063122847402, 42.159741476638693 ], [ -90.191702413685206, 42.122709928893507 ], [ -90.176214456407294, 42.120524212861703 ], [ -90.166776744699206, 42.103766901205702 ], [ -90.168226273526116, 42.061066748249495 ], [ -90.150663046429315, 42.033453226677608 ], [ -90.142796758453514, 41.983989538332793 ], [ -90.154644860312501, 41.930802123829586 ], [ -90.195965678914106, 41.806166992570894 ], [ -90.255438736542402, 41.781769051334692 ], [ -90.305015875733105, 41.756497072345098 ], [ -90.326157000618196, 41.722767928505895 ], [ -90.341262385065406, 41.649122269965289 ], [ -90.339476285393303, 41.602831475427898 ], [ -90.348494280774403, 41.586882410395184 ], [ -90.423135250324194, 41.567305404872791 ], [ -90.435098357150494, 41.543612568417302 ], [ -90.455126161424516, 41.527579529036686 ], [ -90.540975452946597, 41.526003442940898 ], [ -90.600837817930611, 41.509618809544605 ], [ -90.658929728063512, 41.46235067999919 ], [ -90.7083546151825, 41.450093637052902 ], [ -90.780042702681214, 41.449852541053289 ], [ -90.844283804098694, 41.444652555182998 ], [ -90.949800654604402, 41.421263860243094 ], [ -91.000842760226803, 41.431112740612207 ], [ -91.027637777975599, 41.423536451649099 ], [ -91.055935527300093, 41.401407320123901 ], [ -91.073428974356204, 41.334925383176611 ], [ -91.102496479902996, 41.267848166012101 ], [ -91.101672018615503, 41.231551976606703 ], [ -91.056466363291904, 41.176290276560493 ], [ -91.018402257433195, 41.165857720079003 ], [ -90.990485475013898, 41.144404631268493 ], [ -90.957929899884405, 41.104393263370987 ], [ -90.954793890552907, 41.070397328728703 ], [ -90.960850922451797, 40.950541586344102 ], [ -90.983418989603294, 40.923964974425495 ], [ -91.049353668677895, 40.879623358675786 ], [ -91.089050275231799, 40.833767510853392 ], [ -91.092895171038904, 40.761587129568291 ], [ -91.120132439871995, 40.705443103122398 ] ] ] } },
{ "type": "Feature", "properties": { "FID": 17, "Program": "KS-FP", "State_Code": "KS", "State_Name": "KANSAS", "Flowing_St": "F", "FID_1": 935 }, "geometry": { "type": "Polygon", "coordinates": [ [ [ -95.071931114261702, 37.001478061628092 ], [ -95.526018800274201, 37.001018818818501 ], [ -95.785748609177901, 36.998113959111308 ], [ -95.957960932881406, 37.000082875238085 ], [ -96.006049690215406, 36.9983338154547 ], [ -97.137692820599796, 36.999808262025091 ], [ -97.465404915041105, 36.996467160501702 ], [ -98.540219635814395, 36.998375932138799 ], [ -99.437473628441694, 36.994558388864803 ], [ -99.999261757025906, 36.995417507054697 ], [ -100.088573993172005, 36.997652488728001 ], [ -100.950586837461003, 36.996661684669796 ], [ -101.553676099111996, 36.996693026113697 ], [ -102.037207595213999, 36.988993909772994 ], [ -102.044455912803997, 37.6414742305057 ], [ -102.051535608243995, 39.998918270053991 ], [ -100.754855894287005, 40.00019829606439 ], [ -100.735049448674005, 39.99917231706339 ], [ -100.180910652749006, 40.000478711329798 ], [ -99.627859379022993, 40.002987839979816 ], [ -99.064746983779301, 39.998337961204292 ], [ -98.504479148340494, 39.997129683788394 ], [ -96.801420315859303, 39.994475970064393 ], [ -96.454038279449207, 39.994172761021595 ], [ -96.001253724048198, 39.995158954520299 ], [ -95.780700201926905, 39.993489465741405 ], [ -95.329701331765605, 39.992595017196585 ], [ -95.308697228564597, 39.999407559206404 ], [ -95.240961530255504, 39.942105816087199 ], [ -95.207597604894104, 39.93817627248 ], [ -95.193963403363099, 39.910180074468691 ], [ -95.150551411101304, 39.908054658338799 ], [ -95.100722556082601, 39.869864979488092 ], [ -95.063246270658794, 39.866537968663501 ], [ -95.033506504092202, 39.877844303878092 ], [ -95.0217725265328, 39.896978695687601 ], [ -94.965023739730199, 39.900823539690307 ], [ -94.938243745152803, 39.896081812352897 ], [ -94.936511159053794, 39.849386065639102 ], [ -94.923876257444206, 39.833131615793903 ], [ -94.898324588445107, 39.828332748600999 ], [ -94.888505132771101, 39.817399868706602 ], [ -94.899323629346299, 39.793775413583205 ], [ -94.933267656340703, 39.782773737924508 ], [ -94.935113900501904, 39.775426630031795 ], [ -94.921800003347499, 39.75784086817719 ], [ -94.877067577923995, 39.760679211497795 ], [ -94.871185022030701, 39.754117970883193 ], [ -94.877860749572321, 39.739305538279694 ], [ -94.905678120039298, 39.726755180862092 ], [ -94.930855815676694, 39.727025908772198 ], [ -94.953142120657205, 39.73650143742919 ], [ -94.961786401697694, 39.732038208607698 ], [ -94.978570599650695, 39.6849880704602 ], [ -95.028292064895098, 39.661913463411402 ], [ -95.0560171723682, 39.625689747857194 ], [ -95.053613102310095, 39.586776159359388 ], [ -95.108988097790899, 39.560691996639605 ], [ -95.102036979975097, 39.53284856874059 ], [ -95.047599274980101, 39.485328826975696 ], [ -95.040511446304507, 39.462940727057493 ], [ -94.986204235685506, 39.439461634068707 ], [ -94.925747989192303, 39.381266115857194 ], [ -94.898281642896507, 39.380640685689002 ], [ -94.911343513399501, 39.340121741813206 ], [ -94.907681382244405, 39.323028480961497 ], [ -94.881107774959503, 39.286045888033598 ], [ -94.833476550901494, 39.261766008203296 ], [ -94.820819269946796, 39.211004628670793 ], [ -94.730530942089999, 39.171256425293592 ], [ -94.675513808913607, 39.174922338144192 ], [ -94.646406828688399, 39.15842782838029 ], [ -94.6126534405591, 39.151649269820297 ], [ -94.601224329770503, 39.141227643991208 ], [ -94.608136801772702, 39.1128009544123 ], [ -94.613148169135414, 38.737222445574595 ], [ -94.618717725023401, 38.471473732545398 ], [ -94.616735339846102, 38.030387720742205 ], [ -94.619293682333705, 37.679868949744495 ], [ -94.620379650412119, 36.997046847702997 ], [ -95.071931114261702, 37.001478061628092 ] ] ] } },
{ "type": "Feature", "properties": { "FID": 18, "Program": "KY-TEMPO", "State_Code": "KY", "State_Name": "KENTUCKY", "Flowing_St": "F", "FID_1": 936 }, "geometry": { "type": "MultiPolygon", "coordinates": [ [ [ [ -86.5106681712262, 36.65507418909079 ], [ -86.770535209030001, 36.65210079263931 ], [ -87.346610943494099, 36.649277368882103 ], [ -87.853537402824301, 36.641522407786908 ], [ -87.870711426173614, 36.669423182757498 ], [ -88.071341062924802, 36.679683231787585 ], [ -88.041091078373896, 36.582721196746199 ], [ -88.035079634029799, 36.538199924587794 ], [ -88.042763416374896, 36.496570353910592 ], [ -88.8107185672893, 36.499045809935005 ], [ -89.414784645908099, 36.502679293456794 ], [ -89.418210395231895, 36.510625100633298 ], [ -89.373951510533104, 36.61624763137921 ], [ -89.363621059813397, 36.625761287809198 ], [ -89.342395546148097, 36.628908383204902 ], [ -89.322344948097296, 36.622076466484209 ], [ -89.28349487135182, 36.575309592824382 ], [ -89.241684659989104, 36.569328350235409 ], [ -89.2101287992121, 36.58195465237479 ], [ -89.200187655848794, 36.631357626385203 ], [ -89.177161589184806, 36.653062741847698 ], [ -89.1678993377582, 36.671628480716208 ], [ -89.197563366819097, 36.713425067616605 ], [ -89.196365605623299, 36.72747805300201 ], [ -89.1772689271545, 36.760981901073805 ], [ -89.151435029749294, 36.75909758094339 ], [ -89.125540262597696, 36.768088793635698 ], [ -89.125906776176706, 36.792468033613602 ], [ -89.164444111936021, 36.804476209954501 ], [ -89.173531317513394, 36.829439022436702 ], [ -89.166565642763004, 36.84347682923849 ], [ -89.129653762349008, 36.866494555452093 ], [ -89.105033840803799, 36.953922057035584 ], [ -89.107216189572995, 36.97750403284671 ], [ -89.150316476929902, 36.998491662362802 ], [ -89.174403956557697, 37.025762552017895 ], [ -89.169620993204802, 37.064287040375497 ], [ -89.1464197252796, 37.09323689894871 ], [ -89.116893132335306, 37.112188577911205 ], [ -89.065104064268496, 37.1859115798825 ], [ -88.993240102056205, 37.220087999798288 ], [ -88.932567780915306, 37.218459488014695 ], [ -88.863349865429299, 37.202247569285795 ], [ -88.746559834294402, 37.152161507211289 ], [ -88.739166569002506, 37.141236346118895 ], [ -88.688421196918199, 37.135465117105703 ], [ -88.614267962399197, 37.109102507674002 ], [ -88.559319003339098, 37.072871435946098 ], [ -88.517317635070697, 37.0648267348584 ], [ -88.490743250725799, 37.068237150186498 ], [ -88.476841740351801, 37.07220041822341 ], [ -88.450511042208305, 37.098727298264201 ], [ -88.422554992327605, 37.156965399396107 ], [ -88.450738979981793, 37.205724449196495 ], [ -88.501468914462507, 37.257836463645205 ], [ -88.511365195527716, 37.296905775085484 ], [ -88.467685946226197, 37.400808411722196 ], [ -88.419893559801693, 37.42034324875651 ], [ -88.359214193311303, 37.409361051416596 ], [ -88.311742473890902, 37.442903286281691 ], [ -88.087910584937802, 37.476321709492289 ], [ -88.071591483651403, 37.511038600951601 ], [ -88.134202052927705, 37.583620411738295 ], [ -88.157664205995601, 37.628526536105696 ], [ -88.159404407288307, 37.660733521854191 ], [ -88.133670284462895, 37.700790788130604 ], [ -88.072503960001995, 37.735446188194892 ], [ -88.035607361779597, 37.805727899630803 ], [ -88.011222889593697, 37.801352271439995 ], [ -87.958738041473097, 37.776224255875995 ], [ -87.939610435992805, 37.799551044988803 ], [ -87.920169985918406, 37.809728570184191 ], [ -87.910228635338797, 37.8386134664919 ], [ -87.9368488662587, 37.8752235365722 ], [ -87.934483804642397, 37.904203907724593 ], [ -87.921894905019499, 37.919908923927593 ], [ -87.899036424423102, 37.924596930476206 ], [ -87.857187411834801, 37.890946891405093 ], [ -87.823647197327404, 37.878255005351782 ], [ -87.753782456605009, 37.8981288480202 ], [ -87.728200016007094, 37.894584985486503 ], [ -87.709408152506398, 37.899753940737185 ], [ -87.679720967039998, 37.897049355446498 ], [ -87.684717414839298, 37.836372838178299 ], [ -87.651695862374694, 37.828175159761997 ], [ -87.607588763511401, 37.843819306218698 ], [ -87.593634464821207, 37.864910699225902 ], [ -87.594718360738298, 37.890766665151908 ], [ -87.627137587636398, 37.923454651406594 ], [ -87.604325730675598, 37.971157313234897 ], [ -87.504802970161009, 37.915627009244098 ], [ -87.452288386521801, 37.936520769840904 ], [ -87.387550639778098, 37.9349692388598 ], [ -87.310558906526495, 37.893718407514903 ], [ -87.272745946650716, 37.870819416159698 ], [ -87.226761832026597, 37.849118341412407 ], [ -87.175780699758803, 37.8386401973763 ], [ -87.158079881132608, 37.826967503994794 ], [ -87.131879418344312, 37.78973635528569 ], [ -87.106427057689402, 37.784251188178303 ], [ -87.071308322296403, 37.807136140638697 ], [ -87.036480000348405, 37.908005443550401 ], [ -87.013156371281994, 37.9247639466994 ], [ -86.989031540941696, 37.9306161454261 ], [ -86.931572935191099, 37.938040700357796 ], [ -86.900077892356506, 37.953696968959697 ], [ -86.863272676459616, 37.986920246353897 ], [ -86.826307178864695, 37.991559712517514 ], [ -86.802815497494393, 37.978799859564603 ], [ -86.753825608894402, 37.898359375995589 ], [ -86.728876576286595, 37.894621455530292 ], [ -86.689125938119702, 37.911853551207706 ], [ -86.6686555201332, 37.913196778146194 ], [ -86.660308646083394, 37.902572857543106 ], [ -86.670669816598505, 37.860640854883599 ], [ -86.665924152154105, 37.847380885733799 ], [ -86.645568221094706, 37.846000359887007 ], [ -86.614782479167999, 37.857975485250599 ], [ -86.5983098307087, 37.921072028220998 ], [ -86.581783927696804, 37.925665388789497 ], [ -86.541087192357693, 37.92151583342681 ], [ -86.522737787157808, 37.927871671025002 ], [ -86.516901026034702, 37.942242059759984 ], [ -86.530847864943397, 37.98747729518999 ], [ -86.527834372165401, 38.018693217860097 ], [ -86.519091249018004, 38.0470478998242 ], [ -86.503114727844405, 38.051648771978499 ], [ -86.458367382857801, 38.059160875736893 ], [ -86.442467583466495, 38.075995375411708 ], [ -86.442521200647406, 38.088698192117306 ], [ -86.474336910486102, 38.111707629684496 ], [ -86.46484599602951, 38.129156162638601 ], [ -86.4525241980338, 38.1297552763547 ], [ -86.407181262005906, 38.108218575824594 ], [ -86.393677088614311, 38.123294431968603 ], [ -86.344039131480883, 38.1342702056075 ], [ -86.335417851434201, 38.1440282734956 ], [ -86.343123909516194, 38.15555980086959 ], [ -86.387101032044498, 38.168021469771709 ], [ -86.388306926474399, 38.194808043462103 ], [ -86.364349941221903, 38.193290236910798 ], [ -86.341605895748714, 38.177288124541604 ], [ -86.297674308971096, 38.150304073852801 ], [ -86.291440055453521, 38.078489532694199 ], [ -86.277698982189506, 38.058172972704902 ], [ -86.252154928384797, 38.04072148692039 ], [ -86.190621675912496, 38.0177584139686 ], [ -86.104986594093404, 38.0113361635918 ], [ -86.052715696655895, 37.966784482462202 ], [ -86.0316197966972, 37.99295065097639 ], [ -86.006663304307907, 38.001767076839599 ], [ -85.958582110363494, 38.0118406313278 ], [ -85.930871922454003, 38.034048867621102 ], [ -85.914751127030499, 38.064874861286498 ], [ -85.912074567725, 38.18000146471509 ], [ -85.85233575537481, 38.238561061715792 ], [ -85.839907707294302, 38.276291497756901 ], [ -85.806551293518694, 38.2861792311557 ], [ -85.786210800063103, 38.282391578812501 ], [ -85.746925983818699, 38.270315072943603 ], [ -85.681389004354799, 38.300953691398298 ], [ -85.654228250087399, 38.337752846222507 ], [ -85.643592984399703, 38.383687954225202 ], [ -85.612640278053902, 38.446670372896691 ], [ -85.507200045722698, 38.471419545520192 ], [ -85.466382140735405, 38.518175384919601 ], [ -85.432369784212497, 38.537016099629597 ], [ -85.417461721352197, 38.56147563586859 ], [ -85.453679272225699, 38.694674544690301 ], [ -85.446690596481702, 38.724840658501293 ], [ -85.418186615275999, 38.738417150331998 ], [ -85.335009220695696, 38.73700642273009 ], [ -85.271393912074501, 38.744376738832507 ], [ -85.205161826009302, 38.69581703097591 ], [ -85.160933194869699, 38.695176525832302 ], [ -85.119657083153513, 38.714139342663202 ], [ -85.068454644029202, 38.750424601416299 ], [ -84.975611185534902, 38.780641016949595 ], [ -84.818780206396099, 38.79340998741359 ], [ -84.824426173241903, 38.834462927327905 ], [ -84.787446118712012, 38.86664349301639 ], [ -84.788666880901303, 38.884385288637795 ], [ -84.803224023198496, 38.897190884557595 ], [ -84.859743525322202, 38.902042540066788 ], [ -84.875254379985407, 38.909431298407299 ], [ -84.875880172781805, 38.927604155440804 ], [ -84.846315866496795, 38.954631099874199 ], [ -84.834444401016, 38.982775509242295 ], [ -84.844225677113798, 39.005831000600601 ], [ -84.876293154584104, 39.032895451158595 ], [ -84.889996100074995, 39.0506485918647 ], [ -84.886707942280097, 39.065044986227491 ], [ -84.827861350900903, 39.103687743207097 ], [ -84.811480602807507, 39.102585508659999 ], [ -84.789927014160497, 39.107033610702004 ], [ -84.742875580912099, 39.142063761187707 ], [ -84.667487493505106, 39.089624500621802 ], [ -84.622648455368903, 39.074934584571594 ], [ -84.593068659676106, 39.0702655901055 ], [ -84.515300798305702, 39.094195222825206 ], [ -84.492053632001515, 39.107363498825094 ], [ -84.444918068993005, 39.111826934862805 ], [ -84.425683747191499, 39.084724097511483 ], [ -84.419740114335099, 39.0473369150357 ], [ -84.391312285067301, 39.035744414307302 ], [ -84.345779020998407, 39.037812327953404 ], [ -84.3133151390183, 39.014074162963503 ], [ -84.290136095026, 38.944537859851096 ], [ -84.261525086674695, 38.917477294596097 ], [ -84.235294422131403, 38.87455562756719 ], [ -84.228702099093198, 38.812690466614207 ], [ -84.176752283092, 38.788498601846896 ], [ -84.088867092820095, 38.765504757295602 ], [ -84.053801611979594, 38.763734975896391 ], [ -83.962162804618302, 38.777647416922903 ], [ -83.912539508028104, 38.757960379620698 ], [ -83.857552680214994, 38.744918401868894 ], [ -83.837532232115109, 38.711879909483294 ], [ -83.790464998634505, 38.693844540370407 ], [ -83.770223243678203, 38.650819420674893 ], [ -83.712825404065796, 38.635553391902093 ], [ -83.678530093879601, 38.620928127293098 ], [ -83.655755691239307, 38.623880698520601 ], [ -83.643189740805795, 38.635862454801391 ], [ -83.633240930444614, 38.664971973424102 ], [ -83.618378506943003, 38.677972248924192 ], [ -83.526556002457895, 38.696111018899707 ], [ -83.500073466674905, 38.690137339700499 ], [ -83.453616277562801, 38.663774678464591 ], [ -83.371421968238806, 38.6549977272795 ], [ -83.330023236361399, 38.631988030692 ], [ -83.320325779199493, 38.606563488806408 ], [ -83.30653124416682, 38.59631742686701 ], [ -83.290043572536007, 38.59663793845889 ], [ -83.272754855043601, 38.609256936228697 ], [ -83.245013584710406, 38.624172355262594 ], [ -83.18193905845682, 38.609841026773296 ], [ -83.143149955065795, 38.619339711835899 ], [ -83.111243121921703, 38.6648333458146 ], [ -83.060879908236203, 38.685726484762789 ], [ -83.026943444631101, 38.714512020923003 ], [ -82.972483101270896, 38.719643003812692 ], [ -82.921303818552204, 38.746414502527692 ], [ -82.890312259176795, 38.742775475973609 ], [ -82.873191179555903, 38.719006487580188 ], [ -82.880011751191901, 38.683301330460708 ], [ -82.860029482668907, 38.652395144142297 ], [ -82.853856668742097, 38.6004587453873 ], [ -82.826992492600596, 38.571662123162795 ], [ -82.802363919780802, 38.557288677989497 ], [ -82.741944816784695, 38.553066182539204 ], [ -82.695579372626298, 38.53914281086049 ], [ -82.669760342980396, 38.502140791417794 ], [ -82.613743340039207, 38.4726688517352 ], [ -82.586604291664401, 38.412519440568296 ], [ -82.598239168097095, 38.3684639385284 ], [ -82.572298036330196, 38.307811043902205 ], [ -82.580049630162904, 38.2925104618351 ], [ -82.574578968186501, 38.25597369447059 ], [ -82.589113213098202, 38.245388108856709 ], [ -82.616228742439105, 38.238811637854596 ], [ -82.606645409576103, 38.193826253306796 ], [ -82.613763647222598, 38.178094868847793 ], [ -82.647158240575294, 38.169435668244198 ], [ -82.6461279618389, 38.146330704028308 ], [ -82.593208685043805, 38.1099625588121 ], [ -82.524678623593402, 38.015662370728982 ], [ -82.475779651082505, 37.975907070198502 ], [ -82.480174135943713, 37.9543964271002 ], [ -82.493396339948703, 37.942513720142792 ], [ -82.500209451802903, 37.922261915202689 ], [ -82.437607274780902, 37.894854884532002 ], [ -82.421508340662101, 37.872356545617791 ], [ -82.405805759249006, 37.811719710243807 ], [ -82.339846576863593, 37.784400332007799 ], [ -82.319497898369804, 37.75842687452031 ], [ -82.329401224784505, 37.744171490752805 ], [ -82.295624783857093, 37.669058016559006 ], [ -82.238371166690598, 37.656775848653609 ], [ -82.205440582119195, 37.624016528236496 ], [ -82.185549385097602, 37.640667745219709 ], [ -82.159310224691794, 37.593569066687401 ], [ -82.131781506332416, 37.590536976259301 ], [ -82.1374734233612, 37.569895915766907 ], [ -82.146522501165506, 37.565920888212986 ], [ -82.142509190426594, 37.557452481886706 ], [ -82.084392051726596, 37.548309897791192 ], [ -82.055665364955317, 37.525342525104008 ], [ -82.049134170683701, 37.551453833140393 ], [ -82.026351168572901, 37.530519509980792 ], [ -81.976574273005696, 37.543253460914102 ], [ -81.959575243701721, 37.531172603505894 ], [ -82.35384231878551, 37.260519602063589 ], [ -82.405885019429419, 37.250704187103899 ], [ -82.568022700759798, 37.193919033866003 ], [ -82.719095816327595, 37.110017315206299 ], [ -82.721377266224295, 37.093117749658091 ], [ -82.709170110567896, 37.0754822559256 ], [ -82.720057661927697, 37.065929798270098 ], [ -82.723598157198808, 37.033992348938703 ], [ -82.812222694721498, 37.005600782498497 ], [ -82.866559848075994, 36.974585755893202 ], [ -82.860632067255693, 36.93216239191969 ], [ -82.878042886869096, 36.893694214553008 ], [ -82.950805700969596, 36.86407846685691 ], [ -83.046634160020005, 36.858793574166 ], [ -83.06795193667952, 36.8509961337584 ], [ -83.128220652549302, 36.779152685945803 ], [ -83.124390883521997, 36.751167625803006 ], [ -83.138513545340501, 36.740059285627098 ], [ -83.203656555084507, 36.734260652276994 ], [ -83.321383721292804, 36.709532926525796 ], [ -83.385854780841399, 36.688219656817793 ], [ -83.404150568860501, 36.672327369012301 ], [ -83.460221292590703, 36.661832544075402 ], [ -83.53089495338881, 36.661480950059705 ], [ -83.646802606319994, 36.616976980450495 ], [ -83.695608642384101, 36.584249415909611 ], [ -83.935599868966193, 36.591290828165697 ], [ -84.2544885958024, 36.595452557477607 ], [ -84.781870760771895, 36.605076142079291 ], [ -84.998461222072805, 36.620982624191598 ], [ -85.300094645022099, 36.626100915091797 ], [ -85.437374624266198, 36.618198985936594 ], [ -85.785476374196094, 36.626685264656608 ], [ -85.980610690248099, 36.633112643633197 ], [ -86.5106681712262, 36.65507418909079 ] ] ], [ [ [ -89.533272295415202, 36.498170166256401 ], [ -89.567063811317993, 36.518799363623692 ], [ -89.5682312153466, 36.541469536536702 ], [ -89.556214646751499, 36.557803660994594 ], [ -89.530441929916705, 36.564616617436698 ], [ -89.493201819108805, 36.5591771414921 ], [ -89.481749759131205, 36.547836356591198 ], [ -89.471449769186705, 36.525616360781001 ], [ -89.481757270716997, 36.504758085951202 ], [ -89.475897715816615, 36.498608998274499 ], [ -89.533272295415202, 36.498170166256401 ] ] ] ] } },
{ "type": "Feature", "properties": { "FID": 19, "Program": " ", "State_Code": "LA", "State_Name": "LOUISIANA", "Flowing_St": "P", "FID_1": 937 }, "geometry": { "type": "MultiPolygon", "coordinates": [ [ [ [ -93.707523990640809, 30.239578800070891 ], [ -93.699376872966795, 30.297593522184801 ], [ -93.7299414116451, 30.305121996019604 ], [ -93.759347093961594, 30.341077159433393 ], [ -93.759507686483801, 30.3543502350051 ], [ -93.748002475561904, 30.367615539970902 ], [ -93.755113719663498, 30.381993025859401 ], [ -93.742731569961094, 30.409027222858303 ], [ -93.721705087415899, 30.433183187426295 ], [ -93.696741342460797, 30.442835730485992 ], [ -93.703593307344605, 30.462715841443099 ], [ -93.698146008990307, 30.470249651094001 ], [ -93.715023195193893, 30.488831034782496 ], [ -93.707447217054806, 30.4964430167289 ], [ -93.714809969767302, 30.505316064407193 ], [ -93.705631951708497, 30.523059932190204 ], [ -93.735479367068805, 30.545719692491296 ], [ -93.718053886912799, 30.568355830150288 ], [ -93.717985609188503, 30.587581863305605 ], [ -93.69359409165321, 30.599037031525384 ], [ -93.671758222795205, 30.598033483673504 ], [ -93.692869612161616, 30.615997207799897 ], [ -93.6847595343758, 30.623626440491407 ], [ -93.693053257481495, 30.640243415004612 ], [ -93.678145039209198, 30.639894152170697 ], [ -93.660162821040302, 30.673060807749792 ], [ -93.617780796690596, 30.687003036098893 ], [ -93.612585576791702, 30.710530151432195 ], [ -93.617964908246904, 30.732748955749592 ], [ -93.607825148196298, 30.732210970799994 ], [ -93.618628932424301, 30.745989809208801 ], [ -93.585348774195012, 30.7723846925571 ], [ -93.582045075188006, 30.8022395676992 ], [ -93.550855209949106, 30.828542757897697 ], [ -93.555814410644899, 30.842540468373002 ], [ -93.566617884048597, 30.845346226952795 ], [ -93.552976119127905, 30.860480466249296 ], [ -93.568670101070794, 30.886431337175605 ], [ -93.564649278745705, 30.902128375556511 ], [ -93.546689180902504, 30.9055307612585 ], [ -93.549794315026205, 30.925080569660199 ], [ -93.530155714500694, 30.92716687374029 ], [ -93.525791535002199, 30.93601479645951 ], [ -93.532360494418796, 30.9609260639224 ], [ -93.537510541195104, 30.957079147758105 ], [ -93.548848114245502, 30.970384600854505 ], [ -93.572629587412806, 30.976371956320101 ], [ -93.561124065666604, 30.991883847064098 ], [ -93.571019673278997, 30.997464748036414 ], [ -93.568067102051302, 31.013117752983792 ], [ -93.565114479020394, 31.018255936635093 ], [ -93.547291661880607, 31.014334319045808 ], [ -93.507388875250498, 31.039099809941796 ], [ -93.525913740731895, 31.057171597294403 ], [ -93.517170306760306, 31.074861537072298 ], [ -93.544278479927399, 31.082563502635196 ], [ -93.543294358589705, 31.094941767033795 ], [ -93.560155899973097, 31.100726775921498 ], [ -93.556852356379096, 31.109532685564695 ], [ -93.535260484546299, 31.116261305030598 ], [ -93.528264193608905, 31.1261142261149 ], [ -93.537679215147605, 31.1326296201545 ], [ -93.544363024119406, 31.159354598842086 ], [ -93.528500989873507, 31.163130802492603 ], [ -93.537191272900301, 31.176527689718501 ], [ -93.527104871010707, 31.178263176843689 ], [ -93.529096270090207, 31.185960998083399 ], [ -93.550764552880594, 31.191116639695895 ], [ -93.577117164132218, 31.1723282988699 ], [ -93.594116089828105, 31.180386779832201 ], [ -93.603096320064296, 31.199253707385992 ], [ -93.59072131932021, 31.229873054738107 ], [ -93.611176506919193, 31.242373576669809 ], [ -93.612054170955403, 31.270218040649496 ], [ -93.616632042115896, 31.275989528682899 ], [ -93.631006264350404, 31.274088113219403 ], [ -93.645769793940701, 31.290447051812201 ], [ -93.656306321128696, 31.286855736778399 ], [ -93.681766711409907, 31.312863747560296 ], [ -93.677219611848201, 31.32857021427629 ], [ -93.635035737949394, 31.374008935973109 ], [ -93.661251172104798, 31.372576865106996 ], [ -93.664196438962904, 31.398510278072102 ], [ -93.687672941749398, 31.406311344762386 ], [ -93.694623645132907, 31.416103447904305 ], [ -93.696309918420297, 31.427917203685102 ], [ -93.687184947698114, 31.438311839609796 ], [ -93.702108603574203, 31.446431345730492 ], [ -93.698599087119206, 31.461638058878101 ], [ -93.726966098444905, 31.459654844836493 ], [ -93.7514269297845, 31.485680106363404 ], [ -93.750618216925105, 31.490736336024302 ], [ -93.719176532250998, 31.495582344893204 ], [ -93.705977432847803, 31.520746934108995 ], [ -93.731841894635906, 31.522055659557196 ], [ -93.747726878072399, 31.537895884303001 ], [ -93.763489655779111, 31.530901924547099 ], [ -93.7803130175853, 31.533913655987806 ], [ -93.810701992373893, 31.5592407026712 ], [ -93.816508240917599, 31.577287468672694 ], [ -93.832805170075005, 31.590360114415894 ], [ -93.835765563712798, 31.6153647327579 ], [ -93.819773863955504, 31.618267520303501 ], [ -93.814913919799807, 31.6481413557241 ], [ -93.806612944129498, 31.653941335979091 ], [ -93.8120300407287, 31.674740346987797 ], [ -93.792452620774, 31.711568045837801 ], [ -93.808955470988408, 31.707738328614504 ], [ -93.815135485676706, 31.712523778561309 ], [ -93.810176284981793, 31.730524697987804 ], [ -93.831348544094794, 31.753452388780897 ], [ -93.822253930539802, 31.774808293213407 ], [ -93.834514599768312, 31.802187660527096 ], [ -93.865010083662497, 31.817442447823403 ], [ -93.877591109071602, 31.850282375325694 ], [ -93.881451546089821, 31.871588806900601 ], [ -93.892712811790602, 31.870234752917906 ], [ -93.899449616294007, 31.894623369426991 ], [ -93.923650702181206, 31.8927621020941 ], [ -93.918111503460395, 31.9098704897254 ], [ -93.935918934799503, 31.909624627754305 ], [ -93.970175702780693, 31.923332650040997 ], [ -93.977400760356602, 31.946327116240898 ], [ -94.004584722832902, 31.978108635413601 ], [ -94.010077919566399, 31.989300639113107 ], [ -94.035255615204605, 31.994679245311403 ], [ -94.035418487104906, 32.3893811635023 ], [ -94.041785410767105, 32.882485320834697 ], [ -94.038931733451193, 33.023422406242801 ], [ -93.232543165679999, 33.01937490483769 ], [ -92.063441674068997, 33.010151558244708 ], [ -91.454470322760997, 33.013999199665605 ], [ -91.162241353326394, 33.01316261623279 ], [ -91.161974251698595, 33.000417993667405 ], [ -91.209270148209399, 32.935978068346493 ], [ -91.198420776426502, 32.914288338683789 ], [ -91.169809768075694, 32.905148655614504 ], [ -91.137284809132694, 32.917912290262393 ], [ -91.130044313952993, 32.93759176417479 ], [ -91.132462889142104, 32.975348568472 ], [ -91.111923986215899, 32.987475220651092 ], [ -91.092781253955707, 32.987746103973301 ], [ -91.075698612932499, 32.953838236198003 ], [ -91.079635564517304, 32.877290826192599 ], [ -91.142259240215296, 32.841342086479699 ], [ -91.156450231562303, 32.762811099804402 ], [ -91.136575197400404, 32.751256726848993 ], [ -91.097816969217305, 32.74952875130959 ], [ -91.059135100187703, 32.7236507168627 ], [ -91.139665411960806, 32.663308024824701 ], [ -91.146371859297901, 32.644986593805996 ], [ -91.111100509204405, 32.597663085742489 ], [ -91.063919306837505, 32.606524322099901 ], [ -91.047736968215006, 32.614489193162903 ], [ -91.027571935041507, 32.641637462656703 ], [ -91.007986848088905, 32.642808544772095 ], [ -90.996237381120693, 32.626112206470495 ], [ -90.9987628280428, 32.615603031814693 ], [ -91.032432241824694, 32.582809158103402 ], [ -91.058975491942306, 32.576526571417006 ], [ -91.073372507953493, 32.561748899323895 ], [ -91.063194723737695, 32.542298399265896 ], [ -90.995177418669698, 32.511781882932098 ], [ -90.992156207090304, 32.495421234806003 ], [ -91.019790398473802, 32.49095432789769 ], [ -91.037307830800401, 32.497095800380691 ], [ -91.0888910296148, 32.548775561924401 ], [ -91.118852362057396, 32.524205890297502 ], [ -91.11779193337, 32.498709288992892 ], [ -91.058617318813702, 32.4471403880937 ], [ -91.027015715069993, 32.442559149670295 ], [ -90.987555645760494, 32.453106452099199 ], [ -90.965590266803204, 32.440179013078591 ], [ -90.970091727005993, 32.419160819179098 ], [ -91.009315207268017, 32.397227040686708 ], [ -90.998969577964502, 32.366378771284403 ], [ -90.984671870296594, 32.356541080587689 ], [ -90.915029576120105, 32.346043561840901 ], [ -90.885259089757994, 32.381499955962902 ], [ -90.875455175295002, 32.379794877808983 ], [ -90.916479260359196, 32.305464318063109 ], [ -90.92935028478081, 32.2975529087688 ], [ -90.971762821709902, 32.303846840539897 ], [ -90.980872458436295, 32.297800791097501 ], [ -90.9839242862041, 32.287280219553004 ], [ -90.971122005742302, 32.269214545077098 ], [ -90.977324762404109, 32.223554153895499 ], [ -91.041756450882801, 32.249588584737502 ], [ -91.062569915218504, 32.232892142827808 ], [ -91.088022224069505, 32.232537388765699 ], [ -91.100679712240293, 32.215036067495397 ], [ -91.116060953196396, 32.22575499670689 ], [ -91.157375140881996, 32.206014497635991 ], [ -91.166957903900396, 32.17214107954679 ], [ -91.156650298762003, 32.144935514785494 ], [ -91.108820406213496, 32.135143515251599 ], [ -91.083116329730501, 32.148731093146694 ], [ -91.054154349012407, 32.134544712359798 ], [ -91.045418530234699, 32.158824488581999 ], [ -91.054581680533303, 32.184683510946499 ], [ -91.024521091550596, 32.1700508383597 ], [ -91.003936445657303, 32.169413804086794 ], [ -91.011390528891795, 32.134212855683202 ], [ -91.041191631440498, 32.107823567171209 ], [ -91.073922563244494, 32.0941482850372 ], [ -91.065118000506004, 32.058707069498702 ], [ -91.089410624130394, 32.056998106041803 ], [ -91.125727535151, 32.088399642585287 ], [ -91.145694158854198, 32.085828608108102 ], [ -91.143122968965002, 32.066259839428 ], [ -91.086991997137204, 32.043811076979601 ], [ -91.073243464091505, 32.0321499358989 ], [ -91.072488109392197, 32.021213533329885 ], [ -91.108110639069096, 31.991984295572003 ], [ -91.163142899024095, 31.988448100036202 ], [ -91.2015421252148, 31.914448878926596 ], [ -91.244481353812901, 31.878671869604407 ], [ -91.264692129953403, 31.865585910223093 ], [ -91.241383420450603, 31.835387729711595 ], [ -91.2507295944215, 31.818821005116799 ], [ -91.276800080874708, 31.827533512076901 ], [ -91.292647040145894, 31.861492821263401 ], [ -91.303473462739305, 31.863144541256698 ], [ -91.334846403452602, 31.843478432786501 ], [ -91.347236686388399, 31.7958322891653 ], [ -91.367134617935008, 31.770867715345801 ], [ -91.336257441878899, 31.763621936154195 ], [ -91.262684930641697, 31.7739271065027 ], [ -91.263989511766397, 31.759763571297093 ], [ -91.282620989961501, 31.749887545611308 ], [ -91.339912009644095, 31.758542809107809 ], [ -91.370499238491803, 31.753475130754211 ], [ -91.365074526698805, 31.751741404966396 ], [ -91.387948082270697, 31.716682865867192 ], [ -91.389183815827494, 31.654605152940501 ], [ -91.408402855437302, 31.625529876787795 ], [ -91.457377617258004, 31.626966040172999 ], [ -91.497769071392099, 31.650895310264399 ], [ -91.507809678511606, 31.643870786125202 ], [ -91.508877774196804, 31.621946125143698 ], [ -91.497150997397895, 31.604358550147698 ], [ -91.415383915987107, 31.602592395031305 ], [ -91.404252160385596, 31.586353434593892 ], [ -91.423578019924406, 31.562746489235792 ], [ -91.464473009322518, 31.542866430082697 ], [ -91.502957038725398, 31.53488047477569 ], [ -91.506481889177095, 31.525687278133699 ], [ -91.507900698208402, 31.453083398826099 ], [ -91.473292491624406, 31.420374690955704 ], [ -91.465922175521996, 31.404069058719504 ], [ -91.480838060792095, 31.377780580868194 ], [ -91.494708747762502, 31.375249590913498 ], [ -91.523014526714206, 31.392091809390202 ], [ -91.534169024289099, 31.409238791030806 ], [ -91.534802432278994, 31.434335257934691 ], [ -91.552472427501598, 31.433099783398294 ], [ -91.567731462728901, 31.421406420205106 ], [ -91.559376921681604, 31.388230439898795 ], [ -91.534573251208201, 31.382750090567107 ], [ -91.544407626446599, 31.368874637624895 ], [ -91.542790045314803, 31.346986291275002 ], [ -91.505756166388295, 31.323456689347797 ], [ -91.502475312962702, 31.29885800745879 ], [ -91.517078146422705, 31.283069638556395 ], [ -91.556919493462601, 31.270469083024608 ], [ -91.634214228540699, 31.277694036992393 ], [ -91.643682401024193, 31.271117876814397 ], [ -91.636998747464503, 31.241104170487493 ], [ -91.600964375674707, 31.213929688149705 ], [ -91.591488328977206, 31.178481893498194 ], [ -91.620113894263994, 31.127694404729695 ], [ -91.564975280615499, 31.082135031425103 ], [ -91.5520813070043, 31.058159811150599 ], [ -91.572787640585901, 31.032647875850412 ], [ -91.627773225102004, 31.011960088114503 ], [ -91.632297427278203, 31.001365022361401 ], [ -91.057012170652001, 31.000418096324491 ], [ -90.560254896066695, 31.001706307373194 ], [ -90.259376827816197, 31.007370043004503 ], [ -89.732717484608798, 31.007445003449501 ], [ -89.723622871053806, 31.001524734215 ], [ -89.726781311534097, 30.984616413784007 ], [ -89.719822889349203, 30.975493670635593 ], [ -89.739522515032903, 30.965400275200292 ], [ -89.748540562217698, 30.949848029109592 ], [ -89.740475605750504, 30.926109553295404 ], [ -89.758054270451595, 30.921043688083184 ], [ -89.745755110821307, 30.910107181906103 ], [ -89.746800257316906, 30.902794575503606 ], [ -89.763310774529003, 30.900471371551092 ], [ -89.765850881994595, 30.862084733742499 ], [ -89.785024126833605, 30.861579126317604 ], [ -89.774799926198796, 30.8305319294039 ], [ -89.796094235628402, 30.829105142549796 ], [ -89.796566999292295, 30.812652645861792 ], [ -89.810933554528404, 30.811698933495791 ], [ -89.824689443747602, 30.789724696048598 ], [ -89.813351093636598, 30.748168220870991 ], [ -89.825566019898915, 30.742648345057201 ], [ -89.823399056929404, 30.733054547778185 ], [ -89.835613983191806, 30.729361955847398 ], [ -89.844052084155095, 30.712424884174485 ], [ -89.830722956612505, 30.703780965762608 ], [ -89.841343354540498, 30.700549947823095 ], [ -89.841785502017501, 30.679519838994505 ], [ -89.835391795666297, 30.675882573777798 ], [ -89.845447477761397, 30.6662525136712 ], [ -89.829524521964203, 30.670874003833202 ], [ -89.819353886706097, 30.651245764115806 ], [ -89.805536609700198, 30.649456763418002 ], [ -89.820307132835694, 30.624270520113701 ], [ -89.790847885142796, 30.553943842771599 ], [ -89.772796145953507, 30.551246872674593 ], [ -89.755178680026702, 30.515621856404191 ], [ -89.732319733194004, 30.4978380477068 ], [ -89.719059246003894, 30.496037546512301 ], [ -89.713184098087595, 30.481416011793993 ], [ -89.695681481716306, 30.478246070816994 ], [ -89.694597844819398, 30.468186866047805 ], [ -89.683450755221997, 30.4627185870572 ], [ -89.675462106104902, 30.445352422525705 ], [ -89.675369687698506, 30.400074448763199 ], [ -89.654669933229499, 30.3790653205707 ], [ -89.646688847502105, 30.355290581928994 ], [ -89.633451309501396, 30.355307780870003 ], [ -89.620198282093, 30.343429062823695 ], [ -89.618588057135312, 30.323760726779803 ], [ -89.637082254625398, 30.311843673744292 ], [ -89.639172495812602, 30.295829801858204 ], [ -89.625942521201594, 30.290355876227398 ], [ -89.621661694403002, 30.256964391117108 ], [ -89.606310603397404, 30.247828437938601 ], [ -89.610003298936405, 30.241419863828291 ], [ -89.573883968521599, 30.194935322183404 ], [ -89.728560469464398, 30.181012882977392 ], [ -89.759217063920801, 30.231092935783195 ], [ -89.943536561484194, 30.269853495148599 ], [ -90.07556112453571, 30.368978763268593 ], [ -90.2397510228882, 30.380950883998093 ], [ -90.309027166114717, 30.303846062528404 ], [ -90.424530540322394, 30.185877230476212 ], [ -90.395567471719303, 30.092080059615895 ], [ -90.275980385083102, 30.062053402279101 ], [ -90.111546489704494, 30.041610336825396 ], [ -89.990548416446899, 30.053663997112899 ], [ -89.891225878544404, 30.156091410118599 ], [ -89.798264824880704, 30.105371422013604 ], [ -89.740088733183896, 30.158928147514011 ], [ -89.724928229239495, 30.121094984062605 ], [ -89.669201380723095, 30.163382155216496 ], [ -89.649394365265593, 30.122426814112501 ], [ -89.716840168170705, 30.055226303334084 ], [ -89.848963366113097, 30.010685501052908 ], [ -89.820848226027721, 29.951290563916206 ], [ -89.715016614178495, 29.9694037426964 ], [ -89.7122022043242, 29.8975277619469 ], [ -89.627414325765997, 29.875679563727701 ], [ -89.585862875580204, 29.8981569738099 ], [ -89.574378334469898, 30.008960012107398 ], [ -89.435854125806699, 30.044405579185206 ], [ -89.453623584785106, 29.985732997574505 ], [ -89.377792935469301, 29.951286264180901 ], [ -89.4310483686764, 29.940277594976997 ], [ -89.402202480810402, 29.8459451847813 ], [ -89.421155040441406, 29.82809853778409 ], [ -89.364039740060207, 29.796774189259398 ], [ -89.417425097798201, 29.782937019502196 ], [ -89.482238374831297, 29.830948537013501 ], [ -89.540499994997106, 29.754730859719199 ], [ -89.650587256881707, 29.766900975487303 ], [ -89.592877660560006, 29.710863872578795 ], [ -89.611837369148603, 29.697747711442496 ], [ -89.511943070062998, 29.6646147802931 ], [ -89.479189085462096, 29.636170995381111 ], [ -89.597951762614599, 29.6651576348223 ], [ -89.676704263362396, 29.702961269971201 ], [ -89.695328229971395, 29.694079260193998 ], [ -89.635261083619099, 29.626531662351493 ], [ -89.728319373464799, 29.646176116733209 ], [ -89.748545690817593, 29.637378081303993 ], [ -89.723208127914106, 29.606027519935292 ], [ -89.771778248382603, 29.610246855339085 ], [ -89.544629657608695, 29.471685295963297 ], [ -89.537076369638996, 29.401453316405401 ], [ -89.384521917563603, 29.397938515937895 ], [ -89.337058486789402, 29.340893306421897 ], [ -89.264775637114298, 29.350663651867393 ], [ -89.262555937632698, 29.2978092855335 ], [ -89.193400394210201, 29.349047780269288 ], [ -89.129937700289105, 29.290887333392504 ], [ -89.12022547897601, 29.211884308309799 ], [ -89.033263022254403, 29.223413556306099 ], [ -89.098274812366711, 29.163443179899502 ], [ -89.0218029326508, 29.147118380168703 ], [ -89.057753433700995, 29.085278758607195 ], [ -89.126542411740601, 29.135309027731207 ], [ -89.111404960593603, 29.083017097853599 ], [ -89.154023884815899, 29.057217650134497 ], [ -89.144395068006304, 29.0166783990753 ], [ -89.241162164447303, 29.121169115167692 ], [ -89.257496599729507, 29.059463407048099 ], [ -89.394892412805802, 28.939655687008099 ], [ -89.263288032318002, 29.148212585089702 ], [ -89.319090514731911, 29.180188628430397 ], [ -89.339734735270696, 29.104495570643394 ], [ -89.388662303611298, 29.100378755433606 ], [ -89.393134131903295, 29.146265323051392 ], [ -89.467073519347494, 29.216321220679305 ], [ -89.45911683332271, 29.255736220474699 ], [ -89.493197622981697, 29.2349951781862 ], [ -89.619592123027601, 29.279574885301198 ], [ -89.610718505504806, 29.331758130304099 ], [ -89.794944652189301, 29.322540171331202 ], [ -89.753706564638094, 29.374288314206904 ], [ -89.821746559875507, 29.420912312325999 ], [ -89.817527069059508, 29.477625302536993 ], [ -89.966738710078204, 29.4726782757912 ], [ -89.971926781019619, 29.503541775581098 ], [ -90.006694803066097, 29.493936788629604 ], [ -90.113081287980904, 29.553848833687802 ], [ -90.137290092669005, 29.533810927626607 ], [ -90.151793617785799, 29.595307658251194 ], [ -90.208145948274307, 29.5447303384707 ], [ -90.174133488143397, 29.495941812171893 ], [ -90.036083908088798, 29.4471572747842 ], [ -90.055325689672003, 29.428282939252711 ], [ -90.029942072977803, 29.374208017945705 ], [ -90.055943711862994, 29.3514313359277 ], [ -90.033001515938494, 29.308872607999191 ], [ -90.111639685172094, 29.321725449203093 ], [ -90.077878733652099, 29.214574543881699 ], [ -90.043110659802494, 29.223676358198205 ], [ -90.077802374498503, 29.176441953082392 ], [ -90.227762635691207, 29.098674195320097 ], [ -90.26395723737491, 29.184649681482295 ], [ -90.242914436556305, 29.254741220289301 ], [ -90.278819350051805, 29.275158746351593 ], [ -90.284099114143501, 29.245534761813193 ], [ -90.347646041432597, 29.312951606260206 ], [ -90.396429957171904, 29.272347600151601 ], [ -90.406828944635393, 29.325991770870601 ], [ -90.450516016347194, 29.352441980933101 ], [ -90.476472171285593, 29.303941795917801 ], [ -90.611095173150801, 29.3050359490347 ], [ -90.583133062197803, 29.260928383935099 ], [ -90.621265601193002, 29.222965658581202 ], [ -90.650051292764701, 29.254292545503802 ], [ -90.638119993619, 29.162571525131892 ], [ -90.683858557096301, 29.181920851901097 ], [ -90.676794299258802, 29.140277397741297 ], [ -90.7828982449428, 29.126943141598897 ], [ -90.772689430108102, 29.1606256099987 ], [ -90.839379463881102, 29.182340361012404 ], [ -90.882639307680094, 29.137412012712005 ], [ -90.920413466330501, 29.181909506816403 ], [ -90.814292995156706, 29.221006844242101 ], [ -90.818550147510095, 29.256802295802299 ], [ -90.897349323697398, 29.267664514986794 ], [ -90.936527630836807, 29.343516973803101 ], [ -91.0783856884578, 29.360018166288189 ], [ -91.102190473442207, 29.31413418887238 ], [ -91.213735708212994, 29.405923590576311 ], [ -91.262725130576797, 29.489587632302985 ], [ -91.433024849143706, 29.552581862295398 ], [ -91.547865338862906, 29.5316859259291 ], [ -91.548490458206402, 29.64212944419279 ], [ -91.643547296089807, 29.643964550485698 ], [ -91.615767794375699, 29.769138081126197 ], [ -91.863256256956504, 29.725839539710499 ], [ -91.881177968007094, 29.765955810787805 ], [ -91.846630993797206, 29.808397047154905 ], [ -91.823933157527094, 29.786892050696895 ], [ -91.827503491924602, 29.839041623074198 ], [ -91.967086575154497, 29.841888047824899 ], [ -91.973327770412794, 29.806057369517902 ], [ -92.137151258794205, 29.730741600550001 ], [ -92.130101195263506, 29.7735259868744 ], [ -92.199698627142595, 29.763120523905606 ], [ -92.059757215372898, 29.607014853122799 ], [ -92.297374055610902, 29.541571483558098 ], [ -92.607425479556895, 29.588626491285304 ], [ -93.233657315156606, 29.788993429752502 ], [ -93.721991667362317, 29.758793591511804 ], [ -93.801820759657602, 29.725865182710105 ], [ -93.89990186555822, 29.809981370092896 ], [ -93.791454305130401, 29.850520103111805 ], [ -93.760367529930093, 30.006176425656399 ], [ -93.712643887466001, 30.060731000564399 ], [ -93.716023738411394, 30.095878798023602 ], [ -93.708546654183294, 30.114949885296905 ], [ -93.697086927208105, 30.118138890160388 ], [ -93.698803505858805, 30.141434700457708 ], [ -93.686123016694296, 30.141461379537997 ], [ -93.683307674366901, 30.148440160710301 ], [ -93.699825858577, 30.151016997239903 ], [ -93.696331417096701, 30.175884386681499 ], [ -93.704525676446906, 30.181068468711597 ], [ -93.715008690061907, 30.2205134112419 ], [ -93.707523990640809, 30.239578800070891 ] ] ], [ [ [ -92.016367757867499, 29.5964783777383 ], [ -91.902548947414701, 29.650930898688696 ], [ -91.769847253763999, 29.578615464272698 ], [ -91.701615946208804, 29.577266797910092 ], [ -91.764964256810501, 29.534253800359703 ], [ -91.758112913575303, 29.494513471196598 ], [ -91.849088836447606, 29.487082958800293 ], [ -92.016367757867499, 29.5964783777383 ] ] ], [ [ [ -91.341318903747606, 29.341910893168592 ], [ -91.300493020938504, 29.316457859061192 ], [ -91.226553737101995, 29.381399506504092 ], [ -91.189275653933194, 29.297611497711003 ], [ -91.161564533550603, 29.3237204745657 ], [ -91.17122391474372, 29.283676677339599 ], [ -91.188024430968497, 29.284758138466792 ], [ -91.200460664087501, 29.307985360215799 ], [ -91.195059056895303, 29.273672954696508 ], [ -91.152592332941495, 29.266533736414001 ], [ -91.163663011580212, 29.245267401165702 ], [ -91.134693156648098, 29.259924836083194 ], [ -91.128306806470505, 29.226999380111703 ], [ -91.276162528561102, 29.254027930470389 ], [ -91.341318903747606, 29.341910893168592 ] ] ], [ [ [ -90.934574463137594, 29.259094210114903 ], [ -90.970845786604201, 29.242095750655391 ], [ -90.953625709463793, 29.273057160079805 ], [ -90.981382417401306, 29.276348581529302 ], [ -90.980382599439395, 29.219952269411298 ], [ -90.944981117599895, 29.226391977749401 ], [ -90.962025320025504, 29.1857994721376 ], [ -91.003240458387197, 29.184316685116805 ], [ -90.994566182808697, 29.224802111779095 ], [ -91.0444487586158, 29.211258619121597 ], [ -91.033103932999893, 29.275629230637705 ], [ -91.067689345807395, 29.253119339422803 ], [ -91.055557254204402, 29.190915742680193 ], [ -91.122561686693714, 29.227085219405005 ], [ -91.127513427606914, 29.293514368036199 ], [ -91.007368981310094, 29.297544100655699 ], [ -90.998953363300004, 29.323800097374292 ], [ -90.934574463137594, 29.259094210114903 ] ] ] ] } },
{ "type": "Feature", "properties": { "FID": 20, "Program": "ME-EFIS", "State_Code": "ME", "State_Name": "MAINE", "Flowing_St": "F", "FID_1": 938 }, "geometry": { "type": "MultiPolygon", "coordinates": [ [ [ [ -69.777276253382695, 44.074148305238403 ], [ -69.859928458611108, 44.00000107998801 ], [ -69.79152801086731, 43.756084972162398 ], [ -69.830392178311499, 43.727986253956999 ], [ -69.851785329848397, 43.7443279936087 ], [ -69.846155681274993, 43.8423439818324 ], [ -69.886790873415308, 43.876713423599092 ], [ -69.903132198634594, 43.790732342600599 ], [ -69.972903381261915, 43.768847570729399 ], [ -69.999500093147816, 43.786207777796399 ], [ -69.987370436334402, 43.845738752340601 ], [ -70.026402759690598, 43.845601057203801 ], [ -70.156628531080997, 43.789810489718903 ], [ -70.235797847130286, 43.685796422593398 ], [ -70.222239227693095, 43.577240436310397 ], [ -70.341610602309004, 43.534908713682704 ], [ -70.365925605277994, 43.430303717879298 ], [ -70.456976799420005, 43.349470663299599 ], [ -70.538941098808806, 43.335718193147009 ], [ -70.665672117894914, 43.091050564121304 ], [ -70.818668147602494, 43.121871066558398 ], [ -70.8305481607497, 43.159174119274198 ], [ -70.813207380197596, 43.23522270818389 ], [ -70.901085887748408, 43.281020017441691 ], [ -70.905801143221794, 43.302069293764795 ], [ -70.969699612722508, 43.366379968007308 ], [ -70.979099455677897, 43.3961839197787 ], [ -70.961482922223794, 43.438126386854101 ], [ -70.970791227441495, 43.470211477697916 ], [ -70.959278401325705, 43.516387992524308 ], [ -70.964268270011999, 43.531989866884793 ], [ -70.949619538173195, 43.548953617637991 ], [ -70.956524394981301, 43.564143494472802 ], [ -70.973874189436316, 43.571829918823902 ], [ -71.0085965203196, 44.282146341342489 ], [ -71.028726119530603, 44.668538114547403 ], [ -71.087509250961517, 45.301469196722891 ], [ -70.95938190579642, 45.338865755729884 ], [ -70.876444053094616, 45.225445370144094 ], [ -70.842875553581607, 45.278137434422291 ], [ -70.812665820769297, 45.354678006294485 ], [ -70.8291320455277, 45.390726157958994 ], [ -70.796966917443015, 45.42517216609599 ], [ -70.634929632341112, 45.391967020115601 ], [ -70.719910584554299, 45.512954369937503 ], [ -70.552270122743096, 45.660664160049102 ], [ -70.396383116810796, 45.722045989314097 ], [ -70.416213910322398, 45.790309000941207 ], [ -70.253964125050814, 45.899004858130695 ], [ -70.24746468665532, 45.944619765365601 ], [ -70.31029526768711, 45.968782257242594 ], [ -70.280022592966901, 46.053154045756095 ], [ -70.304849627061799, 46.066658322755707 ], [ -70.229325398639304, 46.137434400139909 ], [ -70.283496623655495, 46.190249239991608 ], [ -70.191058479965704, 46.3348397534767 ], [ -70.046607526562909, 46.426115518129592 ], [ -69.984977555948916, 46.691365669083083 ], [ -69.230296050450704, 47.453334500612598 ], [ -69.046976422652193, 47.422030666487601 ], [ -69.03671450867671, 47.257361632574302 ], [ -68.894871992267397, 47.182256498830803 ], [ -68.514673029348501, 47.296964318404598 ], [ -68.391256847137711, 47.285097152659098 ], [ -68.334813755972121, 47.357374096673702 ], [ -68.230806786, 47.352148208783696 ], [ -67.7910107465827, 47.061003601502691 ], [ -67.78028958979759, 45.947062740257309 ], [ -67.755615066794803, 45.9165802073734 ], [ -67.794570823780703, 45.878475694363502 ], [ -67.759367129762893, 45.827798600003099 ], [ -67.803053424413804, 45.794508132769799 ], [ -67.803432785394605, 45.678113625475994 ], [ -67.752955188390004, 45.659289177234399 ], [ -67.718034603447805, 45.681299470293084 ], [ -67.615140332438713, 45.605198921931894 ], [ -67.439300741698204, 45.592561430120007 ], [ -67.416084243385299, 45.503554526982199 ], [ -67.504106662557717, 45.485815995015308 ], [ -67.418555088850212, 45.375852337568801 ], [ -67.47795007779078, 45.280280412121606 ], [ -67.439434862356308, 45.189583972041703 ], [ -67.345605676599703, 45.122252241631507 ], [ -67.274095225152607, 45.182783293156902 ], [ -67.165905648840521, 45.15626439093819 ], [ -67.150660756115798, 45.121989905975802 ], [ -67.065358618858113, 44.95929564204571 ], [ -67.146706657393935, 44.904581199871998 ], [ -66.96927103600251, 44.828655127515596 ], [ -67.007718750773606, 44.780625012354207 ], [ -67.200364607987396, 44.653781215874197 ], [ -67.308468137789902, 44.653521055988186 ], [ -67.388510455511707, 44.691400221426605 ], [ -67.570993603485419, 44.598333228502099 ], [ -67.618838260185598, 44.540239608836188 ], [ -67.811218932521498, 44.554009847774303 ], [ -67.858560520194914, 44.53607720607161 ], [ -67.900041775907312, 44.452399332666403 ], [ -67.968342241854899, 44.471228391467498 ], [ -67.963436761948714, 44.50532741614829 ], [ -67.986523698359008, 44.48481234307981 ], [ -68.016392975024104, 44.384956586199692 ], [ -68.074379153112204, 44.381374388676903 ], [ -68.136264724856701, 44.47523714345099 ], [ -68.245614245415808, 44.490648016318104 ], [ -68.363765738510907, 44.431386837211306 ], [ -68.428571244938198, 44.465306412699498 ], [ -68.552186199248212, 44.399049253479298 ], [ -68.530075665373317, 44.289836081152103 ], [ -68.559426798035901, 44.259887233482402 ], [ -68.740309874643714, 44.346330147492502 ], [ -68.812851692711902, 44.327432292926986 ], [ -68.813767743541206, 44.413990160100603 ], [ -68.741348701046519, 44.507284883582315 ], [ -68.74527902171431, 44.552320621656392 ], [ -68.823552076077306, 44.60890684738289 ], [ -68.823812857611685, 44.664089494465095 ], [ -68.860608904193612, 44.610970409489809 ], [ -68.807902852824796, 44.569654201447108 ], [ -68.811677761374298, 44.494593463765412 ], [ -68.95917945465942, 44.43033184794821 ], [ -68.985027753587715, 44.271112598983393 ], [ -69.021482256137503, 44.244093321547801 ], [ -69.074458413767999, 44.069066018145605 ], [ -69.219140724011012, 43.9467875562489 ], [ -69.293650473929304, 43.942190776613693 ], [ -69.346453761480205, 44.015969571535592 ], [ -69.394488435397093, 44.025128059471193 ], [ -69.483233054683183, 43.887160070779302 ], [ -69.589326535951713, 43.844862797837806 ], [ -69.664452857547303, 43.852224462665596 ], [ -69.655244793145997, 43.980249909285 ], [ -69.612932341620919, 44.033612835874003 ], [ -69.720635581610694, 43.937979522640106 ], [ -69.748528378759218, 43.893375415822497 ], [ -69.724671323498697, 43.784477160251001 ], [ -69.750359444337107, 43.7617041045158 ], [ -69.777672968716615, 43.791270741982487 ], [ -69.800012839074199, 44.0268667066427 ], [ -69.766755215601805, 44.047732234037902 ], [ -69.777276253382695, 44.074148305238403 ] ] ], [ [ [ -68.387920977822404, 44.377253066515593 ], [ -68.350253742709398, 44.398950929412401 ], [ -68.355449480648403, 44.428857764006104 ], [ -68.238709233195507, 44.437563329225 ], [ -68.164768809670605, 44.334495721899899 ], [ -68.304705092840805, 44.290031434184804 ], [ -68.320711712161398, 44.225079477738106 ], [ -68.402890324861318, 44.270801463922602 ], [ -68.387920977822404, 44.377253066515593 ] ] ] ] } },
{ "type": "Feature", "properties": { "FID": 21, "Program": " ", "State_Code": "MD", "State_Name": "MARYLAND", "Flowing_St": "P", "FID_1": 939 }, "geometry": { "type": "MultiPolygon", "coordinates": [ [ [ [ -75.710712727925895, 38.649665848324709 ], [ -75.707073545959716, 38.557591368991901 ], [ -75.698802461219614, 38.46318270325019 ], [ -75.349842318356409, 38.455322787171006 ], [ -75.092721257270796, 38.450563860892501 ], [ -75.154873516210301, 38.369739561195395 ], [ -75.150616933702096, 38.27388121121421 ], [ -75.262499050141002, 38.201533606489797 ], [ -75.373068711240705, 38.069040890333795 ], [ -75.372420590903317, 38.016833867276709 ], [ -75.626084043180896, 37.996541240753608 ], [ -75.647866605682196, 37.970254886867892 ], [ -75.865384929133498, 37.97978045822699 ], [ -75.769206378384396, 38.097371276203404 ], [ -75.897451266914999, 38.175057287191493 ], [ -75.837726700675503, 38.231716349397509 ], [ -75.861324994758903, 38.240165950857502 ], [ -75.79382614451751, 38.263724770262897 ], [ -75.894613027202396, 38.258995268678703 ], [ -75.872091894510902, 38.357351350421297 ], [ -75.886481502544498, 38.375581554526399 ], [ -75.949584521019801, 38.282177110089208 ], [ -75.994942480219095, 38.28264661009861 ], [ -76.020463999266696, 38.322017576460503 ], [ -76.065119910123599, 38.259057070897796 ], [ -76.293941771371195, 38.437057718947308 ], [ -76.291652965300898, 38.478851197605401 ], [ -76.191880768336404, 38.543462956925005 ], [ -76.250721039622803, 38.595201723269589 ], [ -76.031597671617803, 38.572040499866795 ], [ -76.027722056015605, 38.622122883854502 ], [ -76.046582352652393, 38.591975989342103 ], [ -76.075659027514106, 38.610900782007995 ], [ -76.123703596002599, 38.708094691929908 ], [ -76.173708377539299, 38.709213037533303 ], [ -76.222981478822916, 38.762908494251299 ], [ -76.266791118891703, 38.770003938120396 ], [ -76.337295069656605, 38.679493992582501 ], [ -76.350204584479599, 38.699143212935894 ], [ -76.272087771099606, 38.834115840263699 ], [ -76.194843285939498, 38.765372397974893 ], [ -76.165522873072305, 38.788725140911403 ], [ -76.114039293426003, 38.885570357843804 ], [ -76.075532055813497, 38.889663291391514 ], [ -76.102564387867105, 38.898131904933891 ], [ -76.095164284442006, 38.94824469789279 ], [ -76.1135363280071, 38.92082901594749 ], [ -76.199341896920004, 38.973466996808504 ], [ -76.110951979891894, 39.118705837847095 ], [ -76.221446369722301, 39.09302921750561 ], [ -76.238567708363405, 39.130935321044497 ], [ -76.218112520764606, 39.204962412727291 ], [ -76.112044786103695, 39.321406910919201 ], [ -76.037090971959401, 39.358479901895798 ], [ -75.849399186840699, 39.37925099052709 ], [ -75.978464651355907, 39.394663831947703 ], [ -75.952303145205221, 39.471295164496993 ], [ -75.974429945548721, 39.524136890645089 ], [ -76.031080460088106, 39.57004101983231 ], [ -76.078178568776096, 39.542475365192701 ], [ -76.154199753348905, 39.402046218391398 ], [ -76.226338380578213, 39.374998396929996 ], [ -76.363710467404601, 39.393387950260504 ], [ -76.398721450395513, 39.231252392895797 ], [ -76.530981255590305, 39.242726314177901 ], [ -76.6037153702529, 39.259460883860584 ], [ -76.564818928892194, 39.231553063540709 ], [ -76.576667652399706, 39.198228302033201 ], [ -76.607018447611296, 39.181092769085311 ], [ -76.5948260561062, 39.158796258708698 ], [ -76.563605626484588, 39.196374442678 ], [ -76.423616658606306, 39.118464741847596 ], [ -76.471718574166502, 38.908351287793209 ], [ -76.548805212418301, 38.759089241444009 ], [ -76.5249309582167, 38.709751281502996 ], [ -76.508571242563406, 38.522220865967192 ], [ -76.38548235827372, 38.391404373115094 ], [ -76.405128833012995, 38.346143546489699 ], [ -76.421135970373896, 38.320623581563403 ], [ -76.47159859601112, 38.335783412055399 ], [ -76.519756926170203, 38.410261043469092 ], [ -76.646937604318509, 38.450548008856408 ], [ -76.343450529230296, 38.2131869251605 ], [ -76.329838551632619, 38.045830245877397 ], [ -76.576950502454906, 38.222764300559 ], [ -76.759927601944696, 38.234409330583503 ], [ -76.863873287738201, 38.391471407542205 ], [ -76.908269971181795, 38.299978480355897 ], [ -76.972724867870099, 38.3311549801521 ], [ -77.002091800764902, 38.426977222717909 ], [ -77.220625846017185, 38.390787697829694 ], [ -77.255577047146801, 38.413717201764086 ], [ -77.277458814383607, 38.48722081362849 ], [ -77.129690692923603, 38.648241910692811 ], [ -77.124815621988603, 38.677915523500893 ], [ -77.092847660077993, 38.704098890956303 ], [ -77.081578727379807, 38.715393932890201 ], [ -77.0568204890494, 38.712136339478484 ], [ -77.046169578541594, 38.7188957823479 ], [ -77.045147433039602, 38.788233935009501 ], [ -76.910904672823406, 38.890100103052006 ], [ -77.042088249098995, 38.993541165697401 ], [ -77.122328302839193, 38.932171251361403 ], [ -77.151747713225902, 38.96488933576299 ], [ -77.243431849121507, 38.9759898017249 ], [ -77.255692725566718, 39.027681840825892 ], [ -77.324306554149004, 39.0626960356674 ], [ -77.346226552766893, 39.068620034792808 ], [ -77.432746758403695, 39.066884029627403 ], [ -77.45940454725222, 39.080944474794499 ], [ -77.478958966213398, 39.104064669397999 ], [ -77.512757838289701, 39.116759456477503 ], [ -77.516327861863303, 39.157548869243207 ], [ -77.478347626743997, 39.177037859702587 ], [ -77.461707133196896, 39.218735345475601 ], [ -77.464667267814306, 39.229160597587494 ], [ -77.493773470978496, 39.250014676289894 ], [ -77.541900770517913, 39.269042092758006 ], [ -77.568672942685396, 39.298495072162197 ], [ -77.61623578541122, 39.29981856176169 ], [ -77.679301919410406, 39.318781015964291 ], [ -77.727467502134886, 39.31779658380291 ], [ -77.750089186466994, 39.326818153662209 ], [ -77.754300699460899, 39.338593988886203 ], [ -77.745450393755803, 39.360371889024009 ], [ -77.756223354580399, 39.378476209313405 ], [ -77.737233340628805, 39.396195418373601 ], [ -77.740834498430203, 39.403439384423898 ], [ -77.756986324473218, 39.425163822793003 ], [ -77.802275436104097, 39.43231619930139 ], [ -77.804694011293194, 39.440017957648202 ], [ -77.795797962621407, 39.450916439660297 ], [ -77.804190476030001, 39.463138566684009 ], [ -77.785108924340705, 39.459102721187797 ], [ -77.799498325158197, 39.480827107752908 ], [ -77.7715512373763, 39.49811520359691 ], [ -77.825187119448913, 39.49390742049389 ], [ -77.847877495937396, 39.502005842370501 ], [ -77.825263478603105, 39.512038368059507 ], [ -77.828925765170894, 39.5292537828362 ], [ -77.835464263812099, 39.525610767371099 ], [ -77.843849213831007, 39.531931585438599 ], [ -77.864632113783301, 39.514651260200509 ], [ -77.86956095731118, 39.545912096972799 ], [ -77.889916732958412, 39.55809210731249 ], [ -77.885171172122, 39.564451104957101 ], [ -77.852959109577498, 39.565454445592891 ], [ -77.839866778299495, 39.5727404247191 ], [ -77.842407559217605, 39.605374534772807 ], [ -77.855522839685094, 39.6021664142188 ], [ -77.888436898768006, 39.616570320167298 ], [ -77.890740935225793, 39.6007014477875 ], [ -77.903253423890604, 39.596123887450993 ], [ -77.938609059155993, 39.6182181030536 ], [ -77.947543235600804, 39.615013764194401 ], [ -77.935457871241297, 39.591939105341503 ], [ -77.944979557297401, 39.586011169108986 ], [ -77.964236776484299, 39.611325005762396 ], [ -77.995205127649996, 39.598969276120989 ], [ -78.094337959159901, 39.675600246041995 ], [ -78.182972132233914, 39.694641649600705 ], [ -78.2043044658285, 39.675938371007398 ], [ -78.227597789531899, 39.673988829591302 ], [ -78.229230290226496, 39.658566352619495 ], [ -78.257726708042483, 39.641167655151285 ], [ -78.273015945024994, 39.618409622587407 ], [ -78.347923239141906, 39.640590765368103 ], [ -78.356781004628601, 39.632370241370509 ], [ -78.37767072451031, 39.631317168856803 ], [ -78.384636243848604, 39.614494739523295 ], [ -78.431893805369896, 39.620952372059008 ], [ -78.403999557708318, 39.587613105420402 ], [ -78.450631481845406, 39.592705131672602 ], [ -78.461816232979501, 39.580833977015999 ], [ -78.420822090649906, 39.549409750303298 ], [ -78.445869913560799, 39.548318550016688 ], [ -78.455810953316202, 39.533735246679591 ], [ -78.481278181730318, 39.519937603404586 ], [ -78.508782863015298, 39.525159502383595 ], [ -78.564188733703403, 39.521073458773209 ], [ -78.604366237155304, 39.535682923150205 ], [ -78.637081783159005, 39.529949200261491 ], [ -78.649144198329211, 39.537997890260399 ], [ -78.666425197019805, 39.53692958735909 ], [ -78.716315025392902, 39.559572563151498 ], [ -78.732718619067697, 39.576642771205599 ], [ -78.76145167773582, 39.581792351745591 ], [ -78.773743066760204, 39.601616876968407 ], [ -78.736251188320693, 39.608792306274495 ], [ -78.730498556957698, 39.621544647641798 ], [ -78.732383032500195, 39.626965215111994 ], [ -78.7676164620365, 39.626614035528696 ], [ -78.772705483654406, 39.644241344222991 ], [ -78.798150332723495, 39.630832956500207 ], [ -78.798470792511495, 39.615418094722202 ], [ -78.822412702788597, 39.585698479926997 ], [ -78.806550616738008, 39.566823833571299 ], [ -78.838114610749116, 39.563318202418706 ], [ -78.870815496209701, 39.525790216563699 ], [ -78.955390822794101, 39.460458743724089 ], [ -78.970436580791201, 39.438525276055891 ], [ -79.048854531052399, 39.4838153201596 ], [ -79.064411491310693, 39.485825627713893 ], [ -79.070629737380102, 39.470849856973999 ], [ -79.10459717980082, 39.4708728579675 ], [ -79.096715713241295, 39.464628450858093 ], [ -79.104078465953904, 39.447306837800596 ], [ -79.13140064160811, 39.417031210250194 ], [ -79.158127537045203, 39.413960629420799 ], [ -79.163018356408202, 39.393495858074594 ], [ -79.2601680256804, 39.348641641354796 ], [ -79.2798225818498, 39.32524356988371 ], [ -79.295273240219203, 39.300540969091593 ], [ -79.346194590625501, 39.292091989280003 ], [ -79.384847656608898, 39.269300646718797 ], [ -79.449281831681404, 39.212093497775598 ], [ -79.461191994779796, 39.213264631695203 ], [ -79.489864805349995, 39.197395759315398 ], [ -79.480971087859984, 39.720274081096598 ], [ -79.396610074586704, 39.719313582401398 ], [ -78.384783004692295, 39.723748578021386 ], [ -78.095948339529713, 39.725461064152995 ], [ -77.475793376775698, 39.719623215145099 ], [ -76.569834440578092, 39.720265378017899 ], [ -75.791094569322112, 39.723866017778803 ], [ -75.772353732800298, 39.383118524699206 ], [ -75.724590615658101, 38.830283325622297 ], [ -75.710712727925895, 38.649665848324709 ] ] ], [ [ [ -76.292804154665205, 38.907836718269394 ], [ -76.294186700869702, 38.967680122975402 ], [ -76.338743355187106, 38.956774129377607 ], [ -76.314129805538798, 38.942038366752406 ], [ -76.322307953832194, 38.912200586943293 ], [ -76.342221582002793, 38.924170739119205 ], [ -76.329387234840993, 38.876003809489589 ], [ -76.375240596069503, 38.8542185531782 ], [ -76.356474634588494, 38.958299913750999 ], [ -76.299490243014901, 39.040707293089099 ], [ -76.247821774751813, 38.979009562791603 ], [ -76.246408819576203, 38.923694090152388 ], [ -76.273189487606217, 38.949343409765092 ], [ -76.292804154665205, 38.907836718269394 ] ] ], [ [ [ -75.067924683951205, 38.450075348800596 ], [ -75.045622993170696, 38.449602170704409 ], [ -75.087320427139602, 38.323059303889494 ], [ -75.067924683951205, 38.450075348800596 ] ] ], [ [ [ -75.2703576711191, 38.0277091928833 ], [ -75.244096183172303, 38.038023843371001 ], [ -75.209388668244301, 38.094296913679102 ], [ -75.164373444569819, 38.204962464055896 ], [ -75.094026978084713, 38.320316590825698 ], [ -75.172811856357399, 38.124306320270897 ], [ -75.242219271019593, 38.028647519449507 ], [ -75.2703576711191, 38.0277091928833 ] ] ] ] } },
{ "type": "Feature", "properties": { "FID": 22, "Program": "MA-EPICS", "State_Code": "MA", "State_Name": "MASSACHUSETTS", "Flowing_St": "F", "FID_1": 940 }, "geometry": { "type": "MultiPolygon", "coordinates": [ [ [ [ -71.319327768674299, 41.772195872063399 ], [ -71.339798601093094, 41.784425562476898 ], [ -71.345483161948195, 41.81316136675909 ], [ -71.334542718664181, 41.857903583145799 ], [ -71.342493136400194, 41.875782866687793 ], [ -71.333085937271306, 41.896031148953199 ], [ -71.383953152456414, 41.888439733210497 ], [ -71.382405299562095, 41.979263093186994 ], [ -71.378644222691094, 42.013713297451098 ], [ -71.497430367073406, 42.009253487696299 ], [ -71.797831630944813, 42.00427480868241 ], [ -71.802340706341099, 42.017976925308702 ], [ -72.094971778729601, 42.025799490675396 ], [ -72.507571785328807, 42.030765995739998 ], [ -72.571225895175417, 42.030124972556003 ], [ -72.581907370066503, 42.021606886155894 ], [ -72.607825293623605, 42.022800813852697 ], [ -72.60952669369081, 42.030536866473597 ], [ -72.755893826708402, 42.033847507221701 ], [ -72.767575015952204, 42.002167161337994 ], [ -72.817679572068798, 41.997185063257596 ], [ -72.816450987469594, 42.033507724527084 ], [ -73.045632472359003, 42.036310374864392 ], [ -73.484230284344221, 42.047428039767397 ], [ -73.498840007741407, 42.077460706372889 ], [ -73.350824211168899, 42.504755757622206 ], [ -73.258059805638794, 42.746058662482703 ], [ -72.922997443258808, 42.737364494152516 ], [ -72.279916913677397, 42.720467052569894 ], [ -71.900941924798317, 42.705378608044192 ], [ -71.287194448269801, 42.698603468550893 ], [ -71.252411558464317, 42.726068934178102 ], [ -71.240479223237202, 42.743555232277103 ], [ -71.186347472899115, 42.738760613015302 ], [ -71.181060818870819, 42.807317146329801 ], [ -71.120604416966202, 42.818280849627598 ], [ -71.065564749033001, 42.804319712804102 ], [ -71.025426150414603, 42.851171389676502 ], [ -70.921336138567312, 42.885149244709091 ], [ -70.898111662432399, 42.886877479268698 ], [ -70.849739796022703, 42.863429313291498 ], [ -70.813880729102195, 42.867064972582995 ], [ -70.739695427882808, 42.663523534383295 ], [ -70.593199251003099, 42.646305114972407 ], [ -70.633452025724296, 42.582642146634903 ], [ -70.813128379037494, 42.546436458886291 ], [ -70.893603933940994, 42.448068099586401 ], [ -70.960621990892506, 42.4323935441587 ], [ -71.034161969192496, 42.285628815138494 ], [ -70.923204140425213, 42.2345170330833 ], [ -70.89267104679891, 42.265766887399295 ], [ -70.824660890688193, 42.260506912451199 ], [ -70.774595498425498, 42.248639953921909 ], [ -70.686037270073214, 42.153166611561709 ], [ -70.618703001265118, 41.968189824345799 ], [ -70.540338512772493, 41.930951526679308 ], [ -70.537704795407606, 41.805761988590604 ], [ -70.423511700769595, 41.7436223698367 ], [ -70.273834134220195, 41.721663000148794 ], [ -70.341127218816993, 41.7118130836988 ], [ -70.205259624903903, 41.7125733079775 ], [ -70.019214690198893, 41.781519355864603 ], [ -70.000447951657307, 41.856350394435395 ], [ -70.100497248428795, 42.002193892222294 ], [ -70.255148158176098, 42.06011925236821 ], [ -70.135090483645797, 42.0724940977003 ], [ -70.050470968215706, 42.0262987262034 ], [ -69.964170670726318, 41.904094188670896 ], [ -69.917779790784621, 41.7676537974939 ], [ -69.9544232744704, 41.67149513949601 ], [ -70.397616622793805, 41.612571567314291 ], [ -70.432918899898596, 41.569755891350106 ], [ -70.637139074622993, 41.539804660694607 ], [ -70.664887804737802, 41.556127129243606 ], [ -70.619760891554421, 41.735636207313398 ], [ -70.839430688567305, 41.626691949755021 ], [ -70.892128451289921, 41.633912603987412 ], [ -71.001184760985709, 41.52012409889749 ], [ -71.117132717459398, 41.493061979521201 ], [ -71.141212633697506, 41.6552730671755 ], [ -71.198808675564806, 41.67850034072849 ], [ -71.228976136280906, 41.707693989111306 ], [ -71.266628607242609, 41.749743068899789 ], [ -71.319327768674299, 41.772195872063399 ] ] ], [ [ [ -70.604330851192714, 41.429663056372704 ], [ -70.567694671876495, 41.464566701394105 ], [ -70.552831730334603, 41.417388762681298 ], [ -70.575857382566099, 41.410285703618293 ], [ -70.515157139048014, 41.398660100108685 ], [ -70.486141178520413, 41.341561014391708 ], [ -70.738676546035293, 41.334155160718304 ], [ -70.769713071316914, 41.29816388988899 ], [ -70.843919819408413, 41.348598903973091 ], [ -70.782524158464909, 41.352517672340099 ], [ -70.770926632744704, 41.324980406314189 ], [ -70.751769550765914, 41.382169009411299 ], [ -70.667487953085114, 41.45493731474 ], [ -70.605842182239201, 41.474663256875793 ], [ -70.604330851192714, 41.429663056372704 ] ] ], [ [ [ -70.03171640362352, 41.311931175997003 ], [ -70.006508454426694, 41.32477474427769 ], [ -70.026619922223901, 41.337210407552 ], [ -70.087633217552408, 41.296848688935796 ], [ -70.034485951179605, 41.349718492873393 ], [ -70.0492644003333, 41.391961267965392 ], [ -69.965980082215694, 41.294891169697792 ], [ -69.968444348567516, 41.251816784360699 ], [ -70.103105685422406, 41.238279663599997 ], [ -70.213268684812604, 41.270204938982104 ], [ -70.207096440730197, 41.294087792654203 ], [ -70.097872026926396, 41.277630944426903 ], [ -70.03171640362352, 41.311931175997003 ] ] ] ] } },
{ "type": "Feature", "properties": { "FID": 23, "Program": " ", "State_Code": "MI", "State_Name": "MICHIGAN", "Flowing_St": "P", "FID_1": 941 }, "geometry": { "type": "MultiPolygon", "coordinates": [ [ [ [ -88.497527507730098, 48.173795293741392 ], [ -88.625327088737706, 48.0331676856649 ], [ -88.901547625710094, 47.960248526973501 ], [ -89.028622675422099, 47.850655216604892 ], [ -89.139884852921, 47.824076014484284 ], [ -89.192916285461706, 47.844613363289696 ], [ -89.2017873127824, 47.883856943518708 ], [ -89.156098999223616, 47.939228105500291 ], [ -88.497527507730098, 48.173795293741392 ] ] ], [ [ [ -88.5006811304347, 47.290180216812409 ], [ -88.437901110145418, 47.355896179232694 ], [ -88.211391781217998, 47.447834983786301 ], [ -87.788120401515698, 47.470793031746396 ], [ -87.704383523309502, 47.415950219163001 ], [ -87.737510496994403, 47.393024859551794 ], [ -87.917042161625403, 47.358007038427502 ], [ -88.222279695206197, 47.200752302246094 ], [ -88.412843392662893, 46.988094544599001 ], [ -88.470664212257205, 47.111472599036702 ], [ -88.594262019430303, 47.134765042071301 ], [ -88.595632288077496, 47.2435929477573 ], [ -88.5006811304347, 47.290180216812409 ] ] ], [ [ [ -85.8598446472826, 45.969469437825708 ], [ -85.914955338553995, 45.957978162190301 ], [ -85.917104480933901, 45.918192400884607 ], [ -86.067891430987899, 45.964210395350406 ], [ -86.259319271626495, 45.946929655680002 ], [ -86.315638602941902, 45.905682554225798 ], [ -86.343795600691493, 45.834396155249209 ], [ -86.458275378883712, 45.762747438820909 ], [ -86.529389840253501, 45.748961192434486 ], [ -86.522010613856295, 45.724094165621302 ], [ -86.576124750820995, 45.710174057597001 ], [ -86.629784410947806, 45.621233567237795 ], [ -86.685053363559604, 45.650048061855898 ], [ -86.696919389616198, 45.692511107723597 ], [ -86.5847356700598, 45.813879683471697 ], [ -86.761469191304798, 45.826067775241505 ], [ -86.901624139325406, 45.714778141601698 ], [ -87.123759394183097, 45.696246748811191 ], [ -87.260707050514398, 45.554802450053089 ], [ -87.332226826688597, 45.423942700828093 ], [ -87.583864171179911, 45.16273321314641 ], [ -87.592514306076396, 45.108501791836289 ], [ -87.672814141678302, 45.1406726183654 ], [ -87.729668815937202, 45.176604832589703 ], [ -87.736199958404796, 45.199072348100401 ], [ -87.721628207368596, 45.21167191935541 ], [ -87.719668046124397, 45.23677159810979 ], [ -87.705142038055001, 45.247086300401605 ], [ -87.704471434764514, 45.272205198454508 ], [ -87.6453620414932, 45.348169191367909 ], [ -87.643684056851896, 45.361855870390393 ], [ -87.6895980288065, 45.3912693751166 ], [ -87.760038053386893, 45.352897708675307 ], [ -87.828007854150798, 45.358321332583898 ], [ -87.841282535647693, 45.346148937438002 ], [ -87.862096051787304, 45.370165186511699 ], [ -87.868535293889096, 45.372072352223398 ], [ -87.873974666225607, 45.3620857767174 ], [ -87.883610631992696, 45.365854468782189 ], [ -87.849531707279198, 45.406117552507297 ], [ -87.860267420999307, 45.44509838264819 ], [ -87.813614671638405, 45.466460451761499 ], [ -87.789384886314295, 45.499067623714701 ], [ -87.805140929496005, 45.544525823730297 ], [ -87.828601994679005, 45.568591752877808 ], [ -87.786312492343399, 45.56851979706699 ], [ -87.775075470933601, 45.60038694831691 ], [ -87.776044776315501, 45.613200159430605 ], [ -87.819937820887702, 45.654450524539108 ], [ -87.817054252640702, 45.665390760607096 ], [ -87.780944816797401, 45.675915683690796 ], [ -87.777473738939193, 45.684101809806307 ], [ -87.801155851958498, 45.701324373540395 ], [ -87.801552878116794, 45.711391038091399 ], [ -87.842362753478, 45.722418460357709 ], [ -87.873628822458301, 45.750699373369599 ], [ -87.969179611857498, 45.766448578418185 ], [ -87.990069797975494, 45.795046324935392 ], [ -88.051639365079396, 45.786112148490595 ], [ -88.088734113752693, 45.791532508744702 ], [ -88.129949511134697, 45.819401942271398 ], [ -88.121786437816695, 45.834877881011998 ], [ -88.065421052710306, 45.873642118464105 ], [ -88.095764129119999, 45.891803526804892 ], [ -88.093850073471003, 45.920615327613 ], [ -88.150438423163195, 45.936293509323491 ], [ -88.1801939381577, 45.953516642902102 ], [ -88.214991799330519, 45.947901654871806 ], [ -88.257168058035802, 45.967055214175907 ], [ -88.2991520719509, 45.961944124037309 ], [ -88.321323061139907, 45.966712789475295 ], [ -88.36993819931871, 45.99458709258171 ], [ -88.403522136435399, 45.983422078786695 ], [ -88.454318949930894, 46.000760320940884 ], [ -88.483813942411203, 45.999150976651798 ], [ -88.494083264364306, 46.012959965011504 ], [ -88.515613178565303, 46.018609558140092 ], [ -88.548357942047218, 46.019300209593794 ], [ -88.575357689360004, 46.008959087241998 ], [ -88.597536034722594, 46.015516494357598 ], [ -88.6155023490509, 45.994120493598601 ], [ -88.643669500392221, 45.993388295305103 ], [ -88.677383880080299, 46.020144149200199 ], [ -88.703605582524801, 46.01892364603119 ], [ -88.726409617075703, 46.029581757300392 ], [ -88.773017141510195, 46.021147748856201 ], [ -88.777480629351899, 46.032614365768787 ], [ -88.793815375458294, 46.036360212252191 ], [ -88.804397179377304, 46.0268046463544 ], [ -88.925195444455298, 46.07360151455299 ], [ -88.985301081208902, 46.100391248289903 ], [ -89.099806139772397, 46.145642801992302 ], [ -89.925136077501506, 46.304025674740409 ], [ -90.111659370706803, 46.340428994899291 ], [ -90.115177124004205, 46.365155736373794 ], [ -90.141797458532196, 46.393899311261997 ], [ -90.161391093151394, 46.4423800697625 ], [ -90.211525799218805, 46.506295012947803 ], [ -90.258401720381499, 46.508789791878797 ], [ -90.269784984594907, 46.522480511616507 ], [ -90.3001810565369, 46.525051597897615 ], [ -90.302393555256998, 46.5442963841151 ], [ -90.313708179117796, 46.551563247550796 ], [ -90.385525051458217, 46.539657746816097 ], [ -90.408199834931594, 46.568610661827591 ], [ -90.018864608009906, 46.678633790311302 ], [ -89.886251965502296, 46.768935224590599 ], [ -89.791244393260598, 46.824712944673699 ], [ -89.386718098011301, 46.850208406289298 ], [ -89.214592028033721, 46.923378451943798 ], [ -89.125187684305303, 46.996606621730507 ], [ -88.994875710993298, 46.997103318860589 ], [ -88.929688356991406, 47.030926176207196 ], [ -88.884832016305893, 47.10455484302269 ], [ -88.629500059526194, 47.225812765342596 ], [ -88.618104362343701, 47.13111441141249 ], [ -88.511215481853696, 47.106506197580195 ], [ -88.512995002412296, 47.032589655717508 ], [ -88.441164091177214, 46.990734633860605 ], [ -88.445964771511598, 46.928304446249491 ], [ -88.476522886489093, 46.855151651340201 ], [ -88.446616880760004, 46.799396776838499 ], [ -88.177826804379706, 46.945890259908197 ], [ -88.189188362700406, 46.900958181716994 ], [ -88.036684937603894, 46.911865470415897 ], [ -87.900654109162502, 46.909761863786493 ], [ -87.663766203562801, 46.836851563585903 ], [ -87.371538891857696, 46.507991180806897 ], [ -87.110679133246208, 46.501473351977396 ], [ -87.006401953404406, 46.536293644299207 ], [ -86.871382702441096, 46.444359709325411 ], [ -86.759495716422606, 46.4866314946795 ], [ -86.638220336141401, 46.422263732385495 ], [ -86.462392038681514, 46.561085555255403 ], [ -86.148109105383199, 46.673053096555286 ], [ -86.096739080191313, 46.655268562601393 ], [ -85.857536466501699, 46.694815144656992 ], [ -85.503850603749115, 46.674174602205007 ], [ -85.230094747560798, 46.756785312397895 ], [ -84.954759438014193, 46.770951282393291 ], [ -85.026971523371401, 46.694339790791098 ], [ -85.018975466276601, 46.549024124362006 ], [ -85.051655163885002, 46.505576853549094 ], [ -85.0166397257467, 46.476444230324802 ], [ -84.931320648568104, 46.487843501986099 ], [ -84.803653012449004, 46.444054220904903 ], [ -84.629814818968001, 46.482942995267706 ], [ -84.572666882041901, 46.407926342823693 ], [ -84.415967018926906, 46.480658592540806 ], [ -84.3116140497754, 46.48866915476659 ], [ -84.1816465215216, 46.248720873733298 ], [ -84.273134216499798, 46.207309035433802 ], [ -84.247031507933897, 46.171447430115307 ], [ -84.119735099561396, 46.176108602171389 ], [ -84.029578457572399, 46.128943769880692 ], [ -84.061981003569798, 46.094470720035105 ], [ -83.989501764781195, 46.025985728098995 ], [ -83.901952264684795, 46.005902182679009 ], [ -83.906460718432797, 45.960239615727701 ], [ -84.354485104257606, 45.999190036897602 ], [ -84.501634892702896, 45.978342589112103 ], [ -84.616845107851205, 46.038230079055609 ], [ -84.6890226399141, 46.035918168383702 ], [ -84.731732221205505, 45.855679689438702 ], [ -84.851099814126513, 45.890636692620696 ], [ -85.061629720853901, 46.02475165227159 ], [ -85.37824285165, 46.100047476684303 ], [ -85.509546302472714, 46.101911437827098 ], [ -85.655381252593102, 45.972870683838799 ], [ -85.8598446472826, 45.969469437825708 ] ] ], [ [ [ -83.854680146228404, 46.0140316351753 ], [ -83.801105289314194, 45.988412465513491 ], [ -83.756420005566895, 46.027338020744409 ], [ -83.673592132840696, 46.036192159948293 ], [ -83.680314432213905, 46.071794537853606 ], [ -83.732448515183293, 46.084108150810884 ], [ -83.64988753686832, 46.103971477259194 ], [ -83.589498065782607, 46.088518435904092 ], [ -83.533991021805605, 46.01179007438899 ], [ -83.473189397782207, 45.987547804291303 ], [ -83.516159346175797, 45.925714761842805 ], [ -83.579813715042704, 45.91750133499859 ], [ -83.629704838516801, 45.953596162102698 ], [ -83.804881078532418, 45.93676451165009 ], [ -83.852810486641204, 45.9974492139565 ], [ -83.885891665555206, 45.970852450266506 ], [ -83.854680146228404, 46.0140316351753 ] ] ], [ [ [ -86.8348296168042, 41.765504758721896 ], [ -86.6175922266588, 41.907448085791998 ], [ -86.498833434809299, 42.126446761474 ], [ -86.374277822751196, 42.249421417856794 ], [ -86.284980765188493, 42.422324755642101 ], [ -86.217854748618905, 42.774825238364294 ], [ -86.273836835637596, 43.121045051149601 ], [ -86.463201062365215, 43.475166689481895 ], [ -86.541301246648601, 43.663187067622708 ], [ -86.447811170134202, 43.772665321219598 ], [ -86.404345198062998, 43.766642428182898 ], [ -86.434100868469699, 43.781458279852998 ], [ -86.428814162637295, 43.820123830609994 ], [ -86.459548204132702, 43.950184813351001 ], [ -86.438147126577803, 43.945592126234892 ], [ -86.518602322493805, 44.053619245079297 ], [ -86.386423227992495, 44.18320414869779 ], [ -86.271954380452598, 44.351228478441193 ], [ -86.238038327639117, 44.522273605331996 ], [ -86.258626962443515, 44.70073095779329 ], [ -86.108484558248207, 44.734442022022805 ], [ -86.082918332314705, 44.777928922925803 ], [ -86.097964711960216, 44.8506123214339 ], [ -86.067454360307195, 44.89825691093391 ], [ -85.795756574997611, 44.985974877766488 ], [ -85.610215071947806, 45.196527733683389 ], [ -85.565514661420906, 45.180560278216696 ], [ -85.653006244601215, 44.958362236863195 ], [ -85.638039539568297, 44.778435721843586 ], [ -85.526081012171304, 44.763162336897203 ], [ -85.4513510950854, 44.860540358375296 ], [ -85.384869520766301, 45.010603243370092 ], [ -85.390244759702099, 45.211593073607396 ], [ -85.373252775747503, 45.273540913807402 ], [ -85.3054749607536, 45.320383783993115 ], [ -85.092862738857093, 45.370225020177202 ], [ -84.985893458497998, 45.373178109445107 ], [ -84.921674011168818, 45.409899040169798 ], [ -85.081815682859897, 45.464650470427692 ], [ -85.120446939342713, 45.569779360481796 ], [ -85.078019690066299, 45.63018514983991 ], [ -84.983412511245504, 45.683713745746907 ], [ -84.9720378465029, 45.737745203464698 ], [ -84.724185823173002, 45.780304553041702 ], [ -84.465275036133093, 45.653637460140295 ], [ -84.321458371389113, 45.665607560512107 ], [ -84.205560302205299, 45.630905433204106 ], [ -84.135228807087501, 45.571343272628305 ], [ -84.105907617159602, 45.498749495108491 ], [ -83.922892182680698, 45.491773563158304 ], [ -83.782809501295105, 45.409448914871099 ], [ -83.712318656952107, 45.412394440749317 ], [ -83.592363088183603, 45.349501902086303 ], [ -83.495832114554318, 45.3608019172082 ], [ -83.489598016448795, 45.328937459768291 ], [ -83.394019667300597, 45.272907298601005 ], [ -83.420761430497095, 45.257182700471098 ], [ -83.398695707116104, 45.213641457130699 ], [ -83.312707477160302, 45.098620171314202 ], [ -83.444441005118406, 45.052773596415001 ], [ -83.433972444829493, 45.011128173701707 ], [ -83.464903030850508, 44.997883175919291 ], [ -83.429355720639194, 44.926296883358503 ], [ -83.319724386105705, 44.8606466084602 ], [ -83.280812196317001, 44.703183827256503 ], [ -83.356962942792407, 44.335133688645506 ], [ -83.529150504164903, 44.261274131226195 ], [ -83.568236962742219, 44.170118033904394 ], [ -83.598404475262399, 44.070493374844084 ], [ -83.704801942634205, 43.997165223261291 ], [ -83.873614833465894, 43.962842197914 ], [ -83.918376217347102, 43.916997643372191 ], [ -83.938121741409802, 43.6982837344949 ], [ -83.699164678867007, 43.599642264299092 ], [ -83.654614810878812, 43.607419915563696 ], [ -83.530909717540098, 43.72594336166199 ], [ -83.494247998832407, 43.702841557492398 ], [ -83.466408352628321, 43.745740741568092 ], [ -83.367163209961006, 43.844452147217197 ], [ -83.326025829462395, 43.940459433811803 ], [ -82.940154065205419, 44.069959534217794 ], [ -82.805977873179799, 44.033564554509191 ], [ -82.727902192207097, 43.972506293274499 ], [ -82.618487761186699, 43.787866076902802 ], [ -82.605738061825406, 43.694568400590796 ], [ -82.503820607783894, 43.172253499542485 ], [ -82.419835847249004, 42.97246505678369 ], [ -82.471952731277398, 42.898682013930504 ], [ -82.473238248515997, 42.762896114987697 ], [ -82.518179547826207, 42.634052060937108 ], [ -82.645877333896195, 42.63172849435631 ], [ -82.634014778710196, 42.669382882067602 ], [ -82.729805835244207, 42.68122678779941 ], [ -82.820406800479404, 42.635794541607488 ], [ -82.802361536795019, 42.612925855615387 ], [ -82.888138147249919, 42.495755997263394 ], [ -82.874907084754, 42.458067159865898 ], [ -82.929389082202803, 42.363040471933807 ], [ -83.107588502351703, 42.292705764965703 ], [ -83.1938731032172, 42.115749434546991 ], [ -83.190066231575301, 42.033979659326306 ], [ -83.482690983871009, 41.725129933683895 ], [ -83.763954126041995, 41.71704223524339 ], [ -84.359208492965195, 41.708039159426093 ], [ -84.790377450283401, 41.697494758023502 ], [ -84.788477796157395, 41.760959472302005 ], [ -85.659458852145093, 41.762627510567683 ], [ -86.8348296168042, 41.765504758721896 ] ] ] ] } },
{ "type": "Feature", "properties": { "FID": 24, "Program": "MN-DELTA", "State_Code": "MN", "State_Name": "MINNESOTA", "Flowing_St": "F", "FID_1": 942 }, "geometry": { "type": "Polygon", "coordinates": [ [ [ -91.730366152013701, 43.499571779675492 ], [ -92.077532528207996, 43.499153513861103 ], [ -92.453169109373803, 43.499461903307889 ], [ -93.500830224837202, 43.500488503957399 ], [ -94.45523826726712, 43.498102099076803 ], [ -95.464775339598802, 43.4995410080761 ], [ -95.866912018116594, 43.498943966521601 ], [ -96.061039522662298, 43.498533678529292 ], [ -96.460454727772898, 43.499718488715196 ], [ -96.456602320380995, 43.848741832506605 ], [ -96.457397512386194, 44.19906141697259 ], [ -96.455106167918203, 44.538343166560495 ], [ -96.456717791584694, 44.6288086642327 ], [ -96.454496589785805, 45.275195431218791 ], [ -96.457602241949999, 45.2988502435093 ], [ -96.477592073862098, 45.328509351186383 ], [ -96.532548907136402, 45.375132157812502 ], [ -96.605084508720296, 45.396524376876791 ], [ -96.693169196347895, 45.410638128400407 ], [ -96.738032323362901, 45.458195272681905 ], [ -96.769246225675403, 45.517478882937596 ], [ -96.843087185444702, 45.584090278179495 ], [ -96.8549898369575, 45.609122093642299 ], [ -96.8327958467749, 45.650686909270284 ], [ -96.657391772593897, 45.738970576213489 ], [ -96.604610708975699, 45.8082642292052 ], [ -96.587955295865299, 45.817854400201306 ], [ -96.566921508949704, 45.934110435297704 ], [ -96.561802181969, 45.947683093629507 ], [ -96.576215257232505, 46.021279641940602 ], [ -96.551930974058607, 46.095528921148599 ], [ -96.571166072920803, 46.17717467749889 ], [ -96.587890281795893, 46.191918366142104 ], [ -96.586456190571994, 46.215413052146808 ], [ -96.598183070979005, 46.238682597795993 ], [ -96.602074227792698, 46.336324198226706 ], [ -96.614861485082997, 46.350812492955399 ], [ -96.652101595890699, 46.359433721198101 ], [ -96.688228023459203, 46.412218255686696 ], [ -96.709682614586811, 46.4271682798189 ], [ -96.714893841933105, 46.468718486707807 ], [ -96.740316000832905, 46.489432642699811 ], [ -96.751227537463606, 46.588619402214697 ], [ -96.771041753681999, 46.599983706149409 ], [ -96.784317574868098, 46.62411205916441 ], [ -96.790245821924401, 46.629773256397797 ], [ -96.793695038478219, 46.678804018385001 ], [ -96.781556678586597, 46.707044265226003 ], [ -96.780382073796602, 46.762311922736799 ], [ -96.797196991544297, 46.812033128961495 ], [ -96.768249826780604, 46.844861711379302 ], [ -96.778061149221202, 46.867349637681485 ], [ -96.756911114042097, 46.922780426112595 ], [ -96.7630680241287, 46.936261702118792 ], [ -96.787925311782303, 46.932184568803201 ], [ -96.789710375373403, 46.948202533208402 ], [ -96.801887122058503, 46.955843732633006 ], [ -96.793425709277301, 46.969641272299903 ], [ -96.816772235729005, 46.969779330065009 ], [ -96.824531082127308, 47.003436828917792 ], [ -96.835296427757797, 47.010231343121895 ], [ -96.822608271595399, 47.033932312811501 ], [ -96.826964576879817, 47.078832738734583 ], [ -96.819151750672106, 47.0926039619495 ], [ -96.839163910126217, 47.151886743340803 ], [ -96.826491036155502, 47.17006384830551 ], [ -96.837065328488407, 47.240458855175596 ], [ -96.849623663728195, 47.256843695787992 ], [ -96.837713915061997, 47.293884153827996 ], [ -96.846747399850997, 47.314602143318901 ], [ -96.838461706371504, 47.342243276443895 ], [ -96.850631045078899, 47.360954791879387 ], [ -96.839827519871207, 47.384117413991298 ], [ -96.850005511303095, 47.408936211243791 ], [ -96.867248537632307, 47.413087113511502 ], [ -96.855827042038499, 47.436753219082604 ], [ -96.866684080819297, 47.461537670257108 ], [ -96.851615632652198, 47.5006189484305 ], [ -96.86068698619421, 47.5213558981999 ], [ -96.849188717013504, 47.544568044973389 ], [ -96.858664504690807, 47.562978009095403 ], [ -96.852216870334203, 47.601151576889905 ], [ -96.873335512265996, 47.615254967605601 ], [ -96.889425587894607, 47.673925218034597 ], [ -96.923659199469199, 47.714094432840206 ], [ -96.932012652632494, 47.763506317145406 ], [ -96.957830438981702, 47.794440374037102 ], [ -96.9838928440046, 47.809661540511691 ], [ -96.977231569790007, 47.828029387949698 ], [ -97.000340471112395, 47.870197876049097 ], [ -97.020566270425306, 47.87556943689809 ], [ -97.015331109611594, 47.917890073461407 ], [ -97.048053182924605, 47.954924315016598 ], [ -97.06707132647, 48.048164540648798 ], [ -97.092721423142606, 48.0703439738963 ], [ -97.0990303780857, 48.100972542367309 ], [ -97.121872851233704, 48.11636927273161 ], [ -97.120918569023701, 48.142774775907995 ], [ -97.136513190818306, 48.148398000780496 ], [ -97.116065773825298, 48.159223749921289 ], [ -97.137443487757906, 48.1677691370502 ], [ -97.137274969218495, 48.195063493935201 ], [ -97.1308278529023, 48.203741862033297 ], [ -97.110899460580498, 48.207605821726695 ], [ -97.139753896112893, 48.221755162625399 ], [ -97.109235773854309, 48.228048938984294 ], [ -97.127554044826098, 48.233523382655605 ], [ -97.123784627504705, 48.2591734275249 ], [ -97.136655600122296, 48.264483704195193 ], [ -97.111714648944599, 48.277876654314198 ], [ -97.112683539894704, 48.286146961993687 ], [ -97.1305136614031, 48.293040421913091 ], [ -97.113721123000602, 48.294882625359492 ], [ -97.114751039108597, 48.30361828872519 ], [ -97.132634622386007, 48.310969489137094 ], [ -97.1125917949404, 48.319926044926994 ], [ -97.137135927176601, 48.3259918317084 ], [ -97.131123705771998, 48.361491274987294 ], [ -97.150395948129614, 48.363215831459996 ], [ -97.133786381594405, 48.372454719264802 ], [ -97.135205397842796, 48.384410003681403 ], [ -97.158818870509421, 48.388206048279095 ], [ -97.129124536085598, 48.407885522191407 ], [ -97.149823565298504, 48.409991615414697 ], [ -97.151646963878207, 48.419612298990096 ], [ -97.122601164223909, 48.416109879688001 ], [ -97.119633155392293, 48.437102067959593 ], [ -97.143612934422706, 48.438109604722598 ], [ -97.134594317393095, 48.517313992106502 ], [ -97.148327671855995, 48.51795128539969 ], [ -97.139385569392999, 48.534648089937583 ], [ -97.1555374990442, 48.538398236156297 ], [ -97.160435674580398, 48.545077900804998 ], [ -97.146618397574898, 48.549537037107299 ], [ -97.167943167779001, 48.562263269238805 ], [ -97.152126824695202, 48.572856418242509 ], [ -97.158192300652601, 48.583640724151699 ], [ -97.140811890010099, 48.586905829149202 ], [ -97.144718069996202, 48.614024622144498 ], [ -97.122958197663493, 48.620768679214194 ], [ -97.127444323870606, 48.629794341592785 ], [ -97.107630055848105, 48.629946593664698 ], [ -97.097169266165196, 48.674528890981598 ], [ -97.116739278142219, 48.69524309877761 ], [ -97.110101263940606, 48.7085830533643 ], [ -97.1348061441103, 48.726237921807495 ], [ -97.132501796828706, 48.7472187649945 ], [ -97.147898371780499, 48.755653395087208 ], [ -97.139246009310696, 48.7635421142121 ], [ -97.1475160061661, 48.781170096358892 ], [ -97.173944717552018, 48.8015144751175 ], [ -97.164712408860296, 48.810368303497185 ], [ -97.180421880210204, 48.815537517768099 ], [ -97.171204387473907, 48.835980479613703 ], [ -97.175727501765095, 48.8737577983105 ], [ -97.216369117605794, 48.931829919300093 ], [ -97.229436427533599, 48.999987768727202 ], [ -96.406915201213593, 48.999982070282897 ], [ -95.157749893205306, 48.999995901961398 ], [ -95.151867337311202, 49.371730136640707 ], [ -94.832039247827595, 49.330805929764395 ], [ -94.681249966592205, 48.877161323701301 ], [ -94.694432022466202, 48.77761551038909 ], [ -94.570312755832504, 48.713676271109307 ], [ -94.292336890787794, 48.707711139576602 ], [ -94.230827364565499, 48.651987554714694 ], [ -93.843903771091803, 48.624736972242992 ], [ -93.812685413632209, 48.5254079588358 ], [ -93.781105982016499, 48.5115901637894 ], [ -93.514139097000907, 48.534270956530506 ], [ -93.465339432833503, 48.5495199417743 ], [ -93.457769463962904, 48.592709901923293 ], [ -93.304236744406694, 48.637162999965895 ], [ -93.0914423795071, 48.626584874133698 ], [ -92.946926256622802, 48.628355484397495 ], [ -92.729000649813699, 48.540211532948597 ], [ -92.641819890869897, 48.540349331693498 ], [ -92.626379955937097, 48.5028239360404 ], [ -92.698821170560294, 48.494720955408297 ], [ -92.706643010671101, 48.460369955879592 ], [ -92.497529219165102, 48.440072770600992 ], [ -92.456344904207, 48.402169101851996 ], [ -92.473322279422604, 48.357498944884199 ], [ -92.3701160444881, 48.220779070914404 ], [ -92.276917935539998, 48.244340894954099 ], [ -92.3002722844017, 48.298311431121505 ], [ -92.276130876768207, 48.352319680629584 ], [ -92.125962104317097, 48.366755964102794 ], [ -92.035183658443117, 48.3555087891013 ], [ -91.979533946141601, 48.250398134068988 ], [ -91.788814836566004, 48.206145206834798 ], [ -91.711937849262, 48.196775099398103 ], [ -91.703731053334394, 48.1148348888876 ], [ -91.5687753141234, 48.104457762728408 ], [ -91.571561905209094, 48.043571542708506 ], [ -91.239446674632305, 48.081298145250798 ], [ -91.027148437019207, 48.195338936012803 ], [ -90.864494787455399, 48.25419811577359 ], [ -90.743365598174094, 48.088443735430097 ], [ -90.567455243115404, 48.121699856585387 ], [ -90.556835156011402, 48.092750412444502 ], [ -90.145270038707906, 48.112770860544401 ], [ -90.026700590622497, 48.086078984638114 ], [ -89.9870207167736, 48.023556741248903 ], [ -89.900389132452005, 47.992505140991803 ], [ -89.749309955811299, 48.026484653753691 ], [ -89.530673131344699, 48.001656013733687 ], [ -89.625645062407202, 47.992561814610994 ], [ -89.636373627170002, 47.959390652080408 ], [ -89.999677790512109, 47.824564837400402 ], [ -90.509633439244098, 47.709937987540194 ], [ -91.021475635680403, 47.461058845520597 ], [ -91.468657169784294, 47.124935536412998 ], [ -91.800968841277594, 46.9270866368905 ], [ -92.088492035377897, 46.791897261461799 ], [ -92.214624251572403, 46.668203875835893 ], [ -92.303148082042497, 46.666575778484599 ], [ -92.287271542664698, 46.658786005074894 ], [ -92.289370383322606, 46.073231115671099 ], [ -92.327372686962903, 46.0568781863469 ], [ -92.346224850365203, 46.022596137994803 ], [ -92.364962785860897, 46.016248796258992 ], [ -92.424999264222194, 46.0255041059444 ], [ -92.462345780526519, 45.981197561529392 ], [ -92.5239768908299, 45.982583215976206 ], [ -92.552672080745396, 45.951269176455298 ], [ -92.666207885730898, 45.915703113181685 ], [ -92.706240752304794, 45.890958136685391 ], [ -92.734097649253414, 45.844980704782401 ], [ -92.748761922304496, 45.837302051037298 ], [ -92.779107019071702, 45.76334043966029 ], [ -92.833636261804912, 45.730890233946596 ], [ -92.860019748264207, 45.710562536088702 ], [ -92.885397355690117, 45.6449553621513 ], [ -92.876831195141705, 45.578836571520398 ], [ -92.8350369912269, 45.563402179619395 ], [ -92.762174920586901, 45.564263473578997 ], [ -92.728154689850001, 45.547242323950201 ], [ -92.685421019680405, 45.470053320916406 ], [ -92.654817731580394, 45.455221772622309 ], [ -92.644975067695597, 45.439452104978194 ], [ -92.648751012325803, 45.395465916742992 ], [ -92.684869772896405, 45.363076477167496 ], [ -92.707384378279002, 45.318201642439995 ], [ -92.746593353409907, 45.297603113064 ], [ -92.7554193112165, 45.212376506095801 ], [ -92.762583032809403, 45.186612129711492 ], [ -92.744934847087407, 45.156422704082701 ], [ -92.745422219490095, 45.113004029099606 ], [ -92.796761835710697, 45.065610274758498 ], [ -92.762991559464297, 45.022119229532301 ], [ -92.767126454283897, 45.00100488733559 ], [ -92.749767853142004, 44.935655542102495 ], [ -92.753925800759305, 44.915002773897093 ], [ -92.771870823627793, 44.899495959949093 ], [ -92.764263452240598, 44.862234091444591 ], [ -92.761028082761896, 44.835371054991903 ], [ -92.805584685275505, 44.746160561979096 ], [ -92.737145695325907, 44.713594470629197 ], [ -92.630367571872398, 44.642652413102795 ], [ -92.608973643275306, 44.610292294613608 ], [ -92.509214863557006, 44.575159157697499 ], [ -92.340872508815195, 44.552835398396297 ], [ -92.320477983746599, 44.540491065643593 ], [ -92.296687496676199, 44.492181882121592 ], [ -92.249100357856705, 44.45621677233229 ], [ -92.206137454812307, 44.438394421429606 ], [ -92.091333383332795, 44.415589817034302 ], [ -91.972385972975999, 44.364487204293994 ], [ -91.938868345029505, 44.339111410009394 ], [ -91.922754128719106, 44.3175199008056 ], [ -91.922349383759595, 44.288341016573995 ], [ -91.888694319696597, 44.257494974745399 ], [ -91.848743925152903, 44.191187254782697 ], [ -91.753219348598293, 44.137227701071588 ], [ -91.652233590205995, 44.066895739717602 ], [ -91.6017862467599, 44.040822248629894 ], [ -91.569162083081807, 44.034955285751899 ], [ -91.528420174621004, 44.034215265048587 ], [ -91.425901793721394, 43.985619864208793 ], [ -91.373357319151694, 43.947191109716101 ], [ -91.291947996437202, 43.847190767761802 ], [ -91.251104914686707, 43.788075779654399 ], [ -91.258915927752795, 43.722395769237494 ], [ -91.258389184279693, 43.677322317822707 ], [ -91.232989922765398, 43.598890069646494 ], [ -91.240558026690394, 43.548712573442501 ], [ -91.223566767992395, 43.500808652921101 ], [ -91.730366152013701, 43.499571779675492 ] ] ] } },
{ "type": "Feature", "properties": { "FID": 25, "Program": "MS-ENSITE", "State_Code": "MS", "State_Name": "MISSISSIPPI", "Flowing_St": "F", "FID_1": 943 }, "geometry": { "type": "Polygon", "coordinates": [ [ [ -88.450803113382605, 31.435617666930899 ], [ -88.434563116864396, 31.1208794797341 ], [ -88.399224939560398, 30.352885942026401 ], [ -88.464237299516995, 30.326076470950593 ], [ -88.5777607751413, 30.380749832520998 ], [ -88.683264415616705, 30.342322839365597 ], [ -88.873786255409698, 30.4302766181858 ], [ -88.930222922874407, 30.416801144231908 ], [ -88.885726464850805, 30.398288867132102 ], [ -89.276121343398898, 30.314840744641696 ], [ -89.273528240401006, 30.372386277570499 ], [ -89.335046573309995, 30.3804232598564 ], [ -89.357531028741505, 30.365284720824601 ], [ -89.318542531602816, 30.318853381928204 ], [ -89.415614183991707, 30.256485255556392 ], [ -89.438121329592505, 30.200967073710899 ], [ -89.573883968521599, 30.194935322183404 ], [ -89.610003298936405, 30.241419863828291 ], [ -89.606310603397404, 30.247828437938601 ], [ -89.621661694403002, 30.256964391117108 ], [ -89.625942521201594, 30.290355876227398 ], [ -89.639172495812602, 30.295829801858204 ], [ -89.637082254625398, 30.311843673744292 ], [ -89.618588057135312, 30.323760726779803 ], [ -89.620198282093, 30.343429062823695 ], [ -89.633451309501396, 30.355307780870003 ], [ -89.646688847502105, 30.355290581928994 ], [ -89.654669933229499, 30.3790653205707 ], [ -89.675369687698506, 30.400074448763199 ], [ -89.675462106104902, 30.445352422525705 ], [ -89.683450755221997, 30.4627185870572 ], [ -89.694597844819398, 30.468186866047805 ], [ -89.695681481716306, 30.478246070816994 ], [ -89.713184098087595, 30.481416011793993 ], [ -89.719059246003894, 30.496037546512301 ], [ -89.732319733194004, 30.4978380477068 ], [ -89.755178680026702, 30.515621856404191 ], [ -89.772796145953507, 30.551246872674593 ], [ -89.790847885142796, 30.553943842771599 ], [ -89.820307132835694, 30.624270520113701 ], [ -89.805536609700198, 30.649456763418002 ], [ -89.819353886706097, 30.651245764115806 ], [ -89.829524521964203, 30.670874003833202 ], [ -89.845447477761397, 30.6662525136712 ], [ -89.835391795666297, 30.675882573777798 ], [ -89.841785502017501, 30.679519838994505 ], [ -89.841343354540498, 30.700549947823095 ], [ -89.830722956612505, 30.703780965762608 ], [ -89.844052084155095, 30.712424884174485 ], [ -89.835613983191806, 30.729361955847398 ], [ -89.823399056929404, 30.733054547778185 ], [ -89.825566019898915, 30.742648345057201 ], [ -89.813351093636598, 30.748168220870991 ], [ -89.824689443747602, 30.789724696048598 ], [ -89.810933554528404, 30.811698933495791 ], [ -89.796566999292295, 30.812652645861792 ], [ -89.796094235628402, 30.829105142549796 ], [ -89.774799926198796, 30.8305319294039 ], [ -89.785024126833605, 30.861579126317604 ], [ -89.765850881994595, 30.862084733742499 ], [ -89.763310774529003, 30.900471371551092 ], [ -89.746800257316906, 30.902794575503606 ], [ -89.745755110821307, 30.910107181906103 ], [ -89.758054270451595, 30.921043688083184 ], [ -89.740475605750504, 30.926109553295404 ], [ -89.748540562217698, 30.949848029109592 ], [ -89.739522515032903, 30.965400275200292 ], [ -89.719822889349203, 30.975493670635593 ], [ -89.726781311534097, 30.984616413784007 ], [ -89.723622871053806, 31.001524734215 ], [ -89.732717484608798, 31.007445003449501 ], [ -90.259376827816197, 31.007370043004503 ], [ -90.560254896066695, 31.001706307373194 ], [ -91.057012170652001, 31.000418096324491 ], [ -91.632297427278203, 31.001365022361401 ], [ -91.627773225102004, 31.011960088114503 ], [ -91.572787640585901, 31.032647875850412 ], [ -91.5520813070043, 31.058159811150599 ], [ -91.564975280615499, 31.082135031425103 ], [ -91.620113894263994, 31.127694404729695 ], [ -91.591488328977206, 31.178481893498194 ], [ -91.600964375674707, 31.213929688149705 ], [ -91.636998747464503, 31.241104170487493 ], [ -91.643682401024193, 31.271117876814397 ], [ -91.634214228540699, 31.277694036992393 ], [ -91.556919493462601, 31.270469083024608 ], [ -91.517078146422705, 31.283069638556395 ], [ -91.502475312962702, 31.29885800745879 ], [ -91.505756166388295, 31.323456689347797 ], [ -91.542790045314803, 31.346986291275002 ], [ -91.544407626446599, 31.368874637624895 ], [ -91.534573251208201, 31.382750090567107 ], [ -91.559376921681604, 31.388230439898795 ], [ -91.567731462728901, 31.421406420205106 ], [ -91.552472427501598, 31.433099783398294 ], [ -91.534802432278994, 31.434335257934691 ], [ -91.534169024289099, 31.409238791030806 ], [ -91.523014526714206, 31.392091809390202 ], [ -91.494708747762502, 31.375249590913498 ], [ -91.480838060792095, 31.377780580868194 ], [ -91.465922175521996, 31.404069058719504 ], [ -91.473292491624406, 31.420374690955704 ], [ -91.507900698208402, 31.453083398826099 ], [ -91.506481889177095, 31.525687278133699 ], [ -91.502957038725398, 31.53488047477569 ], [ -91.464473009322518, 31.542866430082697 ], [ -91.423578019924406, 31.562746489235792 ], [ -91.404252160385596, 31.586353434593892 ], [ -91.415383915987107, 31.602592395031305 ], [ -91.497150997397895, 31.604358550147698 ], [ -91.508877774196804, 31.621946125143698 ], [ -91.507809678511606, 31.643870786125202 ], [ -91.497769071392099, 31.650895310264399 ], [ -91.457377617258004, 31.626966040172999 ], [ -91.408402855437302, 31.625529876787795 ], [ -91.389183815827494, 31.654605152940501 ], [ -91.387948082270697, 31.716682865867192 ], [ -91.365074526698805, 31.751741404966396 ], [ -91.370499238491803, 31.753475130754211 ], [ -91.339912009644095, 31.758542809107809 ], [ -91.282620989961501, 31.749887545611308 ], [ -91.263989511766397, 31.759763571297093 ], [ -91.262684930641697, 31.7739271065027 ], [ -91.336257441878899, 31.763621936154195 ], [ -91.367134617935008, 31.770867715345801 ], [ -91.347236686388399, 31.7958322891653 ], [ -91.334846403452602, 31.843478432786501 ], [ -91.303473462739305, 31.863144541256698 ], [ -91.292647040145894, 31.861492821263401 ], [ -91.276800080874708, 31.827533512076901 ], [ -91.2507295944215, 31.818821005116799 ], [ -91.241383420450603, 31.835387729711595 ], [ -91.264692129953403, 31.865585910223093 ], [ -91.244481353812901, 31.878671869604407 ], [ -91.2015421252148, 31.914448878926596 ], [ -91.163142899024095, 31.988448100036202 ], [ -91.108110639069096, 31.991984295572003 ], [ -91.072488109392197, 32.021213533329885 ], [ -91.073243464091505, 32.0321499358989 ], [ -91.086991997137204, 32.043811076979601 ], [ -91.143122968965002, 32.066259839428 ], [ -91.145694158854198, 32.085828608108102 ], [ -91.125727535151, 32.088399642585287 ], [ -91.089410624130394, 32.056998106041803 ], [ -91.065118000506004, 32.058707069498702 ], [ -91.073922563244494, 32.0941482850372 ], [ -91.041191631440498, 32.107823567171209 ], [ -91.011390528891795, 32.134212855683202 ], [ -91.003936445657303, 32.169413804086794 ], [ -91.024521091550596, 32.1700508383597 ], [ -91.054581680533303, 32.184683510946499 ], [ -91.045418530234699, 32.158824488581999 ], [ -91.054154349012407, 32.134544712359798 ], [ -91.083116329730501, 32.148731093146694 ], [ -91.108820406213496, 32.135143515251599 ], [ -91.156650298762003, 32.144935514785494 ], [ -91.166957903900396, 32.17214107954679 ], [ -91.157375140881996, 32.206014497635991 ], [ -91.116060953196396, 32.22575499670689 ], [ -91.100679712240293, 32.215036067495397 ], [ -91.088022224069505, 32.232537388765699 ], [ -91.062569915218504, 32.232892142827808 ], [ -91.041756450882801, 32.249588584737502 ], [ -90.977324762404109, 32.223554153895499 ], [ -90.971122005742302, 32.269214545077098 ], [ -90.9839242862041, 32.287280219553004 ], [ -90.980872458436295, 32.297800791097501 ], [ -90.971762821709902, 32.303846840539897 ], [ -90.92935028478081, 32.2975529087688 ], [ -90.916479260359196, 32.305464318063109 ], [ -90.875455175295002, 32.379794877808983 ], [ -90.885259089757994, 32.381499955962902 ], [ -90.915029576120105, 32.346043561840901 ], [ -90.984671870296594, 32.356541080587689 ], [ -90.998969577964502, 32.366378771284403 ], [ -91.009315207268017, 32.397227040686708 ], [ -90.970091727005993, 32.419160819179098 ], [ -90.965590266803204, 32.440179013078591 ], [ -90.987555645760494, 32.453106452099199 ], [ -91.027015715069993, 32.442559149670295 ], [ -91.058617318813702, 32.4471403880937 ], [ -91.11779193337, 32.498709288992892 ], [ -91.118852362057396, 32.524205890297502 ], [ -91.0888910296148, 32.548775561924401 ], [ -91.037307830800401, 32.497095800380691 ], [ -91.019790398473802, 32.49095432789769 ], [ -90.992156207090304, 32.495421234806003 ], [ -90.995177418669698, 32.511781882932098 ], [ -91.063194723737695, 32.542298399265896 ], [ -91.073372507953493, 32.561748899323895 ], [ -91.058975491942306, 32.576526571417006 ], [ -91.032432241824694, 32.582809158103402 ], [ -90.9987628280428, 32.615603031814693 ], [ -90.996237381120693, 32.626112206470495 ], [ -91.007986848088905, 32.642808544772095 ], [ -91.027571935041507, 32.641637462656703 ], [ -91.047736968215006, 32.614489193162903 ], [ -91.063919306837505, 32.606524322099901 ], [ -91.111100509204405, 32.597663085742489 ], [ -91.146371859297901, 32.644986593805996 ], [ -91.139665411960806, 32.663308024824701 ], [ -91.059135100187703, 32.7236507168627 ], [ -91.097816969217305, 32.74952875130959 ], [ -91.136575197400404, 32.751256726848993 ], [ -91.156450231562303, 32.762811099804402 ], [ -91.142259240215296, 32.841342086479699 ], [ -91.079635564517304, 32.877290826192599 ], [ -91.075698612932499, 32.953838236198003 ], [ -91.092781253955707, 32.987746103973301 ], [ -91.111923986215899, 32.987475220651092 ], [ -91.132462889142104, 32.975348568472 ], [ -91.130044313952993, 32.93759176417479 ], [ -91.137284809132694, 32.917912290262393 ], [ -91.169809768075694, 32.905148655614504 ], [ -91.198420776426502, 32.914288338683789 ], [ -91.209270148209399, 32.935978068346493 ], [ -91.161974251698595, 33.000417993667405 ], [ -91.162241353326394, 33.01316261623279 ], [ -91.156793847754997, 33.04055534898869 ], [ -91.124093324923294, 33.047395036315201 ], [ -91.117898079847294, 33.065693777164597 ], [ -91.146898343750706, 33.090774754660693 ], [ -91.190646699640595, 33.113345722838197 ], [ -91.195613670941398, 33.140585840893792 ], [ -91.177737443838495, 33.150408508419098 ], [ -91.121438367901902, 33.131190660302103 ], [ -91.095963109862296, 33.145205673326601 ], [ -91.086426089810004, 33.1617229768679 ], [ -91.092110288037006, 33.225816125948803 ], [ -91.054648818568594, 33.245900241213192 ], [ -91.040534030963897, 33.282040034223492 ], [ -91.0539393622484, 33.293693611914492 ], [ -91.076431536481806, 33.292476683224201 ], [ -91.103013069784893, 33.249329357799603 ], [ -91.122613646144401, 33.268623616874699 ], [ -91.141855790356004, 33.322501268399407 ], [ -91.130533499497304, 33.359518414621597 ], [ -91.107049536929097, 33.393522068065892 ], [ -91.078796960726294, 33.410295128149798 ], [ -91.061622678356898, 33.431912642981501 ], [ -91.061088682319195, 33.460125640897814 ], [ -91.073868324414804, 33.466320523345409 ], [ -91.085907945807705, 33.4629711849798 ], [ -91.099236814329501, 33.415013699081705 ], [ -91.137743585705806, 33.388993980586903 ], [ -91.185093203005806, 33.391946240990201 ], [ -91.204274218450507, 33.414414274541393 ], [ -91.198941148002802, 33.422226634512306 ], [ -91.130625296255701, 33.443237938474496 ], [ -91.119821719243902, 33.452946170876601 ], [ -91.119066416348602, 33.469787767704801 ], [ -91.128908769409094, 33.493304833054395 ], [ -91.165088710549597, 33.511893262092308 ], [ -91.174290040425504, 33.504481399150301 ], [ -91.171840745441699, 33.466758630106902 ], [ -91.181881300756203, 33.447502395196693 ], [ -91.232961844976103, 33.443557776614 ], [ -91.227262571773593, 33.459567815001193 ], [ -91.207753584955299, 33.473510354174486 ], [ -91.180515901689006, 33.512125862229404 ], [ -91.182957426067702, 33.523462917239293 ], [ -91.20421376313621, 33.538618188975903 ], [ -91.213598272096505, 33.5393886704544 ], [ -91.227743727691703, 33.556462763811403 ], [ -91.226843684310396, 33.590592093855392 ], [ -91.187917041195007, 33.574792328064298 ], [ -91.168133389359099, 33.577355902759685 ], [ -91.15076090473481, 33.616272806715997 ], [ -91.154514832648204, 33.637142582042493 ], [ -91.205420123802696, 33.670054465355697 ], [ -91.215254861669294, 33.69083254753231 ], [ -91.211791088180505, 33.709074044918196 ], [ -91.163411554773305, 33.718424363211803 ], [ -91.121158315265319, 33.677638991161196 ], [ -91.083879714055996, 33.662697566499496 ], [ -91.037941756830804, 33.683327696339497 ], [ -91.038933752381695, 33.705601361134605 ], [ -91.0563218300221, 33.719467282133685 ], [ -91.104678466044604, 33.708343141725798 ], [ -91.129055219428608, 33.712550354984394 ], [ -91.138111705210306, 33.72333414285319 ], [ -91.143002628180994, 33.771928559416303 ], [ -91.137097330314305, 33.780194929988703 ], [ -91.105525824717603, 33.776548650869096 ], [ -91.066500287690403, 33.786635156367197 ], [ -91.043512037975503, 33.76966425665659 ], [ -91.018540159786014, 33.7640838219206 ], [ -90.995483425130601, 33.771660007275798 ], [ -90.984145800276195, 33.785450035357094 ], [ -90.990478533272693, 33.799007152476996 ], [ -91.028962666283604, 33.816695020093292 ], [ -91.054926488219905, 33.843633483227407 ], [ -91.061480528073105, 33.867188676350096 ], [ -91.018571967466499, 33.936413429969306 ], [ -91.0758173995943, 33.974749455231503 ], [ -91.088963399857803, 33.994573825042103 ], [ -91.069805489013916, 34.006201189889104 ], [ -91.031168844910994, 33.985805007091102 ], [ -91.009653280429617, 33.990634697687589 ], [ -91.000367872597295, 33.968479508730702 ], [ -90.986924361735504, 33.960922905302382 ], [ -90.964897594992095, 33.96756832748099 ], [ -90.961235463836204, 33.978981741645093 ], [ -90.975380971236305, 33.994713074300094 ], [ -90.973473701916404, 34.01110459763369 ], [ -90.950577404371103, 34.031395048387203 ], [ -90.886450323644894, 34.040818099552197 ], [ -90.866438578623203, 34.101059100260798 ], [ -90.906417931624006, 34.102855301720098 ], [ -90.942353823935306, 34.126047866566701 ], [ -90.953455325977799, 34.155908750977403 ], [ -90.9290256288661, 34.185754767628801 ], [ -90.846716625398699, 34.147651290699692 ], [ -90.828970115609394, 34.148765388371807 ], [ -90.8076149882381, 34.166278572767091 ], [ -90.823027208010004, 34.190650093943198 ], [ -90.921594598429294, 34.2049349024051 ], [ -90.9338176579259, 34.234780504624091 ], [ -90.928545768048195, 34.25029850824469 ], [ -90.863518074096206, 34.219267059758998 ], [ -90.831466137838007, 34.229639368142593 ], [ -90.823944346723707, 34.2774444465567 ], [ -90.806526533565503, 34.299451216940795 ], [ -90.792633052816797, 34.300061675741382 ], [ -90.758360225583999, 34.279081506006897 ], [ -90.747863017661302, 34.317823001485699 ], [ -90.761963869979397, 34.364018010354201 ], [ -90.7554179633605, 34.372269098735103 ], [ -90.687590675509099, 34.37797660877979 ], [ -90.681242453104701, 34.363504010675001 ], [ -90.689481263928101, 34.320249813516995 ], [ -90.679440656808595, 34.318079431480903 ], [ -90.657917839761694, 34.330111023247596 ], [ -90.657346493010607, 34.366014330817897 ], [ -90.603894100845494, 34.404702986176396 ], [ -90.579228021900704, 34.433103203891193 ], [ -90.574505721078495, 34.454049390175911 ], [ -90.590155047939305, 34.496608998773098 ], [ -90.580450182799296, 34.5203246808099 ], [ -90.565785961553203, 34.532611770099102 ], [ -90.537250949727607, 34.543430370282493 ], [ -90.530719962672094, 34.55575170204169 ], [ -90.577718866624295, 34.604845405936807 ], [ -90.588095267527294, 34.627916127682603 ], [ -90.579405088107706, 34.645711436876695 ], [ -90.561162658249003, 34.700386611588591 ], [ -90.539166300477802, 34.686047616101398 ], [ -90.547650403427497, 34.651906681952703 ], [ -90.539066992133698, 34.636995407241891 ], [ -90.508914554589396, 34.638166800181608 ], [ -90.466326142946301, 34.672140044654697 ], [ -90.4700800190557, 34.70435443838101 ], [ -90.513668041443594, 34.702168411524902 ], [ -90.533383104730902, 34.713352748226697 ], [ -90.547848916506794, 34.790434568702793 ], [ -90.527363268132405, 34.807421113233289 ], [ -90.516147693595613, 34.805700804691696 ], [ -90.501384371220595, 34.789931292459698 ], [ -90.498836078716906, 34.765884064570493 ], [ -90.517070945185807, 34.748470240322703 ], [ -90.504520121531797, 34.729954181528001 ], [ -90.486025975846005, 34.726933073556197 ], [ -90.451532567013103, 34.741299110751996 ], [ -90.44896904412181, 34.760848970957703 ], [ -90.466806988040204, 34.799761730590788 ], [ -90.452005537892902, 34.825315834379104 ], [ -90.474817964698005, 34.857823801596794 ], [ -90.470629297286095, 34.881020458962595 ], [ -90.438188260886506, 34.886277170256093 ], [ -90.427941732711005, 34.872739168826698 ], [ -90.433648724715496, 34.835451346498395 ], [ -90.422410304596198, 34.832365379869394 ], [ -90.404030594033216, 34.841135285705199 ], [ -90.341521301653998, 34.860674008042395 ], [ -90.322920336038294, 34.850363242857703 ], [ -90.301649027602295, 34.851873952255701 ], [ -90.296369263511494, 34.882787598355705 ], [ -90.266804594598199, 34.896608087212208 ], [ -90.242939198887498, 34.920827149100184 ], [ -90.241993101715707, 34.938999954329603 ], [ -90.248264602337301, 34.949856371461792 ], [ -90.299604114949801, 34.978576323707905 ], [ -90.305448335854507, 35.000788756128507 ], [ -89.717270089894001, 34.999261210417806 ], [ -89.646558715755106, 35.0007332740023 ], [ -89.342372959586896, 34.9998048938116 ], [ -89.006196395926906, 35.000234711926801 ], [ -88.785043397460896, 35.003182309966505 ], [ -88.193993601790297, 35.004453632898297 ], [ -88.143104939732794, 34.930312468720601 ], [ -88.108886506741101, 34.899936444941801 ], [ -88.090468668405094, 34.895629664319387 ], [ -88.136401600638095, 34.580497300186494 ], [ -88.167613327181101, 34.324147497639999 ], [ -88.202644669159596, 34.059122279825708 ], [ -88.2481955984059, 33.742726415170992 ], [ -88.274586700059302, 33.538801471667391 ], [ -88.339466338066899, 32.987497185563797 ], [ -88.393832501683505, 32.580470205722889 ], [ -88.425792019535706, 32.309224307049199 ], [ -88.437724251154805, 32.227755616905803 ], [ -88.472951930442804, 31.888876799136604 ], [ -88.465096832139295, 31.702245028272799 ], [ -88.450803113382605, 31.435617666930899 ] ] ] } },
{ "type": "Feature", "properties": { "FID": 26, "Program": "MO-DNR", "State_Code": "MO", "State_Name": "MISSOURI", "Flowing_St": "F", "FID_1": 944 }, "geometry": { "type": "Polygon", "coordinates": [ [ [ -89.105033840803799, 36.953922057035584 ], [ -89.129653762349008, 36.866494555452093 ], [ -89.166565642763004, 36.84347682923849 ], [ -89.173531317513394, 36.829439022436702 ], [ -89.164444111936021, 36.804476209954501 ], [ -89.125906776176706, 36.792468033613602 ], [ -89.125540262597696, 36.768088793635698 ], [ -89.151435029749294, 36.75909758094339 ], [ -89.1772689271545, 36.760981901073805 ], [ -89.196365605623299, 36.72747805300201 ], [ -89.197563366819097, 36.713425067616605 ], [ -89.1678993377582, 36.671628480716208 ], [ -89.177161589184806, 36.653062741847698 ], [ -89.200187655848794, 36.631357626385203 ], [ -89.2101287992121, 36.58195465237479 ], [ -89.241684659989104, 36.569328350235409 ], [ -89.28349487135182, 36.575309592824382 ], [ -89.322344948097296, 36.622076466484209 ], [ -89.342395546148097, 36.628908383204902 ], [ -89.363621059813397, 36.625761287809198 ], [ -89.373951510533104, 36.61624763137921 ], [ -89.418210395231895, 36.510625100633298 ], [ -89.414784645908099, 36.502679293456794 ], [ -89.448591288590407, 36.456442323316296 ], [ -89.470907847130206, 36.446016967596307 ], [ -89.492064772247204, 36.465524814726109 ], [ -89.475897715816615, 36.498608998274499 ], [ -89.481757270716997, 36.504758085951202 ], [ -89.471449769186705, 36.525616360781001 ], [ -89.481749759131205, 36.547836356591198 ], [ -89.493201819108805, 36.5591771414921 ], [ -89.530441929916705, 36.564616617436698 ], [ -89.556214646751499, 36.557803660994594 ], [ -89.5682312153466, 36.541469536536702 ], [ -89.567063811317993, 36.518799363623692 ], [ -89.533272295415202, 36.498170166256401 ], [ -89.516098013045806, 36.47187226007 ], [ -89.545258247823199, 36.441023472627201 ], [ -89.520080500381397, 36.40112270635391 ], [ -89.519408964618194, 36.355995896778502 ], [ -89.5446324550268, 36.345787910807992 ], [ -89.605768577732803, 36.354816940449091 ], [ -89.622874167945895, 36.3348474675239 ], [ -89.606844288611697, 36.308103269537789 ], [ -89.542312929161199, 36.280931947246394 ], [ -89.535453867123906, 36.264605437982397 ], [ -89.541725367745897, 36.257346189740495 ], [ -89.618158964276603, 36.240966115099717 ], [ -89.670666088134098, 36.254961857021492 ], [ -89.694623125190603, 36.252203861765999 ], [ -89.6957370156465, 36.240862973257087 ], [ -89.676868844795706, 36.220935461603993 ], [ -89.618639343134305, 36.183811650864492 ], [ -89.589532207497399, 36.152089240100899 ], [ -89.589501591310096, 36.129861421880591 ], [ -89.6674684319959, 36.099386452386497 ], [ -89.678248956210297, 36.083040827431809 ], [ -89.688922401475097, 36.025867351114307 ], [ -89.721836356949893, 35.999950929874196 ], [ -90.379062186714805, 35.989656431157798 ], [ -90.315339695536096, 36.09172339165719 ], [ -90.284851775032493, 36.115972707104206 ], [ -90.263801669844298, 36.118829803487095 ], [ -90.234938842057304, 36.137155171612697 ], [ -90.232322012809107, 36.161213796390598 ], [ -90.21932121926892, 36.172630940445593 ], [ -90.161404873025702, 36.197006657748901 ], [ -90.131313771463695, 36.212135561229303 ], [ -90.110012209468493, 36.25805979038369 ], [ -90.066187753445305, 36.272338278752798 ], [ -90.049845133124805, 36.300536046281501 ], [ -90.067728975422497, 36.325395768725201 ], [ -90.050295310227199, 36.362668464273902 ], [ -90.052156940188112, 36.382615039813601 ], [ -90.080272235686706, 36.397449955370199 ], [ -90.116925095903014, 36.404975994415196 ], [ -90.123929209250505, 36.422626200494889 ], [ -90.117322018453507, 36.453955677619483 ], [ -90.137372771916304, 36.4574765391596 ], [ -90.1502594411579, 36.49187291902679 ], [ -90.224473286402997, 36.492811141985008 ], [ -90.804433857588094, 36.489265466309895 ], [ -91.133956347795404, 36.4880156938586 ], [ -91.411796693472397, 36.491101764095802 ], [ -91.688560551210699, 36.491018566808499 ], [ -92.777635473527198, 36.489983522100502 ], [ -93.8575198412085, 36.489786355926498 ], [ -94.617257110131703, 36.48941414390309 ], [ -94.621684438753903, 36.763607692420599 ], [ -94.616735339846102, 38.030387720742205 ], [ -94.618717725023401, 38.471473732545398 ], [ -94.613148169135414, 38.737222445574595 ], [ -94.608136801772702, 39.1128009544123 ], [ -94.601224329770503, 39.141227643991208 ], [ -94.6126534405591, 39.151649269820297 ], [ -94.646406828688399, 39.15842782838029 ], [ -94.675513808913607, 39.174922338144192 ], [ -94.730530942089999, 39.171256425293592 ], [ -94.820819269946796, 39.211004628670793 ], [ -94.833476550901494, 39.261766008203296 ], [ -94.881107774959503, 39.286045888033598 ], [ -94.907681382244405, 39.323028480961497 ], [ -94.911343513399501, 39.340121741813206 ], [ -94.898281642896507, 39.380640685689002 ], [ -94.925747989192303, 39.381266115857194 ], [ -94.986204235685506, 39.439461634068707 ], [ -95.040511446304507, 39.462940727057493 ], [ -95.047599274980101, 39.485328826975696 ], [ -95.102036979975097, 39.53284856874059 ], [ -95.108988097790899, 39.560691996639605 ], [ -95.053613102310095, 39.586776159359388 ], [ -95.0560171723682, 39.625689747857194 ], [ -95.028292064895098, 39.661913463411402 ], [ -94.978570599650695, 39.6849880704602 ], [ -94.961786401697694, 39.732038208607698 ], [ -94.953142120657205, 39.73650143742919 ], [ -94.930855815676694, 39.727025908772198 ], [ -94.905678120039298, 39.726755180862092 ], [ -94.877860749572321, 39.739305538279694 ], [ -94.871185022030701, 39.754117970883193 ], [ -94.877067577923995, 39.760679211497795 ], [ -94.921800003347499, 39.75784086817719 ], [ -94.935113900501904, 39.775426630031795 ], [ -94.933267656340703, 39.782773737924508 ], [ -94.899323629346299, 39.793775413583205 ], [ -94.888505132771101, 39.817399868706602 ], [ -94.898324588445107, 39.828332748600999 ], [ -94.923876257444206, 39.833131615793903 ], [ -94.936511159053794, 39.849386065639102 ], [ -94.938243745152803, 39.896081812352897 ], [ -94.965023739730199, 39.900823539690307 ], [ -95.0217725265328, 39.896978695687601 ], [ -95.033506504092202, 39.877844303878092 ], [ -95.063246270658794, 39.866537968663501 ], [ -95.100722556082601, 39.869864979488092 ], [ -95.150551411101304, 39.908054658338799 ], [ -95.193963403363099, 39.910180074468691 ], [ -95.207597604894104, 39.93817627248 ], [ -95.240961530255504, 39.942105816087199 ], [ -95.308697228564597, 39.999407559206404 ], [ -95.345067290530906, 40.024974095964197 ], [ -95.371244337892804, 40.028751180283408 ], [ -95.390531862443098, 40.04375078088129 ], [ -95.413763901967911, 40.048111385900704 ], [ -95.403784320007205, 40.080379189591604 ], [ -95.384542486619907, 40.095362679133302 ], [ -95.392812897907604, 40.115416385426599 ], [ -95.422476719752098, 40.131743619947201 ], [ -95.460952615920618, 40.173995253529995 ], [ -95.466636606931502, 40.213255566463694 ], [ -95.476822109949097, 40.22685490387579 ], [ -95.547136975969593, 40.266215768450003 ], [ -95.595532465022004, 40.309776800933498 ], [ -95.646826804511903, 40.309109720317693 ], [ -95.645552839573796, 40.322346792082001 ], [ -95.617933464145594, 40.331417938407192 ], [ -95.616201706911298, 40.3464975244421 ], [ -95.634185012964295, 40.35880015494309 ], [ -95.636817694248705, 40.396390461057486 ], [ -95.695361750037705, 40.485338255786296 ], [ -95.684970481375203, 40.512205177541894 ], [ -95.658060769483299, 40.530332550628891 ], [ -95.662944388085293, 40.558728986648696 ], [ -95.675693776621699, 40.565835671994492 ], [ -95.687412938226799, 40.561170355615189 ], [ -95.692066391481106, 40.524129845771299 ], [ -95.737036183012904, 40.5323733189583 ], [ -95.763412365103505, 40.549707157769191 ], [ -95.767479603847306, 40.58904797418019 ], [ -94.920615866614099, 40.577218314559182 ], [ -94.238391790404094, 40.570966136843893 ], [ -93.562910476162003, 40.580813877524193 ], [ -93.370271353473996, 40.580491138358497 ], [ -92.717815432443203, 40.589667187863583 ], [ -92.361513103070706, 40.599576264526497 ], [ -92.193174426416206, 40.600088710084592 ], [ -91.946370191588002, 40.60826659935779 ], [ -91.7417117546903, 40.609784354105102 ], [ -91.716976413745201, 40.593435465496007 ], [ -91.689959778315412, 40.581202511428103 ], [ -91.692080894710301, 40.55167762801721 ], [ -91.622536510167805, 40.532903326085794 ], [ -91.616860186154895, 40.504873818077193 ], [ -91.586028649457702, 40.484519441139 ], [ -91.579383071866303, 40.463760215632718 ], [ -91.533208266573297, 40.455441108548001 ], [ -91.538846514617106, 40.441288659406908 ], [ -91.529606953359902, 40.435086161765391 ], [ -91.527691758021902, 40.410168885033997 ], [ -91.500377508385697, 40.405160625913503 ], [ -91.490313848469398, 40.390806089214593 ], [ -91.477038182695395, 40.391012165683485 ], [ -91.448747167896002, 40.371946621442405 ], [ -91.486849453331999, 40.309668426883007 ], [ -91.499087173371805, 40.251422451537103 ], [ -91.516284042302502, 40.134589837481798 ], [ -91.504160187541899, 40.066757110206197 ], [ -91.487443283036299, 40.005798468139297 ], [ -91.430540793648703, 39.921882710584995 ], [ -91.434203028412796, 39.901874591846401 ], [ -91.451140980753905, 39.885288181716589 ], [ -91.449340375951707, 39.863094243338097 ], [ -91.381863127994805, 39.803817782039687 ], [ -91.367236982716918, 39.724685505878703 ], [ -91.203389353652796, 39.60006746995299 ], [ -91.156329476345903, 39.552639421337801 ], [ -91.093750714749405, 39.528973160354603 ], [ -91.064521528796305, 39.47403000334679 ], [ -91.036474925454399, 39.444458496300399 ], [ -90.850623893268803, 39.350499748641099 ], [ -90.779469128356098, 39.296850242106103 ], [ -90.738207521771599, 39.247858229540398 ], [ -90.732462453797893, 39.224794760359998 ], [ -90.718317257222907, 39.195921519961203 ], [ -90.716859957789197, 39.144259475399103 ], [ -90.690522473316307, 39.093749345457695 ], [ -90.707711934269298, 39.058227263813691 ], [ -90.706193609677598, 39.037841700843785 ], [ -90.668999759877494, 38.935303427193709 ], [ -90.627334858844804, 38.880845207798991 ], [ -90.570448376905603, 38.871376879903501 ], [ -90.530545124038994, 38.891659093814816 ], [ -90.469957657913895, 38.959227568685201 ], [ -90.413186025530706, 38.962378238559495 ], [ -90.319853692316102, 38.924956191965094 ], [ -90.279043091698696, 38.924765294079798 ], [ -90.244038584212802, 38.914557100893092 ], [ -90.132920473747603, 38.853079434155205 ], [ -90.113228307844906, 38.830515563131108 ], [ -90.121834512916195, 38.800559152071699 ], [ -90.135285587167701, 38.785533338629698 ], [ -90.163507650790294, 38.773147355429302 ], [ -90.196681662543114, 38.724014902112692 ], [ -90.202350682186506, 38.700413655198986 ], [ -90.1836888986292, 38.658822212294702 ], [ -90.183818978572006, 38.610322648927898 ], [ -90.241057106331098, 38.562857301404399 ], [ -90.261344552450396, 38.532820801299977 ], [ -90.301958090501898, 38.427410200879393 ], [ -90.339725100194798, 38.39090011259529 ], [ -90.358807014512394, 38.365383773951692 ], [ -90.369465954646301, 38.32361308907111 ], [ -90.364888964153707, 38.234353175004699 ], [ -90.336835367267497, 38.18876727803179 ], [ -90.289753369635704, 38.166870798447697 ], [ -90.254177152770296, 38.122223487061291 ], [ -90.207644226152695, 38.088958921847798 ], [ -90.1348270696149, 38.054004249847594 ], [ -90.119453547459798, 38.032325295425103 ], [ -90.042035725984121, 37.993258574186797 ], [ -90.010922116291695, 37.969370954543102 ], [ -89.958338736888095, 37.9636867563161 ], [ -89.979023157361894, 37.911937266535503 ], [ -89.937983790105207, 37.878097106639693 ], [ -89.900659704950002, 37.875956770946402 ], [ -89.866921391795302, 37.891928526148398 ], [ -89.861153219220895, 37.905539156841009 ], [ -89.851822223833594, 37.905115658818694 ], [ -89.728551144737295, 37.841043749393897 ], [ -89.691158522837299, 37.804846194879609 ], [ -89.675960460964205, 37.78402179989169 ], [ -89.666561032441194, 37.745504874923796 ], [ -89.581535373342007, 37.706155407238292 ], [ -89.521619753805197, 37.694848191354993 ], [ -89.513471289226302, 37.679890603833002 ], [ -89.519277382357998, 37.650425657695692 ], [ -89.5134636222285, 37.615978665281901 ], [ -89.525068037886001, 37.572006360529393 ], [ -89.494877783392596, 37.491775009867702 ], [ -89.453714293658095, 37.453235446534599 ], [ -89.4276653576852, 37.411068046319997 ], [ -89.435827912962694, 37.355766664379495 ], [ -89.468833665195305, 37.339459011785799 ], [ -89.5006722206154, 37.329491292950188 ], [ -89.513977414691595, 37.305012692824597 ], [ -89.513976689434998, 37.2764522452158 ], [ -89.489683599574704, 37.256051244642201 ], [ -89.465398228516193, 37.253781450654401 ], [ -89.468304020696195, 37.2243166081252 ], [ -89.440606006735806, 37.165367807376199 ], [ -89.423880761780197, 37.137253444351003 ], [ -89.380070189238893, 37.099133131109099 ], [ -89.383028717930898, 37.049263506311291 ], [ -89.311057780377297, 37.009732102839294 ], [ -89.282843435556018, 36.999257118849492 ], [ -89.262076025011396, 37.00873674002559 ], [ -89.264319606155297, 37.027783427596297 ], [ -89.309777495346594, 37.060959615118698 ], [ -89.303369387472699, 37.085434692569592 ], [ -89.284310784972902, 37.091294092057893 ], [ -89.264130417803202, 37.087174272213808 ], [ -89.237753614064701, 37.041783521057503 ], [ -89.210126209010198, 37.029023719908494 ], [ -89.193584194942005, 36.986822284439903 ], [ -89.129929877879206, 36.988165666790493 ], [ -89.107216189572995, 36.97750403284671 ], [ -89.105033840803799, 36.953922057035584 ] ] ] } },
{ "type": "Feature", "properties": { "FID": 27, "Program": "MT-CEDARS", "State_Code": "MT", "State_Name": "MONTANA", "Flowing_St": "F", "FID_1": 945 }, "geometry": { "type": "Polygon", "coordinates": [ [ [ -111.475425118025001, 44.702162251598807 ], [ -111.480803983243007, 44.691415969854503 ], [ -111.460691893798, 44.670023077337802 ], [ -111.45826549619801, 44.652555325084997 ], [ -111.470167836887001, 44.640710331468391 ], [ -111.507690694142994, 44.63768860184819 ], [ -111.501747113090005, 44.615971208828491 ], [ -111.514526444362005, 44.593196961600299 ], [ -111.492903852734003, 44.5511891178271 ], [ -111.462827411714997, 44.549942090989894 ], [ -111.459325303236994, 44.537921844307796 ], [ -111.482573091190005, 44.536143826066301 ], [ -111.490240969694995, 44.5286973062219 ], [ -111.567230838001009, 44.552866688036097 ], [ -111.605248579245, 44.542989833485684 ], [ -111.684862684775993, 44.550751943538401 ], [ -111.716997714713997, 44.533760633036202 ], [ -111.766918107471, 44.518825373055201 ], [ -111.792608196863, 44.518462744779093 ], [ -111.807837289355007, 44.503981858027998 ], [ -111.872502355031003, 44.556265861887695 ], [ -111.940385902070005, 44.549726637989799 ], [ -111.977818309472994, 44.529676195351087 ], [ -112.02361318394, 44.535043197444601 ], [ -112.027077164644993, 44.522843812394093 ], [ -112.059366933248995, 44.528611570536597 ], [ -112.099897014993005, 44.51823175056731 ], [ -112.124190571090011, 44.528252931171593 ], [ -112.199657918677005, 44.531449551229002 ], [ -112.217763637676001, 44.538495263220298 ], [ -112.230398539285005, 44.559491336794892 ], [ -112.256675568443995, 44.559971871064697 ], [ -112.282341309938005, 44.54170286573401 ], [ -112.342507402004003, 44.525100189135692 ], [ -112.340577079888007, 44.497180246670496 ], [ -112.367583665333996, 44.44927052409669 ], [ -112.420753311051001, 44.4492848738156 ], [ -112.458519699096001, 44.468834630413305 ], [ -112.501839531971001, 44.46299735124979 ], [ -112.539324365062001, 44.477497509103706 ], [ -112.653189022090004, 44.480802295995304 ], [ -112.714325870051994, 44.496935472584191 ], [ -112.733712288513004, 44.484320360117302 ], [ -112.779863160340994, 44.473921942497803 ], [ -112.796227900985997, 44.458010901630097 ], [ -112.826691421787984, 44.421084464280995 ], [ -112.818709921627004, 44.394819764483692 ], [ -112.817396533815995, 44.364202541097299 ], [ -112.844275318696006, 44.3536396974567 ], [ -112.870781114492985, 44.369978536082087 ], [ -112.887307587349994, 44.392852039849792 ], [ -112.938281259836003, 44.407192278633893 ], [ -112.985249651207994, 44.435540485093085 ], [ -113.012014519006996, 44.4377151668645 ], [ -113.006658758390003, 44.4526157181391 ], [ -113.020309122781001, 44.481776056524609 ], [ -113.007713074199998, 44.510611946210894 ], [ -113.037821115683002, 44.532959120938102 ], [ -113.039660677122995, 44.556294146893208 ], [ -113.083036872793997, 44.582681363243601 ], [ -113.054289205386993, 44.624288969008099 ], [ -113.073143958992006, 44.675525546994407 ], [ -113.098955995091998, 44.69591592774001 ], [ -113.101703266911002, 44.715173043318899 ], [ -113.127431328664017, 44.737379362862697 ], [ -113.138273914118002, 44.76143923093759 ], [ -113.240338336218997, 44.811840883220292 ], [ -113.257154238243004, 44.81048682923759 ], [ -113.318680082737998, 44.780228504236305 ], [ -113.340631060172001, 44.779000178657299 ], [ -113.350024220405999, 44.807568655892197 ], [ -113.421378845302982, 44.833699649463583 ], [ -113.445573352075996, 44.851239823763493 ], [ -113.496190923594995, 44.930670387583596 ], [ -113.487348233084006, 44.93957394784119 ], [ -113.463413782589001, 44.940775490731795 ], [ -113.448764843533993, 44.94952265459429 ], [ -113.441029412560994, 44.99819477721649 ], [ -113.458853110369006, 45.027449502561808 ], [ -113.455435390671994, 45.043348939324702 ], [ -113.486305521378014, 45.058321601822193 ], [ -113.490158809438981, 45.071218942695893 ], [ -113.520609068406998, 45.082063859331299 ], [ -113.510225673958985, 45.107835747301301 ], [ -113.552272681586004, 45.107549219159203 ], [ -113.574375962895004, 45.117711254946691 ], [ -113.571583880581997, 45.134545340189192 ], [ -113.594099211221007, 45.149742676805687 ], [ -113.600928330523004, 45.180992168493404 ], [ -113.645592633635005, 45.206790217503396 ], [ -113.690120070473995, 45.262281513052507 ], [ -113.688708928439993, 45.277788223392406 ], [ -113.739080741595998, 45.321530777230194 ], [ -113.741309973019995, 45.382386484670683 ], [ -113.775025958634004, 45.410172410085892 ], [ -113.785662415814997, 45.44563367378769 ], [ -113.769167957855004, 45.477707730371094 ], [ -113.772304329814006, 45.507054148866196 ], [ -113.780933535879015, 45.516865471306701 ], [ -113.833715013928995, 45.514908159284801 ], [ -113.803754510350004, 45.583729514849004 ], [ -113.822485348692993, 45.600636177550605 ], [ -113.852027223828003, 45.6095623761734 ], [ -113.903305711282997, 45.613491142720108 ], [ -113.902199695041006, 45.637252982155999 ], [ -113.923532184048, 45.6551247541124 ], [ -113.926698654154009, 45.671211358869797 ], [ -113.964144737823005, 45.679378369294689 ], [ -113.971148902975003, 45.697376128675003 ], [ -114.009472184443013, 45.686332284528198 ], [ -114.019878787099998, 45.672378037641906 ], [ -114.010990094601993, 45.652511084910792 ], [ -114.01803207670298, 45.640773170243698 ], [ -114.056515588064997, 45.625143995154502 ], [ -114.082966989620999, 45.586378721621593 ], [ -114.118139290390005, 45.571127197979798 ], [ -114.132047846114006, 45.550382684820697 ], [ -114.172667807867001, 45.543924068008302 ], [ -114.194808750712994, 45.527917345079594 ], [ -114.241997930902016, 45.535290821228507 ], [ -114.247880072363998, 45.502945777714793 ], [ -114.262238908797002, 45.485859717624599 ], [ -114.326434526268997, 45.457424687595292 ], [ -114.350246667427001, 45.463383032798909 ], [ -114.371457209724994, 45.485740775549999 ], [ -114.419051031265994, 45.499007997265295 ], [ -114.433555126227006, 45.527633562551593 ], [ -114.462708056634995, 45.547847654151006 ], [ -114.496591265687002, 45.546649633934997 ], [ -114.52739213439402, 45.558192920826002 ], [ -114.560924319275003, 45.548739978730303 ], [ -114.540957799180006, 45.59639736382799 ], [ -114.564678454403989, 45.624271459718287 ], [ -114.501741726896, 45.652393748761497 ], [ -114.510706674941019, 45.6740575246004 ], [ -114.497560881892994, 45.694401488926601 ], [ -114.534976763806995, 45.722996541633698 ], [ -114.541957979770004, 45.745999296479802 ], [ -114.563542391819993, 45.762398745831405 ], [ -114.517375771565, 45.810067786837983 ], [ -114.499164061502, 45.842683817282008 ], [ -114.473803290388005, 45.839468133338102 ], [ -114.443231602753002, 45.852621437970697 ], [ -114.407524995119999, 45.846453130995208 ], [ -114.392838290921006, 45.870886506194502 ], [ -114.413530119371003, 45.910651183256107 ], [ -114.429460793969994, 45.921477346829093 ], [ -114.405290583291006, 45.953978942150002 ], [ -114.412447311338994, 45.971972971639396 ], [ -114.484455392388995, 45.989806667626802 ], [ -114.474529634825998, 46.009765365311694 ], [ -114.494321057267996, 46.023410549298696 ], [ -114.465756568944002, 46.050815559612005 ], [ -114.456029635283002, 46.082229839949093 ], [ -114.477370050307997, 46.107357337472607 ], [ -114.50656862007402, 46.116142577304103 ], [ -114.518944242467001, 46.13606299180401 ], [ -114.509613713316, 46.157417860155689 ], [ -114.467017893695001, 46.155262656703101 ], [ -114.440879388537994, 46.168968969456593 ], [ -114.439553101521, 46.220254087827904 ], [ -114.472833622379, 46.24378322351869 ], [ -114.473795208959004, 46.252961448793293 ], [ -114.431795809243994, 46.284711367501998 ], [ -114.409796084208992, 46.392911822662192 ], [ -114.397016908349997, 46.3995456407361 ], [ -114.384024869691999, 46.428178924824302 ], [ -114.410714932456997, 46.487371670795 ], [ -114.360467811624005, 46.506124940286298 ], [ -114.350114981559003, 46.517389832269401 ], [ -114.343319534881999, 46.587881712693083 ], [ -114.324712404585, 46.622839751955901 ], [ -114.334685200216995, 46.654227042388491 ], [ -114.384017720733993, 46.661596633234403 ], [ -114.441535901129996, 46.645715586905396 ], [ -114.484718038869005, 46.623574799471392 ], [ -114.540390907575997, 46.637890949377095 ], [ -114.610826010772996, 46.629048051649796 ], [ -114.644740095033001, 46.660824027790298 ], [ -114.645038020063993, 46.670921463940594 ], [ -114.625926732856001, 46.687107273433597 ], [ -114.673887223389002, 46.734721661178597 ], [ -114.698431252016007, 46.733760178206602 ], [ -114.748105471977013, 46.695132392594502 ], [ -114.782919496009995, 46.703040071998004 ], [ -114.777832183925995, 46.755716957692599 ], [ -114.794030011955996, 46.766531672572988 ], [ -114.840791912426994, 46.7755381156528 ], [ -114.866603223271994, 46.797045546900698 ], [ -114.902324957684002, 46.799433505902492 ], [ -114.948408846888015, 46.852446807029196 ], [ -114.940566544182019, 46.890887942687392 ], [ -114.924125237167019, 46.907165445330193 ], [ -114.964730227551996, 46.925212936588196 ], [ -115.001574244674003, 46.958809358478497 ], [ -115.037334573096018, 46.963001289545396 ], [ -115.055638390740981, 46.973358108521296 ], [ -115.081336043522001, 47.026524386976391 ], [ -115.135507061323011, 47.063550495297498 ], [ -115.14868383318499, 47.091741994537394 ], [ -115.172496077950996, 47.097570777838392 ], [ -115.193073574886981, 47.1240264273249 ], [ -115.296234636699992, 47.179550152202701 ], [ -115.325227855254013, 47.24514991816249 ], [ -115.343661079390003, 47.255022524781701 ], [ -115.408207772835993, 47.263593710322304 ], [ -115.426641048774997, 47.274374182732494 ], [ -115.501930138663013, 47.28164441343079 ], [ -115.523064062786005, 47.2919825829524 ], [ -115.555520692201, 47.334613266691704 ], [ -115.599535890698007, 47.37000335164339 ], [ -115.638782320149005, 47.380043855154291 ], [ -115.666477795711998, 47.399167523527716 ], [ -115.750326622447005, 47.422475818598393 ], [ -115.750105574610998, 47.433966058152997 ], [ -115.73248152957099, 47.445303786615483 ], [ -115.656087148699001, 47.449179868454003 ], [ -115.643185715306018, 47.457793792327195 ], [ -115.640141813555999, 47.475235176323807 ], [ -115.692770521493983, 47.489540602793397 ], [ -115.701522658545002, 47.520893650756001 ], [ -115.742829386447994, 47.533691527873899 ], [ -115.692087899666006, 47.590720937157805 ], [ -115.698284129019015, 47.616080723994209 ], [ -115.734067406630004, 47.639879758730501 ], [ -115.73366530367602, 47.695554492383202 ], [ -115.775727230866991, 47.709732636327907 ], [ -115.79053753950501, 47.744838420711098 ], [ -115.836742080317009, 47.756281466785801 ], [ -115.849323986393983, 47.805182459654098 ], [ -115.869809531160016, 47.827452498166494 ], [ -115.903921196026999, 47.841074111315599 ], [ -115.937842273832004, 47.867124135173398 ], [ -115.998932342746002, 47.925140825840799 ], [ -116.025316088227001, 47.964939175528094 ], [ -116.053492460687011, 47.976191789953795 ], [ -116.063531306469017, 48.999950469818792 ], [ -114.729325264384997, 48.999970155353793 ], [ -114.063463494030003, 48.999977511527398 ], [ -112.188387431858004, 48.999991913050394 ], [ -111.282679434426996, 49.000011598585388 ], [ -110.750797311572001, 49.000005382100603 ], [ -109.500737036978009, 49.00000501947239 ], [ -108.250674897438003, 49.000009630031897 ], [ -107.188120845892996, 49.000017141617597 ], [ -106.125579641751003, 49.000021182332603 ], [ -105.063034500499995, 49.000021337744798 ], [ -104.062991088239997, 49.000026725364897 ], [ -104.052317642974998, 48.645824738967399 ], [ -104.045926526825994, 47.333832009973094 ], [ -104.049516857583001, 45.8830527366596 ], [ -104.043072279664997, 44.997805521664198 ], [ -105.041795984020993, 45.001075858869683 ], [ -105.085003091307016, 44.999817072515391 ], [ -106.259231732309004, 44.996162504749499 ], [ -107.894374381207015, 44.999773712534399 ], [ -108.625256230321, 44.997593176906584 ], [ -109.799385355761999, 44.999522773767396 ], [ -109.995529228934998, 45.002792903756699 ], [ -110.392759909507006, 44.998625268784295 ], [ -110.429649514185002, 44.992285127809907 ], [ -111.053428635732985, 44.99569549133399 ], [ -111.051560633874999, 44.473323243214082 ], [ -111.094630564064005, 44.486124435790593 ], [ -111.128918621685997, 44.50075695296519 ], [ -111.134358926494997, 44.527902425040793 ], [ -111.170241875078005, 44.545186117541505 ], [ -111.178764520233003, 44.5648508791067 ], [ -111.219507516579995, 44.573169934387309 ], [ -111.234233177416996, 44.602562199457296 ], [ -111.219797774612005, 44.617981671794901 ], [ -111.223971367049998, 44.626908129437894 ], [ -111.270665456033996, 44.642212078767493 ], [ -111.270207922758004, 44.673801974798394 ], [ -111.295668416646009, 44.682938031584996 ], [ -111.315475380300001, 44.705193046925892 ], [ -111.319221744824006, 44.727864048703509 ], [ -111.349977181387999, 44.726177568199709 ], [ -111.372309540158994, 44.745087026869996 ], [ -111.384959568548993, 44.737693916990196 ], [ -111.395084046408002, 44.708869527800488 ], [ -111.443632098354996, 44.713179623881395 ], [ -111.475425118025001, 44.702162251598807 ] ] ] } },
{ "type": "Feature", "properties": { "FID": 28, "Program": "NDEQ", "State_Code": "NE", "State_Name": "NEBRASKA", "Flowing_St": "F", "FID_1": 946 }, "geometry": { "type": "Polygon", "coordinates": [ [ [ -101.407393354874998, 40.001003693465393 ], [ -102.051535608243995, 39.998918270053991 ], [ -102.047544987674996, 40.342644495400997 ], [ -102.046031377250998, 40.69731929726639 ], [ -102.047739304627001, 40.998070860052401 ], [ -102.621257059231993, 41.000214822028383 ], [ -102.652271049757005, 40.9981241664089 ], [ -103.572316281336995, 40.999648448465194 ], [ -104.051705526445005, 41.003211323081295 ], [ -104.055500534961993, 41.564222391073905 ], [ -104.053615178751002, 41.698218253238188 ], [ -104.053513435618001, 41.999815361555797 ], [ -104.056219367813, 42.614669683190783 ], [ -104.056198853412994, 43.003062335614899 ], [ -103.501463844799005, 42.998618844132388 ], [ -103.005875217539, 42.999353943451986 ], [ -102.788384557444004, 42.995303592824797 ], [ -102.086700915470004, 42.989887014265598 ], [ -101.231737202239003, 42.986842957104393 ], [ -100.198142126777, 42.9910950326611 ], [ -99.253971702228895, 42.992389460194509 ], [ -98.497651375943406, 42.991778794177591 ], [ -98.457444033364794, 42.937160759321294 ], [ -98.391204694733702, 42.920135879801606 ], [ -98.310339573453902, 42.881794777743607 ], [ -98.167826609165701, 42.839571014734091 ], [ -98.144869027442297, 42.835794707475486 ], [ -98.123116925716502, 42.820223604714492 ], [ -98.1218198561766, 42.808360117055692 ], [ -98.0331404063718, 42.769192326136491 ], [ -97.995144785453505, 42.766812293152697 ], [ -97.963558412097498, 42.773690004644202 ], [ -97.929477208005807, 42.792324383865001 ], [ -97.889941038562, 42.831271644988483 ], [ -97.888659406626005, 42.855807281361507 ], [ -97.818642983676611, 42.866587494751599 ], [ -97.79702831806722, 42.849597116722194 ], [ -97.772186468016599, 42.846163959420785 ], [ -97.725249832520305, 42.858008383193003 ], [ -97.685751998065896, 42.836837004748901 ], [ -97.634970518565595, 42.861284936883102 ], [ -97.570654145878507, 42.847990725263294 ], [ -97.506131903939419, 42.860136493132998 ], [ -97.483159040023295, 42.857157087413 ], [ -97.457263806635595, 42.850443128490092 ], [ -97.389306024408995, 42.867433143891297 ], [ -97.311414351384698, 42.861771687637699 ], [ -97.271457533140193, 42.850014657279985 ], [ -97.243189571138416, 42.8518263999512 ], [ -97.224443554212499, 42.841202531152099 ], [ -97.211831705399703, 42.812573546799094 ], [ -97.161422748747896, 42.798619403520895 ], [ -97.130469265341304, 42.77392338184179 ], [ -97.015139693686706, 42.7595420624545 ], [ -96.979593367752102, 42.758313736875493 ], [ -96.970002937735003, 42.752065444463099 ], [ -96.977869018495511, 42.727308190409396 ], [ -96.97077347101802, 42.721147498627893 ], [ -96.908233821471498, 42.731698945379797 ], [ -96.810140127188603, 42.704084439531101 ], [ -96.810437482374695, 42.681341222922491 ], [ -96.799343958154495, 42.670019191083902 ], [ -96.722658749403806, 42.668591937993497 ], [ -96.699060196300707, 42.6577158353264 ], [ -96.694596760262996, 42.641163771274712 ], [ -96.715272892089502, 42.621907484560403 ], [ -96.714059693289997, 42.612302031372494 ], [ -96.636672384393606, 42.550731739012001 ], [ -96.629294504901495, 42.522693683336904 ], [ -96.605467288767997, 42.5072362904424 ], [ -96.584753029167402, 42.51828723174259 ], [ -96.547215563173594, 42.520499316030502 ], [ -96.494701497574297, 42.488459242897001 ], [ -96.439394728013696, 42.489240862243904 ], [ -96.396074221685197, 42.467401263495198 ], [ -96.397890264092098, 42.441793076289798 ], [ -96.417628328373098, 42.414777476940998 ], [ -96.411761469102998, 42.380917994138493 ], [ -96.424175167464796, 42.349278884270198 ], [ -96.389780859759, 42.328789661417396 ], [ -96.368700345600402, 42.298023708633799 ], [ -96.342881574974299, 42.282081688950399 ], [ -96.332657840576204, 42.2603071560752 ], [ -96.337708423596297, 42.229522294817194 ], [ -96.363511860226595, 42.214042470773592 ], [ -96.352165739509502, 42.168185431458291 ], [ -96.285122972031701, 42.123452695210908 ], [ -96.265483128209098, 42.0488969433056 ], [ -96.238725461172706, 42.028438181227997 ], [ -96.236092883496397, 42.001258104054003 ], [ -96.202842512589896, 41.996615633256098 ], [ -96.185217690489907, 41.980685476697694 ], [ -96.147328423263204, 41.966254477236596 ], [ -96.145870761202005, 41.92490708316209 ], [ -96.159970214810897, 41.904151380330497 ], [ -96.135623559573901, 41.86262080717259 ], [ -96.076417137336094, 41.791469098698485 ], [ -96.099320998271295, 41.75297507111609 ], [ -96.099771175373604, 41.731563684557401 ], [ -96.085557338445994, 41.70498727985489 ], [ -96.122202324449205, 41.694913051914192 ], [ -96.120264438941803, 41.684094866163193 ], [ -96.099306078707897, 41.654680377160297 ], [ -96.111307624131598, 41.5990063169601 ], [ -96.080835141231901, 41.576000298459505 ], [ -96.091936228841902, 41.5631451778779 ], [ -96.085840292109197, 41.537522433737401 ], [ -96.050172019466103, 41.524335145655002 ], [ -96.004592753409995, 41.536663678175685 ], [ -95.993964895700003, 41.528103630503601 ], [ -95.996688648485204, 41.511517738414099 ], [ -96.013450985133602, 41.492994064425503 ], [ -96.006897359712696, 41.481954520014 ], [ -95.953185740133904, 41.4723871945992 ], [ -95.935065775025095, 41.462381399794594 ], [ -95.942895178524793, 41.340077139486191 ], [ -95.889107096184205, 41.301389053972102 ], [ -95.897591354546904, 41.286863045902599 ], [ -95.911202296064005, 41.308469060237499 ], [ -95.930230593200605, 41.30205675623629 ], [ -95.910981300031594, 41.225245093825798 ], [ -95.9222499737091, 41.20785395974741 ], [ -95.916100264383999, 41.194063828057992 ], [ -95.859198448449007, 41.180536860888992 ], [ -95.859800981232098, 41.166865049625791 ], [ -95.876685264589014, 41.164202425607009 ], [ -95.858274108973802, 41.109187001964095 ], [ -95.878804723253594, 41.065871261607292 ], [ -95.859539474441206, 41.035002840433698 ], [ -95.860897051098505, 41.002650544354509 ], [ -95.837603209354995, 40.974258045441594 ], [ -95.8365411229382, 40.901108047950402 ], [ -95.834396539314099, 40.870300807347292 ], [ -95.846435642665597, 40.848332216540399 ], [ -95.851790419005795, 40.792600032208 ], [ -95.876616106195897, 40.730436272771691 ], [ -95.767999250167094, 40.643117300650793 ], [ -95.757546282894097, 40.62090440199389 ], [ -95.767479603847306, 40.58904797418019 ], [ -95.763412365103505, 40.549707157769191 ], [ -95.737036183012904, 40.5323733189583 ], [ -95.692066391481106, 40.524129845771299 ], [ -95.687412938226799, 40.561170355615189 ], [ -95.675693776621699, 40.565835671994492 ], [ -95.662944388085293, 40.558728986648696 ], [ -95.658060769483299, 40.530332550628891 ], [ -95.684970481375203, 40.512205177541894 ], [ -95.695361750037705, 40.485338255786296 ], [ -95.636817694248705, 40.396390461057486 ], [ -95.634185012964295, 40.35880015494309 ], [ -95.616201706911298, 40.3464975244421 ], [ -95.617933464145594, 40.331417938407192 ], [ -95.645552839573796, 40.322346792082001 ], [ -95.646826804511903, 40.309109720317693 ], [ -95.595532465022004, 40.309776800933498 ], [ -95.547136975969593, 40.266215768450003 ], [ -95.476822109949097, 40.22685490387579 ], [ -95.466636606931502, 40.213255566463694 ], [ -95.460952615920618, 40.173995253529995 ], [ -95.422476719752098, 40.131743619947201 ], [ -95.392812897907604, 40.115416385426599 ], [ -95.384542486619907, 40.095362679133302 ], [ -95.403784320007205, 40.080379189591604 ], [ -95.413763901967911, 40.048111385900704 ], [ -95.390531862443098, 40.04375078088129 ], [ -95.371244337892804, 40.028751180283408 ], [ -95.345067290530906, 40.024974095964197 ], [ -95.308697228564597, 39.999407559206404 ], [ -95.329701331765605, 39.992595017196585 ], [ -95.780700201926905, 39.993489465741405 ], [ -96.001253724048198, 39.995158954520299 ], [ -96.454038279449207, 39.994172761021595 ], [ -96.801420315859303, 39.994475970064393 ], [ -98.504479148340494, 39.997129683788394 ], [ -99.064746983779301, 39.998337961204292 ], [ -99.627859379022993, 40.002987839979816 ], [ -100.180910652749006, 40.000478711329798 ], [ -100.735049448674005, 39.99917231706339 ], [ -100.754855894287005, 40.00019829606439 ], [ -101.407393354874998, 40.001003693465393 ] ] ] } },
{ "type": "Feature", "properties": { "FID": 29, "Program": "NV-FP", "State_Code": "NV", "State_Name": "NEVADA", "Flowing_St": "F", "FID_1": 947 }, "geometry": { "type": "Polygon", "coordinates": [ [ [ -119.152450403186009, 38.411800970345404 ], [ -119.575687074181999, 38.702910143663303 ], [ -119.889341624482, 38.922251554870307 ], [ -119.995254672281021, 38.994106140551395 ], [ -119.996165335490019, 39.720610807352891 ], [ -119.996324684716001, 41.177566261855809 ], [ -119.993459351490969, 41.989204961806884 ], [ -119.310942116220005, 41.989135388982 ], [ -118.185316853881005, 41.996637080128394 ], [ -116.992313341103994, 41.994794514053801 ], [ -115.947544652377005, 41.99459947184539 ], [ -115.024862906013993, 41.996506430340894 ], [ -114.039072649947997, 41.995390882155696 ], [ -114.039844685546996, 39.908778878810104 ], [ -114.047273022173997, 38.137652439538194 ], [ -114.047260589204001, 37.59847848370039 ], [ -114.043716415846006, 36.8418489391034 ], [ -114.037392075103995, 36.216022884544401 ], [ -114.04510554116402, 36.193977882779301 ], [ -114.107775167045006, 36.1210906871802 ], [ -114.129023060055005, 36.041730473245593 ], [ -114.206768852905, 36.017255395794699 ], [ -114.233472591936007, 36.018331054869499 ], [ -114.307587595073997, 36.06223311334459 ], [ -114.303857030781998, 36.087108428804207 ], [ -114.316095372470002, 36.11143804051239 ], [ -114.344233927982003, 36.137480241960198 ], [ -114.380803124674998, 36.15099125348501 ], [ -114.443945721437004, 36.121053284663702 ], [ -114.466613459559994, 36.12471127149621 ], [ -114.530573575866995, 36.155090196301209 ], [ -114.59893522238599, 36.138335474847203 ], [ -114.621610731114998, 36.141966678991309 ], [ -114.71276169983598, 36.105181045021403 ], [ -114.728150296966987, 36.085962782472109 ], [ -114.728966003370999, 36.058753021583492 ], [ -114.717673551640004, 36.036758062520477 ], [ -114.736212507819999, 35.987648351177299 ], [ -114.69927591687798, 35.911611936216801 ], [ -114.661600134099018, 35.8804735641937 ], [ -114.66246210151202, 35.870959907763705 ], [ -114.689867319041014, 35.847442479785798 ], [ -114.68273970486301, 35.76470339918319 ], [ -114.688820048579998, 35.732595721778203 ], [ -114.665091363729019, 35.693099389640892 ], [ -114.66848608243302, 35.656398973315795 ], [ -114.654065910016016, 35.646584076396508 ], [ -114.639866733630996, 35.611348574698603 ], [ -114.653134317975002, 35.584833091546393 ], [ -114.649792076763006, 35.546637403427191 ], [ -114.672215144408, 35.515754166298201 ], [ -114.645396193193008, 35.450760818423994 ], [ -114.589584282443013, 35.358378726704991 ], [ -114.587889824117994, 35.304768125003598 ], [ -114.559583060890006, 35.220182852043607 ], [ -114.561039945890997, 35.17434617171579 ], [ -114.572255261408003, 35.140067749646398 ], [ -114.582616224706996, 35.132560463663701 ], [ -114.626440836143999, 35.133906747040498 ], [ -114.635909060431004, 35.118655793243207 ], [ -114.595631989615001, 35.076057953264907 ], [ -114.633779862605991, 35.041863350131294 ], [ -114.621068601842012, 34.998914434177799 ], [ -115.626197357633004, 35.795698325821199 ], [ -115.885769319627997, 36.001225982696809 ], [ -117.160423769161, 36.959594133117292 ], [ -117.838686442279993, 37.4572982301313 ], [ -118.417419775770981, 37.886676736238599 ], [ -119.152450403186009, 38.411800970345404 ] ] ] } },
{ "type": "Feature", "properties": { "FID": 30, "Program": "NH-DES", "State_Code": "NH", "State_Name": "NEW HAMPSHIRE", "Flowing_St": "F", "FID_1": 948 }, "geometry": { "type": "Polygon", "coordinates": [ [ [ -72.279916913677397, 42.720467052569894 ], [ -72.455770025272216, 42.72585254870539 ], [ -72.462171295012993, 42.746840540849909 ], [ -72.479322524584902, 42.761587907579901 ], [ -72.507269508758611, 42.768732668894593 ], [ -72.513067986696612, 42.789259397871902 ], [ -72.538916959077298, 42.807733806218998 ], [ -72.553428462015702, 42.860643188442701 ], [ -72.524810045686792, 42.912614192295997 ], [ -72.520217047746499, 42.951672521279903 ], [ -72.504263631174496, 42.965584651482089 ], [ -72.473341178387798, 42.976143558015799 ], [ -72.457159046981516, 42.999603690726104 ], [ -72.461752096725903, 43.046504477827895 ], [ -72.4434642347248, 43.079039331342003 ], [ -72.437604887040607, 43.116270013814699 ], [ -72.452398566581806, 43.15602215429891 ], [ -72.435598620201318, 43.23225355966369 ], [ -72.402418858200306, 43.3073827304815 ], [ -72.410231580799405, 43.32340416575731 ], [ -72.397628072437399, 43.351006860285104 ], [ -72.412139575375903, 43.377125576299093 ], [ -72.396247805610813, 43.410156557098901 ], [ -72.382515694445601, 43.484629681561309 ], [ -72.394997774139199, 43.517553894235903 ], [ -72.373498372517503, 43.572374638298392 ], [ -72.333085212490104, 43.597364803313504 ], [ -72.3040399308763, 43.698530114506497 ], [ -72.260055607586594, 43.735300103656499 ], [ -72.219122904847794, 43.750692534285498 ], [ -72.206091805944311, 43.764635073458905 ], [ -72.184836349544199, 43.8016904510621 ], [ -72.170089500854715, 43.878917685476999 ], [ -72.121649615741219, 43.909217350101692 ], [ -72.113204054996316, 43.939165938751202 ], [ -72.09171175052802, 43.957991112249204 ], [ -72.112807857702819, 43.976514941649903 ], [ -72.109908748243896, 43.989229103440202 ], [ -72.085204386114413, 44.008923963152299 ], [ -72.076919055263517, 44.032040583277208 ], [ -72.034728343231095, 44.08337403481719 ], [ -72.032447359570796, 44.096099593496106 ], [ -72.049514822010906, 44.100452117085297 ], [ -72.034919862764895, 44.120745935101404 ], [ -72.044724554288393, 44.156435551009004 ], [ -72.059282266430003, 44.182176615575607 ], [ -72.044390366429994, 44.234379856937707 ], [ -72.059565997154095, 44.261494091177603 ], [ -72.035495353838996, 44.29943433357851 ], [ -71.994433503629921, 44.327548178563305 ], [ -71.938905634428906, 44.325786012357895 ], [ -71.928361751066802, 44.3361121633423 ], [ -71.834815985210014, 44.344199395546489 ], [ -71.821197324891102, 44.350360035524091 ], [ -71.79772921435881, 44.384172791082996 ], [ -71.766570276131901, 44.398248829266002 ], [ -71.676884377449312, 44.421342759221496 ], [ -71.656398988095503, 44.440137368336401 ], [ -71.647709171304598, 44.469174154087703 ], [ -71.636554725533614, 44.476730912927998 ], [ -71.614222781194101, 44.474507017319191 ], [ -71.586618998781603, 44.494537567206891 ], [ -71.575243556978293, 44.525805708348798 ], [ -71.591441385008409, 44.538874416984903 ], [ -71.592288432857302, 44.551203104917796 ], [ -71.536790817215319, 44.578931268828903 ], [ -71.55410263930942, 44.596588934690288 ], [ -71.568027150677096, 44.637446832396201 ], [ -71.588749336295194, 44.650599463576199 ], [ -71.607678739520608, 44.677862271801196 ], [ -71.631132862962403, 44.741710750403904 ], [ -71.5835012244723, 44.779196982203104 ], [ -71.575100888653793, 44.81601981147341 ], [ -71.506364957950595, 44.899671161210492 ], [ -71.51697758527321, 44.943696150671094 ], [ -71.540927110743993, 44.976563223490196 ], [ -71.505372288947001, 45.013351706682194 ], [ -71.502998783272204, 45.059890435352507 ], [ -71.430409875332103, 45.116992318487497 ], [ -71.402522569411815, 45.202803171412405 ], [ -71.446560095449996, 45.236081930932798 ], [ -71.386377995934296, 45.234930378940199 ], [ -71.297235728841301, 45.29349391304801 ], [ -71.153089383190306, 45.237969255697493 ], [ -71.087509250961517, 45.301469196722891 ], [ -71.028726119530603, 44.668538114547403 ], [ -71.0085965203196, 44.282146341342489 ], [ -70.973874189436316, 43.571829918823902 ], [ -70.956524394981301, 43.564143494472802 ], [ -70.949619538173195, 43.548953617637991 ], [ -70.964268270011999, 43.531989866884793 ], [ -70.959278401325705, 43.516387992524308 ], [ -70.970791227441495, 43.470211477697916 ], [ -70.961482922223794, 43.438126386854101 ], [ -70.979099455677897, 43.3961839197787 ], [ -70.969699612722508, 43.366379968007308 ], [ -70.905801143221794, 43.302069293764795 ], [ -70.901085887748408, 43.281020017441691 ], [ -70.813207380197596, 43.23522270818389 ], [ -70.8305481607497, 43.159174119274198 ], [ -70.818668147602494, 43.121871066558398 ], [ -70.884748344223894, 43.127706584384498 ], [ -70.874630963518413, 43.101526998624095 ], [ -70.905416083796609, 43.084021325814398 ], [ -70.886494192156917, 43.058883260266803 ], [ -70.810427627245602, 43.089740647180093 ], [ -70.734138874809005, 43.058762919483193 ], [ -70.813880729102195, 42.867064972582995 ], [ -70.849739796022703, 42.863429313291498 ], [ -70.898111662432399, 42.886877479268698 ], [ -70.921336138567312, 42.885149244709091 ], [ -71.025426150414603, 42.851171389676502 ], [ -71.065564749033001, 42.804319712804102 ], [ -71.120604416966202, 42.818280849627598 ], [ -71.181060818870819, 42.807317146329801 ], [ -71.186347472899115, 42.738760613015302 ], [ -71.240479223237202, 42.743555232277103 ], [ -71.252411558464317, 42.726068934178102 ], [ -71.287194448269801, 42.698603468550893 ], [ -71.900941924798317, 42.705378608044192 ], [ -72.279916913677397, 42.720467052569894 ] ] ] } },
{ "type": "Feature", "properties": { "FID": 31, "Program": "NJ-NJEMS", "State_Code": "NJ", "State_Name": "NEW JERSEY", "Flowing_St": "F", "FID_1": 949 }, "geometry": { "type": "Polygon", "coordinates": [ [ [ -75.4892806610995, 39.714858227793897 ], [ -75.475974275530518, 39.7200843747042 ], [ -75.474768432904497, 39.74183207308689 ], [ -75.460394107062498, 39.763362039091994 ], [ -75.427647323222999, 39.778242904831593 ], [ -75.411754569181198, 39.789770754118798 ], [ -75.420467956809915, 39.798983118255393 ], [ -75.345932304871994, 39.848516586641303 ], [ -75.253740437585705, 39.845537802569801 ], [ -75.246995551651494, 39.850405361919002 ], [ -75.185605485544102, 39.8774058344883 ], [ -75.142901240068809, 39.881602013486592 ], [ -75.1358054853754, 39.896887416970102 ], [ -75.147158651441615, 39.934740421368495 ], [ -75.139864590885196, 39.955919466810393 ], [ -75.110963065480803, 39.976690348225603 ], [ -75.084586986998914, 39.975732802360696 ], [ -75.068045749991299, 39.98539151010111 ], [ -75.045675418858593, 40.007634714121096 ], [ -74.983485342970297, 40.034073838119014 ], [ -74.956201502305319, 40.058014453295101 ], [ -74.87192415255582, 40.078056555483585 ], [ -74.829022481886199, 40.116160964885395 ], [ -74.74629412471981, 40.124358695105592 ], [ -74.725480453167918, 40.149306691632496 ], [ -74.738824707489897, 40.1777256624096 ], [ -74.842763088913813, 40.2484527849765 ], [ -74.880659556901307, 40.2995916087404 ], [ -74.9211500085555, 40.314033746069995 ], [ -74.932502967405512, 40.33377440055289 ], [ -74.950188452036102, 40.345473824818797 ], [ -74.972841011575696, 40.404447957743002 ], [ -75.000475513783599, 40.4086210839437 ], [ -75.021266132537704, 40.401323604320794 ], [ -75.057453326244215, 40.420171467988098 ], [ -75.070118636825214, 40.456253913926695 ], [ -75.063679653743804, 40.521003471991399 ], [ -75.079785944036203, 40.545355981085009 ], [ -75.124526036457198, 40.564798814145192 ], [ -75.182281997394199, 40.556799130767693 ], [ -75.197571856025107, 40.57068432286939 ], [ -75.193513009535494, 40.583768520913402 ], [ -75.200387560980502, 40.614743243975894 ], [ -75.197938628624414, 40.634205503551009 ], [ -75.208917717721803, 40.650738037479904 ], [ -75.184060689088213, 40.669792288440291 ], [ -75.205355050321799, 40.686061554240794 ], [ -75.187753902667495, 40.723857004351409 ], [ -75.193644177363296, 40.748003592388308 ], [ -75.170313295731404, 40.7748092299653 ], [ -75.130318919558917, 40.772707695497509 ], [ -75.100540869807219, 40.791659167243793 ], [ -75.089211274578986, 40.821390645163902 ], [ -75.099541984318904, 40.839285107289491 ], [ -75.054619023638693, 40.855673366968603 ], [ -75.056488476009704, 40.872045878219701 ], [ -75.073685759372594, 40.884626385588199 ], [ -75.079736263962403, 40.903348624460001 ], [ -75.135524914697797, 40.9629365316434 ], [ -75.139301791800904, 40.977527501978393 ], [ -75.116619185918395, 41.000247924809607 ], [ -75.069979024939016, 41.010716070666092 ], [ -75.035256331427306, 41.028202886805403 ], [ -75.001151556498101, 41.062485556806102 ], [ -74.966291582282096, 41.082676595607886 ], [ -74.988882961251093, 41.081761011014891 ], [ -74.984594985494994, 41.099380808123485 ], [ -74.94999449771241, 41.111854858190895 ], [ -74.914768320741501, 41.141105698233297 ], [ -74.86288662705222, 41.206771358931299 ], [ -74.866411477503405, 41.226817294618584 ], [ -74.82519592470932, 41.282706030758199 ], [ -74.794143288371501, 41.295214530511885 ], [ -74.791663480807813, 41.311964641406384 ], [ -74.700062438591218, 41.350573104111895 ], [ -74.3719808259372, 41.195849979533698 ], [ -74.213038676779306, 41.123611629528398 ], [ -73.896697517190304, 40.998529792037701 ], [ -73.896148342568196, 40.960871778043703 ], [ -73.922394496519317, 40.8860400660203 ], [ -73.977061071760616, 40.797487069876091 ], [ -74.006259796939219, 40.737730851368482 ], [ -74.006183437785097, 40.704001966549384 ], [ -74.129058060567615, 40.647072176433312 ], [ -74.1155309897905, 40.705626644834098 ], [ -74.146858032125309, 40.675479594909596 ], [ -74.2082529678123, 40.591187688224892 ], [ -74.278910362142099, 40.51430365557141 ], [ -74.268915446185801, 40.46374861152789 ], [ -74.224503480550595, 40.443584821650802 ], [ -74.121885480483797, 40.451458569408501 ], [ -73.978440561526696, 40.3236159910482 ], [ -74.039231099485605, 40.101841965757501 ], [ -74.091425896789318, 40.116085590007984 ], [ -74.0837730414558, 40.088181758599092 ], [ -74.034294588959909, 40.091367033571792 ], [ -74.049790057823301, 40.056856218581508 ], [ -74.122180556292406, 40.051561431319001 ], [ -74.07733307409751, 40.042272915244403 ], [ -74.159228525917996, 39.878605408825401 ], [ -74.171426926691609, 39.718274652390598 ], [ -74.237675590049406, 39.62404678274649 ], [ -74.323342065116407, 39.572086191505107 ], [ -74.328850751257704, 39.523627708741493 ], [ -74.412388650148415, 39.542621193563697 ], [ -74.401119613842198, 39.502627646255895 ], [ -74.460417936445296, 39.426756589789399 ], [ -74.447500858232502, 39.381075321579893 ], [ -74.658234147618799, 39.287251419835293 ], [ -74.622527021945885, 39.281632442894001 ], [ -74.624587009573901, 39.250828517749504 ], [ -74.802291804754304, 39.026373581614109 ], [ -74.879253595271095, 38.989843600578702 ], [ -74.876300972239406, 38.956682384423701 ], [ -74.968125393474011, 38.971738762248897 ], [ -74.89020206818131, 39.113860243410592 ], [ -74.916654350405281, 39.170638558515307 ], [ -75.014407070500496, 39.198363821400385 ], [ -75.11995811167202, 39.184691802920888 ], [ -75.415672249663402, 39.374971821457692 ], [ -75.552763040555604, 39.490514307715003 ], [ -75.5166888832632, 39.566568439656791 ], [ -75.570234211874904, 39.617734978581801 ], [ -75.4892806610995, 39.714858227793897 ] ] ] } },
{ "type": "Feature", "properties": { "FID": 32, "Program": " ", "State_Code": "NM", "State_Name": "NEW MEXICO", "Flowing_St": "P", "FID_1": 950 }, "geometry": { "type": "Polygon", "coordinates": [ [ [ -109.049495309479994, 32.442044476538584 ], [ -109.051346164199998, 32.77955053906679 ], [ -109.050349247266013, 33.783301929057899 ], [ -109.047846490512995, 35.996663963572097 ], [ -109.048480105718994, 36.996640911250005 ], [ -107.410820557565003, 36.997525776047603 ], [ -106.890370239307998, 36.999083782533603 ], [ -106.86124885756, 36.989501589359392 ], [ -105.992000076847006, 36.992289630957693 ], [ -105.713460014009001, 36.994560357418308 ], [ -105.213091479835001, 36.992604495909397 ], [ -103.993635011379993, 36.994469078700803 ], [ -103.077865892431007, 36.99976018787649 ], [ -102.997709450410994, 36.998523832671303 ], [ -102.997401009160001, 36.492370186001395 ], [ -103.027286811313999, 36.491591830308792 ], [ -103.022294041601, 35.623647993349103 ], [ -103.026151163161003, 35.177265536554096 ], [ -103.022657032506004, 34.745332780478499 ], [ -103.029645811856994, 34.307820470335592 ], [ -103.033258521958999, 33.826181583010694 ], [ -103.043100978628004, 33.377831453385802 ], [ -103.049330880606007, 32.953638894254198 ], [ -103.060018209353018, 32.515545498201 ], [ -103.055640509000995, 32.085116820606302 ], [ -103.058413786448, 32.00202277872549 ], [ -103.981377087764997, 32.006015212436601 ], [ -104.019296971179003, 32.007403508889396 ], [ -104.851068067759002, 32.003265039591092 ], [ -104.922304838466005, 32.004382090093493 ], [ -106.003240361912006, 32.001658026483902 ], [ -106.378387291297003, 32.0007470524504 ], [ -106.623625645424994, 32.0010888036986 ], [ -106.650061868395994, 31.980329733604286 ], [ -106.632605305816, 31.972219966643006 ], [ -106.633748931791004, 31.914101014801705 ], [ -106.644079071685994, 31.895205439614102 ], [ -106.616123695257997, 31.8447405345992 ], [ -106.614986544789005, 31.817834397185699 ], [ -106.539514793858004, 31.786305267293201 ], [ -107.283567198349004, 31.785083106394801 ], [ -108.203254930254005, 31.786903241320307 ], [ -108.210647781112996, 31.343853597402401 ], [ -109.045615031514004, 31.343453048569405 ], [ -109.049495309479994, 32.442044476538584 ] ] ] } },
{ "type": "Feature", "properties": { "FID": 33, "Program": "FIS", "State_Code": "NY", "State_Name": "NEW YORK", "Flowing_St": "F", "FID_1": 951 }, "geometry": { "type": "MultiPolygon", "coordinates": [ [ [ [ -79.763234980464702, 42.26732706965489 ], [ -79.444020354416395, 42.419361460978401 ], [ -79.354883837571904, 42.493461803572998 ], [ -79.142233280686099, 42.574616768453801 ], [ -79.043751936776204, 42.699246771112591 ], [ -78.859199839075615, 42.79274513627329 ], [ -78.936551351381112, 42.974231419116187 ], [ -78.882793263579401, 43.022357630770898 ], [ -78.9255963511619, 43.066626720865294 ], [ -79.06111473404512, 43.090604997578097 ], [ -79.039325333410602, 43.144739182706083 ], [ -79.062238985308895, 43.268216182859092 ], [ -78.464653695631412, 43.371993557328501 ], [ -77.992009336457315, 43.365571617775998 ], [ -77.745007417414598, 43.335170054605697 ], [ -77.575711505719298, 43.241547670574597 ], [ -77.377315866364683, 43.275712900817794 ], [ -76.914527484713105, 43.278596002828493 ], [ -76.736829475861995, 43.342733185342901 ], [ -76.718471626603602, 43.323442448942494 ], [ -76.619627965241904, 43.414152720700905 ], [ -76.454655722285807, 43.500721000486294 ], [ -76.222764730721906, 43.5541537589204 ], [ -76.184570389507698, 43.633197346565886 ], [ -76.205666341270202, 43.682700043352298 ], [ -76.239991801407498, 43.835127264706891 ], [ -76.193718464831306, 43.912490329313094 ], [ -76.129065935732598, 43.932208034606695 ], [ -76.134522299794099, 44.013228930633289 ], [ -76.201542532515219, 44.065598100333794 ], [ -76.296882945710109, 44.042017108799485 ], [ -76.362880981125116, 44.098354778744799 ], [ -75.848029850666407, 44.390262718546808 ], [ -75.758657521834493, 44.517533535723807 ], [ -75.328862355837998, 44.810629186737899 ], [ -74.968469631316097, 44.948625149611097 ], [ -74.736107637425604, 44.992916204618403 ], [ -74.021538932134007, 44.990847358499487 ], [ -73.344723508464909, 45.006138771251592 ], [ -73.350758368234708, 44.981972963916199 ], [ -73.336414658579997, 44.932603921551497 ], [ -73.382306769229999, 44.8479336381628 ], [ -73.369054104449816, 44.819117900247697 ], [ -73.326786308006803, 44.799293582241106 ], [ -73.373158590298303, 44.724236419038107 ], [ -73.358150960074198, 44.680368551228995 ], [ -73.373097150707508, 44.661276379711701 ], [ -73.370136705265907, 44.634349054446098 ], [ -73.38182509527131, 44.619807712380904 ], [ -73.371296027864403, 44.579166977208402 ], [ -73.347811961687896, 44.553971564589197 ], [ -73.334452476978399, 44.544328242648504 ], [ -73.293319758843396, 44.432853564979801 ], [ -73.299995175560795, 44.40553315066299 ], [ -73.329788093071812, 44.367390458075995 ], [ -73.305325655806499, 44.260142264768611 ], [ -73.377332648971603, 44.201247495632806 ], [ -73.382062357771915, 44.17210761984289 ], [ -73.407864810125304, 44.136227054245886 ], [ -73.408756823880296, 44.1066103740771 ], [ -73.435215270784994, 44.063897788151394 ], [ -73.436000723630897, 44.045679188151091 ], [ -73.408251320063513, 44.018221907562101 ], [ -73.417406129912294, 43.98819695975849 ], [ -73.405334545427195, 43.914807575801106 ], [ -73.375120771899901, 43.885976970126698 ], [ -73.384739901354195, 43.804507969158905 ], [ -73.358997179058306, 43.778427588134008 ], [ -73.356669675370497, 43.756558357474695 ], [ -73.370989399755018, 43.714281132696492 ], [ -73.422959833763898, 43.632114745749803 ], [ -73.418319849559794, 43.582479378818398 ], [ -73.388114209266803, 43.569143672163001 ], [ -73.363685548235196, 43.614998846532892 ], [ -73.303534531143015, 43.624714797736793 ], [ -73.294104279216498, 43.619652869631601 ], [ -73.281736272017795, 43.593187273769395 ], [ -73.291402491343902, 43.575033584230511 ], [ -73.259983807663403, 43.559382340620509 ], [ -73.238391365986914, 43.512832836710103 ], [ -73.250071467346004, 43.310854015555897 ], [ -73.2760052947433, 42.940294126646499 ], [ -73.279583192530808, 42.837103329315603 ], [ -73.296169758072907, 42.803549386737799 ], [ -73.269275328372217, 42.747481408621702 ], [ -73.258059805638794, 42.746058662482703 ], [ -73.350824211168899, 42.504755757622206 ], [ -73.498840007741407, 42.077460706372889 ], [ -73.484230284344221, 42.047428039767397 ], [ -73.517147399865408, 41.6656861453381 ], [ -73.550259661203, 41.2936207274347 ], [ -73.478120774953496, 41.210754882347601 ], [ -73.725237647159716, 41.100354206024399 ], [ -73.653723776645904, 41.012617278913403 ], [ -73.65315144561832, 40.9983924595292 ], [ -73.780041244085197, 40.886688808006099 ], [ -73.796345943848706, 40.832334093082309 ], [ -73.919861848835396, 40.802804806327998 ], [ -74.006183437785097, 40.704001966549384 ], [ -74.006259796939219, 40.737730851368482 ], [ -73.977061071760616, 40.797487069876091 ], [ -73.922394496519317, 40.8860400660203 ], [ -73.896148342568196, 40.960871778043703 ], [ -73.896697517190304, 40.998529792037701 ], [ -74.213038676779306, 41.123611629528398 ], [ -74.3719808259372, 41.195849979533698 ], [ -74.700062438591218, 41.350573104111895 ], [ -74.705273251505815, 41.375059319431301 ], [ -74.740437574453708, 41.4016358795459 ], [ -74.740040651903499, 41.4220594666807 ], [ -74.754826612642916, 41.430146388060699 ], [ -74.79279902535221, 41.429917155186196 ], [ -74.864066671266514, 41.447154793895791 ], [ -74.895279278478114, 41.444671204637196 ], [ -74.898559717471201, 41.461894234607698 ], [ -74.932564406996306, 41.484350664053984 ], [ -74.971787990866005, 41.483602613724599 ], [ -75.014886827709702, 41.539555897697291 ], [ -75.025087353898599, 41.565800911959492 ], [ -75.069865366876499, 41.604477963213199 ], [ -75.072451735349304, 41.613080075765303 ], [ -75.051324960183095, 41.63731478247329 ], [ -75.065400894758, 41.714836781872492 ], [ -75.056969942752204, 41.726708091941205 ], [ -75.061318529234498, 41.770260369542001 ], [ -75.097154957789812, 41.779041775874695 ], [ -75.096826779200001, 41.797207328538597 ], [ -75.079843032087709, 41.814148337318393 ], [ -75.117777420631995, 41.836986821555499 ], [ -75.124750814184296, 41.849182373107006 ], [ -75.148280571523713, 41.855789356688298 ], [ -75.171283792606204, 41.867839856929393 ], [ -75.254515477819808, 41.8688733475161 ], [ -75.283690010512018, 41.947603831547291 ], [ -75.324065819826814, 41.961274969358001 ], [ -75.345657070010503, 41.992844972637698 ], [ -75.382813206470516, 41.99835661160931 ], [ -75.479732244159095, 41.996367699123297 ], [ -76.104834544483097, 41.999498735266798 ], [ -76.563914792992009, 42.003011411768583 ], [ -77.745007935455121, 41.997333171006282 ], [ -78.204262038320195, 41.998200422430408 ], [ -78.918538258005114, 41.999846806607707 ], [ -79.612367475129503, 42.000584910561592 ], [ -79.761659671429612, 42.003105746924497 ], [ -79.763234980464702, 42.26732706965489 ] ] ], [ [ [ -73.752208954054794, 40.594587224704803 ], [ -73.927590700694793, 40.557650322939701 ], [ -73.761395001739402, 40.618237944476093 ], [ -73.764935134382199, 40.636933452463502 ], [ -73.846060778176593, 40.652600133677304 ], [ -73.915734361993501, 40.631131400046897 ], [ -73.87981411450231, 40.590269098997695 ], [ -74.004039320396899, 40.581259029635 ], [ -74.027721692436415, 40.639336486440797 ], [ -73.9556067914572, 40.739382674969896 ], [ -73.899017768312504, 40.797117240838496 ], [ -73.753917813903598, 40.788851232894302 ], [ -73.749477171643321, 40.844998730210904 ], [ -73.598271903970897, 40.903144412936498 ], [ -73.478089640725798, 40.879744735540207 ], [ -73.430647812236217, 40.922556629809499 ], [ -73.214523121053901, 40.901041738779902 ], [ -73.140979671883201, 40.9513959903665 ], [ -73.021269654261516, 40.968433095639483 ], [ -72.631572420712388, 40.981285211586801 ], [ -72.317031451493705, 41.149333371188291 ], [ -72.281149228167493, 41.142535334309486 ], [ -72.354279332907595, 41.110202775569398 ], [ -72.416345648945608, 41.026040119963092 ], [ -72.550971241013215, 40.966179930748403 ], [ -72.6048154271285, 40.905300600665811 ], [ -72.476109120018805, 40.920148311820192 ], [ -72.293082444063316, 41.024017431243401 ], [ -72.203350543393611, 41.035373912768193 ], [ -72.077011162845608, 41.000574290258001 ], [ -71.923700216382301, 41.084871791778902 ], [ -71.869986731858603, 41.074507668433498 ], [ -71.918702266265811, 41.030574061298395 ], [ -72.52116418099952, 40.81504159389489 ], [ -73.422526078541793, 40.66132512541089 ], [ -73.752208954054794, 40.594587224704803 ] ] ], [ [ [ -73.293058977308917, 40.626382212927695 ], [ -73.291143885579103, 40.633076900747788 ], [ -73.240437211112209, 40.633076589923597 ], [ -73.051022838074203, 40.675167112943804 ], [ -72.876906042469216, 40.7373463099837 ], [ -72.782199140872407, 40.764133298106501 ], [ -72.7573265192229, 40.767959492655095 ], [ -72.764025299562107, 40.758392270848397 ], [ -72.956315677457297, 40.700038750316502 ], [ -73.030933956838197, 40.67134102200319 ], [ -73.249051186789202, 40.625424459846698 ], [ -73.293058977308917, 40.626382212927695 ] ] ], [ [ [ -74.236939661865208, 40.506003301548894 ], [ -74.236939869081397, 40.53790495428909 ], [ -74.166298015963406, 40.624497115736695 ], [ -74.072866063581202, 40.649563329081609 ], [ -74.059193682473506, 40.601708985026001 ], [ -74.122999733567909, 40.544741222548993 ], [ -74.193641845706011, 40.510561953411084 ], [ -74.236939661865208, 40.506003301548894 ] ] ] ] } },
{ "type": "Feature", "properties": { "FID": 34, "Program": " ", "State_Code": "NC", "State_Name": "NORTH CAROLINA", "Flowing_St": "N", "FID_1": 952 }, "geometry": { "type": "MultiPolygon", "coordinates": [ [ [ [ -83.988454235299912, 34.989151807534192 ], [ -84.118152382548601, 34.988306987259087 ], [ -84.323773493911418, 34.989090575159587 ], [ -84.290959520232803, 35.210622261153908 ], [ -84.225863134124097, 35.26168286081819 ], [ -84.179642689472203, 35.241069463682905 ], [ -84.101560688406707, 35.2456337621853 ], [ -84.042689697324903, 35.272658479044999 ], [ -84.030771711816797, 35.292605779841296 ], [ -84.029115277655805, 35.32537395874909 ], [ -84.006217322381403, 35.37294369141209 ], [ -84.012556738099093, 35.4077067920744 ], [ -83.954607858919303, 35.455544299817291 ], [ -83.909912628796505, 35.4765642550541 ], [ -83.881125383103097, 35.510671982813506 ], [ -83.830098093436106, 35.519149351238703 ], [ -83.775774719956104, 35.5526929330088 ], [ -83.613750644884206, 35.571830899296899 ], [ -83.560922646806503, 35.555268785261497 ], [ -83.505683688733598, 35.559645397729092 ], [ -83.458173116283604, 35.597373295372286 ], [ -83.386972142168005, 35.625313182392716 ], [ -83.342902808449495, 35.653355485998993 ], [ -83.298291604478706, 35.656423321214298 ], [ -83.258998810412095, 35.691106747264008 ], [ -83.243724544797104, 35.718312985477901 ], [ -83.185220533530796, 35.728983374304391 ], [ -83.143532994133395, 35.762781883752496 ], [ -83.118057632485005, 35.763907585529395 ], [ -83.059828752472001, 35.782676810664896 ], [ -82.986873848993412, 35.7740910681893 ], [ -82.962619767574694, 35.791951961297407 ], [ -82.906689121967204, 35.872317173596997 ], [ -82.913938734657705, 35.927969735120691 ], [ -82.895841770542006, 35.948462584256305 ], [ -82.8561371343621, 35.947528557425301 ], [ -82.808535179586499, 35.920975153716299 ], [ -82.776308456498896, 35.956677358005486 ], [ -82.773463326849097, 35.98760690794569 ], [ -82.763094903768405, 35.999650000209094 ], [ -82.643755336832896, 36.051829049084795 ], [ -82.627908791994201, 36.054446137352997 ], [ -82.604264236903504, 36.043094059171601 ], [ -82.592094224743406, 36.0225560887177 ], [ -82.605666468642909, 36.0036541934372 ], [ -82.5991649062818, 35.963405770255299 ], [ -82.554005252945402, 35.956215939426293 ], [ -82.506793900627201, 35.972650304700402 ], [ -82.475055223395103, 35.993284423451499 ], [ -82.408282924806713, 36.075426617911695 ], [ -82.373713415839703, 36.098807179617488 ], [ -82.311783707053607, 36.122260577802706 ], [ -82.262159944227093, 36.120487584552997 ], [ -82.207584595899206, 36.147127552811902 ], [ -82.153900950502205, 36.139737654782593 ], [ -82.117925583512999, 36.09637482455399 ], [ -82.077602148081994, 36.100260231119591 ], [ -82.020294965538696, 36.129834328367998 ], [ -81.932951697323304, 36.263444250438496 ], [ -81.910994037168706, 36.290875318183502 ], [ -81.830410419038898, 36.334778982583799 ], [ -81.730324600419607, 36.329467203596401 ], [ -81.709289881031594, 36.333850291568893 ], [ -81.74021316268302, 36.361982526987703 ], [ -81.740908010264008, 36.391907855623494 ], [ -81.698114920861016, 36.471899975230997 ], [ -81.702632699336107, 36.519460279558899 ], [ -81.669835043929893, 36.589767789406302 ], [ -81.345121004663199, 36.572988305621394 ], [ -80.903240474307111, 36.565342081205003 ], [ -80.435091980499394, 36.5511811362014 ], [ -80.047863364841405, 36.547272469622008 ], [ -80.023822301632919, 36.545163009136303 ], [ -79.717201652003297, 36.548027876124998 ], [ -79.510047762721712, 36.547795638616293 ], [ -79.2168032787024, 36.549921313766404 ], [ -79.144062792142805, 36.546198364668399 ], [ -78.796428418256681, 36.543673902022704 ], [ -78.737116004954999, 36.546214682940899 ], [ -78.4585295256975, 36.541623498141902 ], [ -78.051381687032702, 36.552621392105699 ], [ -77.319746348165594, 36.554068382535192 ], [ -77.1770420197563, 36.556437536670693 ], [ -76.923816363416108, 36.554297978037901 ], [ -76.563255690198204, 36.555404201496096 ], [ -76.045611182325203, 36.557106430427808 ], [ -76.032861431159802, 36.514527550728005 ], [ -76.090717373892915, 36.503720347433294 ], [ -75.975721420251702, 36.436370174784997 ], [ -75.969411325620399, 36.415275362711199 ], [ -76.001257858862516, 36.419070578444284 ], [ -75.950900758053805, 36.365628339871002 ], [ -75.927768389500997, 36.42340098170861 ], [ -75.924234525146915, 36.351106424320598 ], [ -75.799686787302804, 36.112978951665298 ], [ -75.798479804988006, 36.072982192506998 ], [ -75.854797012337698, 36.105828906338608 ], [ -75.913405926783994, 36.244960983600592 ], [ -75.957155474166996, 36.259612409249598 ], [ -75.941576030955602, 36.294497301208601 ], [ -76.0086191610621, 36.31975306553381 ], [ -75.956825793260009, 36.193930948319604 ], [ -75.98098123978761, 36.169886362436301 ], [ -76.182820967095907, 36.315395465148697 ], [ -76.218558398131904, 36.296764556798507 ], [ -76.112358459562401, 36.174578047071691 ], [ -76.141587697320418, 36.147848716844898 ], [ -76.234632984352316, 36.16351943877369 ], [ -76.298585278250002, 36.214387379215403 ], [ -76.275161460171319, 36.110530485545496 ], [ -76.480192057288605, 36.079952374208901 ], [ -76.420085695278502, 36.058766024397393 ], [ -76.522672923745802, 36.007329586426984 ], [ -76.59366647448752, 36.010293088306803 ], [ -76.648684332920197, 36.065867995575601 ], [ -76.632875397814104, 36.037277501623997 ], [ -76.689823008519696, 36.049770045733503 ], [ -76.726179756847202, 36.15698000765979 ], [ -76.688407877574619, 36.294673227726598 ], [ -76.776317985589415, 36.358484718245094 ], [ -76.923760881289809, 36.392598817901401 ], [ -76.741022391205718, 36.315321903412809 ], [ -76.707168503239515, 36.266288344007407 ], [ -76.744736274596818, 36.234073639456895 ], [ -76.760345038894499, 36.144750213638297 ], [ -76.693430952650104, 35.993130358238297 ], [ -76.740794557040303, 35.936787404280892 ], [ -76.4091283638775, 35.977628931910196 ], [ -76.371139166659404, 35.932505489597396 ], [ -76.213419903656501, 35.977037018955698 ], [ -76.089282246588397, 35.963073291930193 ], [ -76.025686934326401, 35.92058486208321 ], [ -76.075551896760601, 35.756964756360404 ], [ -76.042704043240207, 35.684014359833199 ], [ -76.166946551684006, 35.697007797200008 ], [ -76.1043820361987, 35.663805034205403 ], [ -76.020844499936317, 35.6692594815174 ], [ -75.987491557031404, 35.892867784236401 ], [ -75.817681075812303, 35.923684349566592 ], [ -75.748584485386601, 35.86950789234249 ], [ -75.728988985822198, 35.665346359790711 ], [ -75.778672841334497, 35.578859671367304 ], [ -75.891121849376901, 35.631437352326508 ], [ -76.052608302127496, 35.414774883410807 ], [ -76.181252237173794, 35.341701866722197 ], [ -76.498450960831619, 35.4163837614635 ], [ -76.533402110157098, 35.450365294582902 ], [ -76.458082248670109, 35.504591742705195 ], [ -76.446173691497194, 35.551031629268103 ], [ -76.518595375998004, 35.577810173332395 ], [ -76.492188059680203, 35.541952401512809 ], [ -76.637852833530999, 35.520501592080002 ], [ -76.6284211310914, 35.438063130318298 ], [ -76.705029255431114, 35.412101069719391 ], [ -77.103443865520006, 35.550348800224292 ], [ -76.982854008092602, 35.436663695996998 ], [ -76.694552510103904, 35.350594133699204 ], [ -76.614167042424995, 35.273086743039002 ], [ -76.590859472610802, 35.31224754041299 ], [ -76.540627012320911, 35.303854249943889 ], [ -76.506775144712194, 35.248933109652803 ], [ -76.639741349788608, 35.172686318488303 ], [ -76.604874848263606, 35.138726335849285 ], [ -76.62387294364521, 35.064513371272902 ], [ -76.677662113870596, 35.024248111778206 ], [ -76.849125299359699, 34.982379931695398 ], [ -76.941155538042906, 35.027587555572296 ], [ -76.942910037250599, 35.07019456486551 ], [ -77.047552124746105, 35.092315096920103 ], [ -77.104347535183905, 35.088145493394201 ], [ -77.110260551852903, 35.066195448433398 ], [ -77.000858605606098, 35.053046339927995 ], [ -76.912772881897496, 34.936630023133596 ], [ -76.646701015270395, 34.906495250766504 ], [ -76.669712317783095, 34.970158685340301 ], [ -76.529425942914401, 34.974797788875698 ], [ -76.444674689812103, 35.016821588292999 ], [ -76.423699648677498, 34.946410107738387 ], [ -76.3636527577046, 34.943275341704201 ], [ -76.329043929471695, 34.976120449610505 ], [ -76.314348729409403, 34.94897901825 ], [ -76.469545809144506, 34.785223393160003 ], [ -76.624963004243, 34.719915232138099 ], [ -77.050199052140997, 34.69907928484939 ], [ -77.148630094328595, 34.764492867091498 ], [ -77.129067075896799, 34.685075824125697 ], [ -77.156274350191595, 34.660799466969991 ], [ -77.538326343601, 34.457175763955703 ], [ -77.586455041849504, 34.421104455885491 ], [ -77.609420653199393, 34.4352111102558 ], [ -77.602309771726397, 34.412796175845209 ], [ -77.750228591137102, 34.3052152451924 ], [ -77.86409438785391, 34.192908076609996 ], [ -77.8941093374779, 34.069351764472493 ], [ -77.926466813961099, 34.0622068995497 ], [ -77.960442234203796, 34.189413842346198 ], [ -77.958236625420895, 33.992753586508499 ], [ -78.034517918075693, 33.914465508974089 ], [ -78.579453519179197, 33.882164602502002 ], [ -78.655453153271694, 33.948845000724496 ], [ -79.446913350998599, 34.619222218372698 ], [ -79.455740862926305, 34.634251968921603 ], [ -79.667282347131817, 34.800820190724501 ], [ -79.685738675869104, 34.8054127224285 ], [ -79.919736641324803, 34.808074051346402 ], [ -80.32506538114491, 34.8149166915031 ], [ -80.799855774456702, 34.816260073853684 ], [ -80.785444615942694, 34.940788126162886 ], [ -80.83995904272011, 35.002166432753199 ], [ -80.894510353973502, 35.059880795046496 ], [ -80.927591895515903, 35.10139468730371 ], [ -81.039685217023418, 35.037345364440199 ], [ -81.065350026044001, 35.066625318352607 ], [ -81.028240565023594, 35.105550977191598 ], [ -81.048839716048093, 35.132153387521797 ], [ -81.049098995265496, 35.151672786952403 ], [ -81.322625722187297, 35.163891805733698 ], [ -81.361980163060693, 35.162986737360796 ], [ -81.765181103765102, 35.182596068603786 ], [ -81.870416554728394, 35.183237817044301 ], [ -81.971272699414115, 35.188400037769895 ], [ -82.278165579270805, 35.195121611886506 ], [ -82.320608887799494, 35.1843038405678 ], [ -82.350700041165496, 35.192788150734195 ], [ -82.359962344396095, 35.183064636140493 ], [ -82.371215994902599, 35.1828397548053 ], [ -82.389450705959305, 35.208356559685193 ], [ -82.437761391798304, 35.169676192972894 ], [ -82.466585988204102, 35.17361723707689 ], [ -82.524479644277903, 35.154677473043598 ], [ -82.569875886662402, 35.149607359900102 ], [ -82.654344134297304, 35.119574071646198 ], [ -82.685900202290398, 35.12158044209351 ], [ -82.687884607824998, 35.097918273629396 ], [ -82.697208247038205, 35.091349469625108 ], [ -82.771201148055098, 35.085537678049107 ], [ -83.007146582765401, 35.024293181292599 ], [ -83.106156949525996, 35.00036670861919 ], [ -83.512887662065296, 34.992115775650504 ], [ -83.5492973023171, 34.989628508305096 ], [ -83.988454235299912, 34.989151807534192 ] ] ], [ [ [ -76.026819215216307, 36.55687004859589 ], [ -75.998314715970196, 36.556805345350597 ], [ -75.911564759418397, 36.542684393065493 ], [ -75.924450340775195, 36.474131589641793 ], [ -75.9769275737019, 36.478170750596398 ], [ -75.975936251603301, 36.518079391083702 ], [ -76.026819215216307, 36.55687004859589 ] ] ], [ [ [ -75.901631024032696, 36.556352319025798 ], [ -75.877811060464396, 36.556028284759101 ], [ -75.772788316887116, 36.229418269453198 ], [ -75.544578675777501, 35.788538075098593 ], [ -75.702358808526796, 36.050028029849905 ], [ -75.740492072778494, 36.050488723172599 ], [ -75.782806078424798, 36.22535553766059 ], [ -75.901631024032696, 36.556352319025798 ] ] ], [ [ [ -75.490824007042406, 35.67067792792119 ], [ -75.53323276227681, 35.769034475900085 ], [ -75.456580449091518, 35.617577440596094 ], [ -75.525893580401998, 35.228094416749997 ], [ -75.748898780493903, 35.190001766865102 ], [ -75.691171726210996, 35.235164839268101 ], [ -75.521080259881984, 35.281534790377904 ], [ -75.475020200536221, 35.564675103721797 ], [ -75.490824007042406, 35.67067792792119 ] ] ], [ [ [ -76.016627961950604, 35.06960513850489 ], [ -75.975313204421013, 35.116355124047892 ], [ -75.853549363851997, 35.1674551983903 ], [ -75.763311544933202, 35.19245821080699 ], [ -75.811150295972993, 35.16419428951999 ], [ -75.90356248583889, 35.132664175350591 ], [ -76.002497633134297, 35.069605345721087 ], [ -76.016627961950604, 35.06960513850489 ] ] ], [ [ [ -76.543918900006801, 34.587994328969401 ], [ -76.554791428195102, 34.610824835384406 ], [ -76.537395683557094, 34.614086469511193 ], [ -76.484125486198806, 34.697795114515891 ], [ -76.43193835589301, 34.7608479348769 ], [ -76.374318587775605, 34.813033666473693 ], [ -76.287338983917095, 34.87717525233149 ], [ -76.468904060703906, 34.693446631641699 ], [ -76.543918900006801, 34.587994328969401 ] ] ] ] } },
{ "type": "Feature", "properties": { "FID": 35, "Program": " ", "State_Code": "ND", "State_Name": "NORTH DAKOTA", "Flowing_St": "N", "FID_1": 953 }, "geometry": { "type": "Polygon", "coordinates": [ [ [ -98.730436919660306, 45.938271024920795 ], [ -100.514406771801006, 45.9403879969923 ], [ -102.002775056127007, 45.942505383496105 ], [ -102.994822929334006, 45.941115636530199 ], [ -104.048906346978001, 45.9429936883718 ], [ -104.045926526825994, 47.333832009973094 ], [ -104.048425191060005, 48.000081274542985 ], [ -104.052111462897997, 48.3910193702486 ], [ -104.052317642974998, 48.645824738967399 ], [ -104.062991088239997, 49.000026725364897 ], [ -102.937958826739006, 49.000026207324403 ], [ -102.022264409214998, 49.000015276672102 ], [ -101.500437450413997, 49.000020094447798 ], [ -100.187908290590997, 49.000002222054199 ], [ -99.533565977269106, 49.000008645755095 ], [ -99.000403413971796, 49.000006521789494 ], [ -97.937867804664506, 48.999991913050401 ], [ -97.229436427533599, 48.999987768727202 ], [ -97.216369117605794, 48.931829919300093 ], [ -97.175727501765095, 48.8737577983105 ], [ -97.171204387473907, 48.835980479613703 ], [ -97.180421880210204, 48.815537517768099 ], [ -97.164712408860296, 48.810368303497185 ], [ -97.173944717552018, 48.8015144751175 ], [ -97.1475160061661, 48.781170096358892 ], [ -97.139246009310696, 48.7635421142121 ], [ -97.147898371780499, 48.755653395087208 ], [ -97.132501796828706, 48.7472187649945 ], [ -97.1348061441103, 48.726237921807495 ], [ -97.110101263940606, 48.7085830533643 ], [ -97.116739278142219, 48.69524309877761 ], [ -97.097169266165196, 48.674528890981598 ], [ -97.107630055848105, 48.629946593664698 ], [ -97.127444323870606, 48.629794341592785 ], [ -97.122958197663493, 48.620768679214194 ], [ -97.144718069996202, 48.614024622144498 ], [ -97.140811890010099, 48.586905829149202 ], [ -97.158192300652601, 48.583640724151699 ], [ -97.152126824695202, 48.572856418242509 ], [ -97.167943167779001, 48.562263269238805 ], [ -97.146618397574898, 48.549537037107299 ], [ -97.160435674580398, 48.545077900804998 ], [ -97.1555374990442, 48.538398236156297 ], [ -97.139385569392999, 48.534648089937583 ], [ -97.148327671855995, 48.51795128539969 ], [ -97.134594317393095, 48.517313992106502 ], [ -97.143612934422706, 48.438109604722598 ], [ -97.119633155392293, 48.437102067959593 ], [ -97.122601164223909, 48.416109879688001 ], [ -97.151646963878207, 48.419612298990096 ], [ -97.149823565298504, 48.409991615414697 ], [ -97.129124536085598, 48.407885522191407 ], [ -97.158818870509421, 48.388206048279095 ], [ -97.135205397842796, 48.384410003681403 ], [ -97.133786381594405, 48.372454719264802 ], [ -97.150395948129614, 48.363215831459996 ], [ -97.131123705771998, 48.361491274987294 ], [ -97.137135927176601, 48.3259918317084 ], [ -97.1125917949404, 48.319926044926994 ], [ -97.132634622386007, 48.310969489137094 ], [ -97.114751039108597, 48.30361828872519 ], [ -97.113721123000602, 48.294882625359492 ], [ -97.1305136614031, 48.293040421913091 ], [ -97.112683539894704, 48.286146961993687 ], [ -97.111714648944599, 48.277876654314198 ], [ -97.136655600122296, 48.264483704195193 ], [ -97.123784627504705, 48.2591734275249 ], [ -97.127554044826098, 48.233523382655605 ], [ -97.109235773854309, 48.228048938984294 ], [ -97.139753896112893, 48.221755162625399 ], [ -97.110899460580498, 48.207605821726695 ], [ -97.1308278529023, 48.203741862033297 ], [ -97.137274969218495, 48.195063493935201 ], [ -97.137443487757906, 48.1677691370502 ], [ -97.116065773825298, 48.159223749921289 ], [ -97.136513190818306, 48.148398000780496 ], [ -97.120918569023701, 48.142774775907995 ], [ -97.121872851233704, 48.11636927273161 ], [ -97.0990303780857, 48.100972542367309 ], [ -97.092721423142606, 48.0703439738963 ], [ -97.06707132647, 48.048164540648798 ], [ -97.048053182924605, 47.954924315016598 ], [ -97.015331109611594, 47.917890073461407 ], [ -97.020566270425306, 47.87556943689809 ], [ -97.000340471112395, 47.870197876049097 ], [ -96.977231569790007, 47.828029387949698 ], [ -96.9838928440046, 47.809661540511691 ], [ -96.957830438981702, 47.794440374037102 ], [ -96.932012652632494, 47.763506317145406 ], [ -96.923659199469199, 47.714094432840206 ], [ -96.889425587894607, 47.673925218034597 ], [ -96.873335512265996, 47.615254967605601 ], [ -96.852216870334203, 47.601151576889905 ], [ -96.858664504690807, 47.562978009095403 ], [ -96.849188717013504, 47.544568044973389 ], [ -96.86068698619421, 47.5213558981999 ], [ -96.851615632652198, 47.5006189484305 ], [ -96.866684080819297, 47.461537670257108 ], [ -96.855827042038499, 47.436753219082604 ], [ -96.867248537632307, 47.413087113511502 ], [ -96.850005511303095, 47.408936211243791 ], [ -96.839827519871207, 47.384117413991298 ], [ -96.850631045078899, 47.360954791879387 ], [ -96.838461706371504, 47.342243276443895 ], [ -96.846747399850997, 47.314602143318901 ], [ -96.837713915061997, 47.293884153827996 ], [ -96.849623663728195, 47.256843695787992 ], [ -96.837065328488407, 47.240458855175596 ], [ -96.826491036155502, 47.17006384830551 ], [ -96.839163910126217, 47.151886743340803 ], [ -96.819151750672106, 47.0926039619495 ], [ -96.826964576879817, 47.078832738734583 ], [ -96.822608271595399, 47.033932312811501 ], [ -96.835296427757797, 47.010231343121895 ], [ -96.824531082127308, 47.003436828917792 ], [ -96.816772235729005, 46.969779330065009 ], [ -96.793425709277301, 46.969641272299903 ], [ -96.801887122058503, 46.955843732633006 ], [ -96.789710375373403, 46.948202533208402 ], [ -96.787925311782303, 46.932184568803201 ], [ -96.7630680241287, 46.936261702118792 ], [ -96.756911114042097, 46.922780426112595 ], [ -96.778061149221202, 46.867349637681485 ], [ -96.768249826780604, 46.844861711379302 ], [ -96.797196991544297, 46.812033128961495 ], [ -96.780382073796602, 46.762311922736799 ], [ -96.781556678586597, 46.707044265226003 ], [ -96.793695038478219, 46.678804018385001 ], [ -96.790245821924401, 46.629773256397797 ], [ -96.784317574868098, 46.62411205916441 ], [ -96.771041753681999, 46.599983706149409 ], [ -96.751227537463606, 46.588619402214697 ], [ -96.740316000832905, 46.489432642699811 ], [ -96.714893841933105, 46.468718486707807 ], [ -96.709682614586811, 46.4271682798189 ], [ -96.688228023459203, 46.412218255686696 ], [ -96.652101595890699, 46.359433721198101 ], [ -96.614861485082997, 46.350812492955399 ], [ -96.602074227792698, 46.336324198226706 ], [ -96.598183070979005, 46.238682597795993 ], [ -96.586456190571994, 46.215413052146808 ], [ -96.587890281795893, 46.191918366142104 ], [ -96.571166072920803, 46.17717467749889 ], [ -96.551930974058607, 46.095528921148599 ], [ -96.576215257232505, 46.021279641940602 ], [ -96.561802181969, 45.947683093629507 ], [ -96.566921508949704, 45.934110435297704 ], [ -97.2333099191695, 45.936502694034807 ], [ -97.978721817067907, 45.93082217389459 ], [ -98.730436919660306, 45.938271024920795 ] ] ] } },
{ "type": "Feature", "properties": { "FID": 36, "Program": " ", "State_Code": "OH", "State_Name": "OHIO", "Flowing_St": "P", "FID_1": 954 }, "geometry": { "type": "Polygon", "coordinates": [ [ [ -83.272754855043601, 38.609256936228697 ], [ -83.290043572536007, 38.59663793845889 ], [ -83.30653124416682, 38.59631742686701 ], [ -83.320325779199493, 38.606563488806408 ], [ -83.330023236361399, 38.631988030692 ], [ -83.371421968238806, 38.6549977272795 ], [ -83.453616277562801, 38.663774678464591 ], [ -83.500073466674905, 38.690137339700499 ], [ -83.526556002457895, 38.696111018899707 ], [ -83.618378506943003, 38.677972248924192 ], [ -83.633240930444614, 38.664971973424102 ], [ -83.643189740805795, 38.635862454801391 ], [ -83.655755691239307, 38.623880698520601 ], [ -83.678530093879601, 38.620928127293098 ], [ -83.712825404065796, 38.635553391902093 ], [ -83.770223243678203, 38.650819420674893 ], [ -83.790464998634505, 38.693844540370407 ], [ -83.837532232115109, 38.711879909483294 ], [ -83.857552680214994, 38.744918401868894 ], [ -83.912539508028104, 38.757960379620698 ], [ -83.962162804618302, 38.777647416922903 ], [ -84.053801611979594, 38.763734975896391 ], [ -84.088867092820095, 38.765504757295602 ], [ -84.176752283092, 38.788498601846896 ], [ -84.228702099093198, 38.812690466614207 ], [ -84.235294422131403, 38.87455562756719 ], [ -84.261525086674695, 38.917477294596097 ], [ -84.290136095026, 38.944537859851096 ], [ -84.3133151390183, 39.014074162963503 ], [ -84.345779020998407, 39.037812327953404 ], [ -84.391312285067301, 39.035744414307302 ], [ -84.419740114335099, 39.0473369150357 ], [ -84.425683747191499, 39.084724097511483 ], [ -84.444918068993005, 39.111826934862805 ], [ -84.492053632001515, 39.107363498825094 ], [ -84.515300798305702, 39.094195222825206 ], [ -84.593068659676106, 39.0702655901055 ], [ -84.622648455368903, 39.074934584571594 ], [ -84.667487493505106, 39.089624500621802 ], [ -84.742875580912099, 39.142063761187707 ], [ -84.789927014160497, 39.107033610702004 ], [ -84.811480602807507, 39.102585508659999 ], [ -84.811036797601716, 39.564050659732288 ], [ -84.806149759933604, 39.917166522638993 ], [ -84.794556274928397, 40.353050735430493 ], [ -84.790527112153399, 40.988341232582002 ], [ -84.791897225388297, 41.42789943965419 ], [ -84.790377450283401, 41.697494758023502 ], [ -84.359208492965195, 41.708039159426093 ], [ -83.763954126041995, 41.71704223524339 ], [ -83.482690983871009, 41.725129933683895 ], [ -83.153746419528105, 41.626089779600598 ], [ -83.003433476434907, 41.538193762284394 ], [ -82.795830653347593, 41.537648317553199 ], [ -82.784706771959904, 41.50741729328081 ], [ -83.070398382441894, 41.45610995097659 ], [ -82.908932185070697, 41.429468584008703 ], [ -82.716946570339502, 41.450524802073097 ], [ -82.548837696403695, 41.391337599134694 ], [ -82.341382618436896, 41.431501115495898 ], [ -82.015605663889104, 41.515310156728894 ], [ -81.96190777238121, 41.501918605319091 ], [ -81.738502645104901, 41.491154762005394 ], [ -81.478263188061618, 41.631716009107393 ], [ -81.362264619041298, 41.72428345567949 ], [ -80.999772691233304, 41.85025715151319 ], [ -80.520592579031998, 41.986872122303097 ], [ -80.523925547321198, 41.495102126202298 ], [ -80.519996210930103, 41.489288573288796 ], [ -80.522932671101415, 41.129627839844098 ], [ -80.520306102694093, 40.85416882225131 ], [ -80.521999524939005, 40.637203196096905 ], [ -80.574415836315396, 40.615974159756888 ], [ -80.611549697038399, 40.620063104393502 ], [ -80.6373382141051, 40.613982294440689 ], [ -80.667727655130193, 40.582137470731801 ], [ -80.668620445945805, 40.56827890590629 ], [ -80.633439856529606, 40.539204044186 ], [ -80.625253367785902, 40.504464255341396 ], [ -80.601830223159794, 40.480539077768995 ], [ -80.627848283925204, 40.398226862451402 ], [ -80.629244610004207, 40.3886635777517 ], [ -80.609247059289601, 40.373275446857896 ], [ -80.604517091469006, 40.306244853328892 ], [ -80.6146878303352, 40.27650213393219 ], [ -80.650113193837697, 40.245679818353608 ], [ -80.678557444985998, 40.194151480017283 ], [ -80.700890010974007, 40.168181286184293 ], [ -80.702065133804609, 40.154089965809696 ], [ -80.738238858460605, 40.035664066717587 ], [ -80.73888801487881, 39.983475952134995 ], [ -80.763060090503103, 39.947015492120599 ], [ -80.758887171518609, 39.921266812360102 ], [ -80.768127043600202, 39.913313182773692 ], [ -80.796021394869896, 39.919839714681792 ], [ -80.807840020230415, 39.915902866705004 ], [ -80.812135870200507, 39.904901398262503 ], [ -80.790849434984906, 39.8723475844699 ], [ -80.798525343115898, 39.856722709115999 ], [ -80.825916573554693, 39.839667109800899 ], [ -80.819103824328707, 39.809001346029497 ], [ -80.870727741117705, 39.759993844055998 ], [ -80.856453293463801, 39.736335612698902 ], [ -80.832298416780603, 39.718834343232601 ], [ -80.832787446912903, 39.703400210351901 ], [ -80.863414150438501, 39.680351505322804 ], [ -80.872746078298206, 39.662411041210106 ], [ -80.881109892268896, 39.624081180628693 ], [ -80.912590585384606, 39.607353293667096 ], [ -80.932610774464393, 39.606940985317202 ], [ -80.983646404581705, 39.58180525095139 ], [ -81.032568585302116, 39.544142522789798 ], [ -81.037383200923202, 39.532664198164298 ], [ -81.0982449176323, 39.496451154242202 ], [ -81.117089932077405, 39.46778388670409 ], [ -81.180567649169902, 39.4378001749159 ], [ -81.200305247214601, 39.4158962355502 ], [ -81.224948635989705, 39.408358229772197 ], [ -81.237621302744316, 39.3884722131546 ], [ -81.284017052265696, 39.387072053576695 ], [ -81.338836138599007, 39.353643943010596 ], [ -81.375916278533111, 39.345690261620092 ], [ -81.433978297735095, 39.406022955478491 ], [ -81.44795585643908, 39.411027795532306 ], [ -81.465008140295595, 39.406858347418392 ], [ -81.540648513374506, 39.352708931902903 ], [ -81.557387952636901, 39.332655173805499 ], [ -81.572685115637398, 39.265917532119595 ], [ -81.667522252589208, 39.270495299672191 ], [ -81.689526277359107, 39.260226288543201 ], [ -81.697903508576104, 39.220020033849501 ], [ -81.723073848040215, 39.213268154369793 ], [ -81.758910328399594, 39.175751254579204 ], [ -81.744703692233301, 39.125874947060403 ], [ -81.753561613132106, 39.094720826609297 ], [ -81.786361392504006, 39.0772573222877 ], [ -81.819565657815616, 39.077016847936591 ], [ -81.824273090879004, 39.06641598013109 ], [ -81.813461795065294, 39.044108021061795 ], [ -81.775679658592793, 39.016829723428991 ], [ -81.781729852358296, 38.968529035769606 ], [ -81.762297121085695, 38.930180888362287 ], [ -81.783225227760596, 38.923562456088199 ], [ -81.823776859985401, 38.948467766086594 ], [ -81.84091306638571, 38.9378897956665 ], [ -81.866800425559703, 38.885709555297808 ], [ -81.892695451731498, 38.873452978587899 ], [ -81.915248702927499, 38.884446572816394 ], [ -81.931850861485302, 38.894742107613503 ], [ -81.898608468400496, 38.932224764934098 ], [ -81.927830090964605, 38.9842712472729 ], [ -81.937733365575298, 38.991175689648692 ], [ -81.975187323457902, 38.993006548010392 ], [ -81.999678563769109, 39.015261045310993 ], [ -82.042885567447215, 39.014139280640983 ], [ -82.058503552863812, 38.989065607514398 ], [ -82.085016756638197, 38.9771981309447 ], [ -82.101206917670495, 38.952093945238907 ], [ -82.139317077320698, 38.899398410090114 ], [ -82.146099676595696, 38.838787735756 ], [ -82.197721935655593, 38.804619708094691 ], [ -82.216750232792293, 38.7789394096663 ], [ -82.183972832765406, 38.710302994522891 ], [ -82.1889777246233, 38.677893765804406 ], [ -82.173657042588914, 38.632190791702392 ], [ -82.184246876134097, 38.595032272256702 ], [ -82.213659241171399, 38.584835424154598 ], [ -82.270897213518097, 38.594890070168404 ], [ -82.289971357229604, 38.580081367455698 ], [ -82.314240669035897, 38.46522958445631 ], [ -82.329179399887593, 38.441952320005207 ], [ -82.394764142675911, 38.428470318742391 ], [ -82.414891307097093, 38.430392611233692 ], [ -82.49498770823611, 38.405832575158193 ], [ -82.547548190254119, 38.400510953403199 ], [ -82.575419229706199, 38.403902149432589 ], [ -82.586604291664401, 38.412519440568296 ], [ -82.613743340039207, 38.4726688517352 ], [ -82.669760342980396, 38.502140791417794 ], [ -82.695579372626298, 38.53914281086049 ], [ -82.741944816784695, 38.553066182539204 ], [ -82.802363919780802, 38.557288677989497 ], [ -82.826992492600596, 38.571662123162795 ], [ -82.853856668742097, 38.6004587453873 ], [ -82.860029482668907, 38.652395144142297 ], [ -82.880011751191901, 38.683301330460708 ], [ -82.873191179555903, 38.719006487580188 ], [ -82.890312259176795, 38.742775475973609 ], [ -82.921303818552204, 38.746414502527692 ], [ -82.972483101270896, 38.719643003812692 ], [ -83.026943444631101, 38.714512020923003 ], [ -83.060879908236203, 38.685726484762789 ], [ -83.111243121921703, 38.6648333458146 ], [ -83.143149955065795, 38.619339711835899 ], [ -83.18193905845682, 38.609841026773296 ], [ -83.245013584710406, 38.624172355262594 ], [ -83.272754855043601, 38.609256936228697 ] ] ] } },
{ "type": "Feature", "properties": { "FID": 37, "Program": "OK-FMS", "State_Code": "OK", "State_Name": "OKLAHOMA", "Flowing_St": "F", "FID_1": 955 }, "geometry": { "type": "Polygon", "coordinates": [ [ [ -94.439322149603697, 34.929150866744401 ], [ -94.476691252470104, 33.632081845430193 ], [ -94.500816031005897, 33.623162743960798 ], [ -94.510765100387303, 33.630925372053909 ], [ -94.525261217526321, 33.621136636174484 ], [ -94.518196441648399, 33.643124549888093 ], [ -94.550400837195397, 33.632809018731699 ], [ -94.562356380631797, 33.635650677510903 ], [ -94.562402227207016, 33.642944323634893 ], [ -94.542138144709597, 33.64836157564671 ], [ -94.545624970995206, 33.661735772703295 ], [ -94.576669629511699, 33.6522709156785 ], [ -94.588594712172821, 33.655562699756302 ], [ -94.5853674241243, 33.662246042491802 ], [ -94.565416134416907, 33.663127695438902 ], [ -94.560930008209795, 33.672027422197594 ], [ -94.578714542164207, 33.670585042327595 ], [ -94.585314169571504, 33.679095461729901 ], [ -94.601153047412495, 33.665720850240803 ], [ -94.631946093709004, 33.684011509660102 ], [ -94.638972845421819, 33.670217544471804 ], [ -94.6587486748477, 33.663850413593003 ], [ -94.669636122599698, 33.666173306721298 ], [ -94.668163592778299, 33.671571080414196 ], [ -94.644534889724099, 33.677762802815508 ], [ -94.655689335494998, 33.692403194203997 ], [ -94.668667231649593, 33.696648638843691 ], [ -94.691197326440104, 33.690399724782907 ], [ -94.741865251485507, 33.701377104347102 ], [ -94.754690636548105, 33.707880842477799 ], [ -94.742322991977602, 33.719157183153591 ], [ -94.762930742472605, 33.716906297640193 ], [ -94.749983048073105, 33.736815004427093 ], [ -94.783370803292016, 33.733774573548693 ], [ -94.782241578840797, 33.742376582492703 ], [ -94.7643880419064, 33.752950926630099 ], [ -94.783721827463296, 33.753370487545496 ], [ -94.8034369943596, 33.7396910092844 ], [ -94.8193755431721, 33.749513676809606 ], [ -94.858096524250897, 33.749429598853595 ], [ -94.881855721681205, 33.775071924920994 ], [ -94.914099125669296, 33.789704960136 ], [ -94.908766055221605, 33.803586681367001 ], [ -94.9184558971901, 33.816304832068298 ], [ -94.940620255462207, 33.815915628320091 ], [ -94.940109208613208, 33.840932420611296 ], [ -94.960129656712795, 33.848184053659409 ], [ -94.968926811473509, 33.866322823634988 ], [ -94.989504101193205, 33.856290090729892 ], [ -95.01299588617141, 33.870053387926795 ], [ -95.037586020394016, 33.866559050054796 ], [ -95.043087091341604, 33.884552924132095 ], [ -95.063366663246896, 33.896801833844201 ], [ -95.063702508834496, 33.917755894342896 ], [ -95.083829207019406, 33.888569705741695 ], [ -95.089940581355194, 33.897023037092588 ], [ -95.082494216922598, 33.918560721899503 ], [ -95.095586651809001, 33.921845149803694 ], [ -95.119451995715707, 33.912388477817103 ], [ -95.126906182558315, 33.917252151863394 ], [ -95.128195792315594, 33.940975604506093 ], [ -95.148544004573495, 33.943653458912493 ], [ -95.234270624130303, 33.964969422430691 ], [ -95.251520799416895, 33.936550089025296 ], [ -95.251222822582307, 33.9051287115348 ], [ -95.263849642762494, 33.897907435653806 ], [ -95.2775831008327, 33.918044960882796 ], [ -95.286661862351394, 33.887008694621493 ], [ -95.302187947402501, 33.886730092497388 ], [ -95.336460049378701, 33.897220151462598 ], [ -95.330272108672204, 33.87102486907829 ], [ -95.4518412696616, 33.865858607637698 ], [ -95.468359453870804, 33.886537847707103 ], [ -95.499091215988301, 33.881822644037797 ], [ -95.513122391873694, 33.897840297618686 ], [ -95.544274181142498, 33.88584641919271 ], [ -95.547730546653696, 33.893262115633704 ], [ -95.526970233262603, 33.897920179447503 ], [ -95.519813712431315, 33.906747484158991 ], [ -95.546555734647598, 33.904137803868494 ], [ -95.563013411739405, 33.936177099941396 ], [ -95.606312004959193, 33.944656488724092 ], [ -95.6150707729266, 33.93679424146319 ], [ -95.613224114333093, 33.920341537559096 ], [ -95.633732711896101, 33.920207727725199 ], [ -95.699950241026599, 33.894926786636908 ], [ -95.747109478480795, 33.903497609549092 ], [ -95.7609419340708, 33.893541132190101 ], [ -95.768761546606697, 33.85150329387811 ], [ -95.795725238308094, 33.864774349092293 ], [ -95.826220774006302, 33.843125855445003 ], [ -95.846805730723901, 33.841138238059997 ], [ -95.933327956718301, 33.890628864505203 ], [ -95.943322872674798, 33.890071815669209 ], [ -95.959016647400603, 33.865139101333909 ], [ -95.977648229203794, 33.858051324462615 ], [ -95.994464597464699, 33.875476493794899 ], [ -96.002872444868913, 33.873488980018003 ], [ -96.002048035385499, 33.857078444601903 ], [ -96.014323831393497, 33.844307039348195 ], [ -96.027004579578318, 33.856121002345198 ], [ -96.048229886027798, 33.8413774691141 ], [ -96.091779884250599, 33.844677231013897 ], [ -96.109701595301203, 33.829357740472396 ], [ -96.149223259613905, 33.835690110840801 ], [ -96.169464548333806, 33.829083230867496 ], [ -96.183388386249007, 33.815892316502286 ], [ -96.180984886035404, 33.808533915328901 ], [ -96.1547773778981, 33.824044096539609 ], [ -96.141677224209801, 33.820420144960892 ], [ -96.161574896736099, 33.798329711053299 ], [ -96.169074256701293, 33.769456885086797 ], [ -96.187286018567505, 33.758684494106603 ], [ -96.212807174987319, 33.756792558782401 ], [ -96.278338352398507, 33.773489466928403 ], [ -96.289942768056505, 33.7620342987085 ], [ -96.301050693799596, 33.714153327376593 ], [ -96.3165385992735, 33.701904728488699 ], [ -96.347850566632999, 33.705631821909897 ], [ -96.371083227805499, 33.740497546374293 ], [ -96.419730380881006, 33.788428508604291 ], [ -96.487641280452394, 33.7782324893669 ], [ -96.501016150961505, 33.788192541204701 ], [ -96.510843532654505, 33.815787465126483 ], [ -96.562404714752105, 33.825522583824991 ], [ -96.601468638571802, 33.843058510193693 ], [ -96.614439230356894, 33.863001355842599 ], [ -96.584760488949101, 33.896245510264691 ], [ -96.666511925539794, 33.913644363144996 ], [ -96.677979164100705, 33.904424539226788 ], [ -96.693657449419518, 33.848006521216291 ], [ -96.711953133831003, 33.833972651521393 ], [ -96.749101810509501, 33.831840500866306 ], [ -96.797871013901599, 33.870051471177284 ], [ -96.814396916912713, 33.871871036258398 ], [ -96.844289919827915, 33.858134677161999 ], [ -96.861296512521704, 33.861781474322001 ], [ -96.879218793416797, 33.88410456017079 ], [ -96.883133106636294, 33.924691988986794 ], [ -96.898735913469395, 33.9501277723489 ], [ -96.929849833986097, 33.961872939581603 ], [ -96.936487537362495, 33.94794961970689 ], [ -96.968471092289207, 33.937421329360596 ], [ -96.988148079607299, 33.944302874350903 ], [ -96.987995154082995, 33.876525007553106 ], [ -97.006138379206504, 33.850616201506796 ], [ -97.025883747856994, 33.840663868470912 ], [ -97.071188400699597, 33.856830147841009 ], [ -97.082464948591195, 33.851203607509895 ], [ -97.078535664004207, 33.837913488409193 ], [ -97.050313703989801, 33.823551543732684 ], [ -97.087958145324706, 33.807675107963192 ], [ -97.083754040308904, 33.742517852108293 ], [ -97.0907885108236, 33.731775921903193 ], [ -97.115851823142194, 33.726038728144005 ], [ -97.152763962576401, 33.728773774209991 ], [ -97.189454846958697, 33.752874360259796 ], [ -97.208612861409804, 33.819752028264297 ], [ -97.195306838469506, 33.8362616648079 ], [ -97.168885535060298, 33.847896230416289 ], [ -97.164460382208006, 33.863250015231898 ], [ -97.188058779899904, 33.8993056784822 ], [ -97.211626665011494, 33.905790456334493 ], [ -97.2463566110888, 33.894339018005397 ], [ -97.250980121608194, 33.873072579149003 ], [ -97.264202222005096, 33.858832632985298 ], [ -97.272571889832918, 33.872675863815005 ], [ -97.314382049391099, 33.895941109729002 ], [ -97.315251891017297, 33.870493877674086 ], [ -97.342100474143294, 33.862017856153898 ], [ -97.363616090429602, 33.831127159243302 ], [ -97.4104161704782, 33.8208124569516 ], [ -97.453035094700695, 33.836315022968485 ], [ -97.457360731993603, 33.890532042755503 ], [ -97.463059953392104, 33.90248318284889 ], [ -97.477830839155999, 33.90780837908261 ], [ -97.518504210873104, 33.916871754801782 ], [ -97.5548899176585, 33.904004822899196 ], [ -97.575970587229321, 33.902631394205784 ], [ -97.592656461114998, 33.917985075413306 ], [ -97.6004841550821, 33.969535741290699 ], [ -97.671370989502194, 33.9887114209196 ], [ -97.704567587816399, 33.971644631932001 ], [ -97.729325826147004, 33.939391799608586 ], [ -97.756670381145398, 33.9321972546119 ], [ -97.790515566033093, 33.890556701478296 ], [ -97.852857375952894, 33.857170966616401 ], [ -97.870062222705712, 33.855214069026701 ], [ -97.909377603333198, 33.874123061460701 ], [ -97.955048510735594, 33.883579422622994 ], [ -97.976693688923504, 33.902602901984103 ], [ -97.976441869488198, 33.912150904492208 ], [ -97.950996916810894, 33.93261640109499 ], [ -97.963311047808403, 33.948748386190893 ], [ -97.948066983948493, 33.959848955760791 ], [ -97.950538917298502, 33.971258484621991 ], [ -97.9829951840848, 34.001382429945004 ], [ -98.023806199134597, 33.987081303210601 ], [ -98.0558736766057, 33.989896438321601 ], [ -98.086521982415206, 34.005410349423094 ], [ -98.111005452121006, 34.069915237009504 ], [ -98.094441265923606, 34.134649150254198 ], [ -98.115186348926997, 34.149079735283003 ], [ -98.137182706699093, 34.138524714052409 ], [ -98.173164290173503, 34.115461555696285 ], [ -98.277324703709994, 34.122964697355791 ], [ -98.320814143011205, 34.139512461672197 ], [ -98.350730250528102, 34.142213213464103 ], [ -98.384583154217694, 34.115873294201684 ], [ -98.391281830948913, 34.087324657913904 ], [ -98.407464376786706, 34.082548739910393 ], [ -98.421670753933498, 34.065924616439702 ], [ -98.448519492470695, 34.054469292807809 ], [ -98.499852166950006, 34.066508188944006 ], [ -98.557914341564199, 34.105428460162791 ], [ -98.576668439920397, 34.142022004754502 ], [ -98.626329967891905, 34.158527600582907 ], [ -98.662059524713897, 34.147129365002399 ], [ -98.68255273647712, 34.150089396011595 ], [ -98.705632264909994, 34.130806378412998 ], [ -98.778876908381704, 34.132053249838101 ], [ -98.811409896949897, 34.146025938962389 ], [ -98.891689373564603, 34.160909912944398 ], [ -98.952856889518799, 34.194653561914713 ], [ -98.996544634682195, 34.209583693295897 ], [ -99.035569912689098, 34.199009141942298 ], [ -99.078784117128293, 34.2084460247858 ], [ -99.128300127553004, 34.201556294757189 ], [ -99.176511764068394, 34.212816524376699 ], [ -99.190840346944, 34.223821567297996 ], [ -99.204955600784999, 34.255730679819784 ], [ -99.196662810152205, 34.305205765053202 ], [ -99.205849168660606, 34.332075484226898 ], [ -99.254465653744504, 34.368294382005494 ], [ -99.267535553873714, 34.398364554735501 ], [ -99.323658962311697, 34.412786954726108 ], [ -99.364569233901605, 34.450272357660694 ], [ -99.393157085847506, 34.429070725657603 ], [ -99.394522433110794, 34.3968223484815 ], [ -99.410323027766495, 34.369185618699902 ], [ -99.438743190036803, 34.364783363232803 ], [ -99.479805869109697, 34.383600248084598 ], [ -99.502504068008193, 34.404145315691899 ], [ -99.554232318132804, 34.415256401481891 ], [ -99.578219505140794, 34.408988682554785 ], [ -99.585589458614905, 34.3849338912758 ], [ -99.601817384791403, 34.368633957484001 ], [ -99.685276904171104, 34.377520681428805 ], [ -99.778060269978795, 34.444064265183002 ], [ -99.830308373639298, 34.501846231747798 ], [ -99.860949271472094, 34.518694563101 ], [ -99.880977334765603, 34.548241877661091 ], [ -99.932286904643206, 34.5791733443507 ], [ -99.945120008508596, 34.579634607517789 ], [ -99.972479949306901, 34.561926691738201 ], [ -99.996475269549293, 34.562383965994194 ], [ -99.999259943884311, 34.747243365256793 ], [ -99.996455065973194, 35.031051018236695 ], [ -99.997570199726695, 35.182235098057006 ], [ -99.994743408706896, 35.424622157854785 ], [ -100.000392483794002, 35.6188562233095 ], [ -99.997553622433799, 36.057591367803298 ], [ -100.001550718508994, 36.492554763793791 ], [ -100.007272940901004, 36.493912703079609 ], [ -100.549839336065006, 36.489479106168602 ], [ -100.957341410750999, 36.489637678333303 ], [ -101.090102368223, 36.488050247152898 ], [ -102.034658370238006, 36.492980955626301 ], [ -102.165673583385001, 36.4902341500433 ], [ -102.997401009160001, 36.492370186001395 ], [ -102.997709450410994, 36.998523832671303 ], [ -102.024519439052, 36.988875744759 ], [ -101.553676099111996, 36.996693026113697 ], [ -100.950586837461003, 36.996661684669796 ], [ -100.088573993172005, 36.997652488728001 ], [ -99.999261757025906, 36.995417507054697 ], [ -99.437473628441694, 36.994558388864803 ], [ -98.540219635814395, 36.998375932138799 ], [ -97.465404915041105, 36.996467160501702 ], [ -97.137692820599796, 36.999808262025091 ], [ -96.006049690215406, 36.9983338154547 ], [ -95.957960932881406, 37.000082875238085 ], [ -95.785748609177901, 36.998113959111308 ], [ -95.526018800274201, 37.001018818818501 ], [ -95.071931114261702, 37.001478061628092 ], [ -94.620379650412119, 36.997046847702997 ], [ -94.621684438753903, 36.763607692420599 ], [ -94.617257110131703, 36.48941414390309 ], [ -94.607452833040412, 36.478790378712098 ], [ -94.542417264874302, 36.106835821453103 ], [ -94.4859348026379, 35.760310468443187 ], [ -94.468485233603303, 35.641088237656895 ], [ -94.428551986197803, 35.400546282331703 ], [ -94.439322149603697, 34.929150866744401 ] ] ] } },
{ "type": "Feature", "properties": { "FID": 38, "Program": " ", "State_Code": "OR", "State_Name": "OREGON", "Flowing_St": "N", "FID_1": 956 }, "geometry": { "type": "Polygon", "coordinates": [ [ [ -121.441508914554007, 41.994334545987591 ], [ -122.284705081206994, 42.000764566970297 ], [ -123.222102645641002, 42.002191768256694 ], [ -123.819146427692999, 41.992948787932797 ], [ -124.206444460764004, 41.997647932349899 ], [ -124.352246774340003, 42.0986772579394 ], [ -124.415062021376997, 42.245894547048003 ], [ -124.437818810643009, 42.429608766214898 ], [ -124.391763154641012, 42.553027642235691 ], [ -124.401078660620001, 42.6226992574991 ], [ -124.559616893683014, 42.832457387647096 ], [ -124.485346582034012, 42.955453957138403 ], [ -124.38677240528601, 43.261588892094309 ], [ -124.406076248107993, 43.300197872840208 ], [ -124.273993975356021, 43.45910541689971 ], [ -124.226004785386991, 43.605004863049302 ], [ -124.158325553479017, 43.857118234858902 ], [ -124.118319314181988, 44.269515014211301 ], [ -124.054404889036988, 44.662138968772304 ], [ -124.075568082442999, 44.81473854216609 ], [ -124.007572638680003, 45.036102901112898 ], [ -123.956606840408, 45.29296571906189 ], [ -123.980559888553003, 45.4850845219785 ], [ -123.936674666390985, 45.50796589996019 ], [ -123.892107858482007, 45.4740501579709 ], [ -123.859507213838, 45.499082698690202 ], [ -123.953415556166007, 45.5685287073618 ], [ -123.936075915303007, 45.702835238350488 ], [ -123.976629101648996, 45.775482374030901 ], [ -123.956273947650004, 45.871041400272397 ], [ -123.996505689930999, 45.941921966403996 ], [ -123.921187227152984, 46.012323345170905 ], [ -123.977340681933995, 46.202705987509901 ], [ -123.794096480818013, 46.111448561486903 ], [ -123.777083412617998, 46.144430276645302 ], [ -123.820978322136, 46.193649605336006 ], [ -123.761414141201982, 46.209939385536103 ], [ -123.717160954948014, 46.169893775168603 ], [ -123.670246439776008, 46.174498480821811 ], [ -123.517029310428001, 46.236091566959601 ], [ -123.363556890774007, 46.144154005702994 ], [ -123.248799391125985, 46.144020351281306 ], [ -123.212437047963007, 46.17000603452199 ], [ -123.176196392487995, 46.18358646345969 ], [ -123.118554141418002, 46.17931050624081 ], [ -123.050596203777999, 46.155736249231609 ], [ -122.974169238163981, 46.110483452232295 ], [ -122.899757294273002, 46.079329694409502 ], [ -122.875417736190002, 46.027183333882597 ], [ -122.807741767937003, 45.943890105470203 ], [ -122.806222925304994, 45.904072432876198 ], [ -122.784073642009005, 45.867886430662807 ], [ -122.788009557513007, 45.800343598791798 ], [ -122.76428853965902, 45.7605680428819 ], [ -122.772551024928987, 45.727685532459091 ], [ -122.760541294467004, 45.649397403120595 ], [ -122.696323090434987, 45.63104556313079 ], [ -122.651209180064996, 45.606830438349803 ], [ -122.565429823996993, 45.594818791138302 ], [ -122.43715421567002, 45.564778923771392 ], [ -122.356457509322993, 45.566171260939292 ], [ -122.303150323880018, 45.543092820391514 ], [ -122.244922272732012, 45.548112839028796 ], [ -122.082037525347999, 45.590504032693893 ], [ -122.000011579152996, 45.617824291598602 ], [ -121.972659460764007, 45.635776100795802 ], [ -121.926820708274988, 45.642028382119193 ], [ -121.888283476122979, 45.676856393242893 ], [ -121.811041011320995, 45.700683091336302 ], [ -121.758694117358004, 45.689716072579998 ], [ -121.706416848022982, 45.688793183617392 ], [ -121.52905463295501, 45.719567684067592 ], [ -121.442552144300009, 45.694967085429212 ], [ -121.422029041605995, 45.690603164951298 ], [ -121.367814249391984, 45.699686588833693 ], [ -121.319977725926009, 45.696642842496807 ], [ -121.276390895031, 45.678339957324198 ], [ -121.214271738872995, 45.665644963028591 ], [ -121.203308139182994, 45.657286951110301 ], [ -121.192054644087989, 45.613241913486405 ], [ -121.174316008513003, 45.600516147591208 ], [ -121.125204691244974, 45.607059101379903 ], [ -121.073529902889007, 45.646610760231397 ], [ -121.033482582988, 45.652844392100583 ], [ -120.968478511678015, 45.64515454868291 ], [ -120.948572809525018, 45.650315992347799 ], [ -120.907937254757002, 45.635477087880197 ], [ -120.861419662135006, 45.665186238259402 ], [ -120.696993899990986, 45.710509799576606 ], [ -120.658403361482982, 45.732612511041594 ], [ -120.62375718253702, 45.743610560417501 ], [ -120.570082447435013, 45.740917941859799 ], [ -120.499156500965, 45.695630695174295 ], [ -120.443383754070013, 45.689279727155899 ], [ -120.283634860606, 45.716582890727494 ], [ -120.207445364707993, 45.71978406954031 ], [ -120.155907857057002, 45.761261647165902 ], [ -120.068647889736994, 45.780202447279997 ], [ -119.994320179214, 45.811140337670501 ], [ -119.869735608696999, 45.831698511699798 ], [ -119.833555874772998, 45.841609349700107 ], [ -119.678445670412017, 45.852539017743986 ], [ -119.622116703545018, 45.8994103283474 ], [ -119.589294285807995, 45.913314946963787 ], [ -119.512219976918004, 45.899200573791703 ], [ -119.438861105539971, 45.914268503917697 ], [ -119.379441406072004, 45.917610071677402 ], [ -119.30276350169099, 45.932662719611699 ], [ -119.178742662732006, 45.922351591798694 ], [ -119.140250603703009, 45.925708648966094 ], [ -119.03222167171802, 45.966274579105701 ], [ -118.982132812225004, 45.999058351029404 ], [ -117.992527758497999, 46.001638917449696 ], [ -117.982677427615997, 45.999880532939201 ], [ -116.919132416600988, 45.995175482861598 ], [ -116.898197057360008, 45.980515923978494 ], [ -116.856471804622018, 45.903597338030593 ], [ -116.791262485706994, 45.845867123701197 ], [ -116.773707132824995, 45.819763638074697 ], [ -116.703180284674019, 45.8191692385263 ], [ -116.65439792305601, 45.780630141429505 ], [ -116.56063188642301, 45.747424581016801 ], [ -116.528274927981002, 45.710727998190698 ], [ -116.514915080642993, 45.664490872638098 ], [ -116.470418778031998, 45.606257278457505 ], [ -116.478551235161007, 45.566058483545405 ], [ -116.554503313146014, 45.493647211656601 ], [ -116.565771986824004, 45.459863673575903 ], [ -116.672265498885011, 45.335410270887508 ], [ -116.688813366809995, 45.262350826857208 ], [ -116.736585290638018, 45.137307065335492 ], [ -116.761268257699015, 45.106300741808901 ], [ -116.778091930330007, 45.099480118368895 ], [ -116.787210011114993, 45.075752521402997 ], [ -116.807307336408996, 45.049755285861401 ], [ -116.854513197499003, 45.016945301093791 ], [ -116.84809705999902, 45.000042161066801 ], [ -116.855887610469992, 44.979965712800194 ], [ -116.848159017631019, 44.971741251695491 ], [ -116.83139652557, 44.972633679882897 ], [ -116.847556795672006, 44.954849922989602 ], [ -116.835396160043018, 44.920144065790794 ], [ -116.867076350513997, 44.868608423084893 ], [ -116.897366845825005, 44.84855507941991 ], [ -116.909620780528002, 44.828940256948698 ], [ -116.95149408921101, 44.77603512265631 ], [ -117.039572249529996, 44.749115723408693 ], [ -117.066513043845006, 44.697556976101197 ], [ -117.079353918317011, 44.689336400299503 ], [ -117.130503931753012, 44.572523886211499 ], [ -117.143939879224007, 44.559286969859293 ], [ -117.145160641414009, 44.534655599621509 ], [ -117.187391138948001, 44.511805614887592 ], [ -117.203962577710996, 44.485785481960583 ], [ -117.224409891095988, 44.472987034998198 ], [ -117.217221821603999, 44.427855252235005 ], [ -117.236920877442998, 44.389982665909599 ], [ -117.201602023046007, 44.339437982673999 ], [ -117.217455716841982, 44.300665145751402 ], [ -117.213571864398006, 44.2847197070014 ], [ -117.170722930240004, 44.253332727393001 ], [ -117.143278963289987, 44.250632234621399 ], [ -117.112691941657999, 44.269805272244191 ], [ -117.100560678920004, 44.267077893176094 ], [ -117.081386864235995, 44.243846578908006 ], [ -117.052027598338995, 44.231555966944185 ], [ -117.030352011179005, 44.249336563791005 ], [ -116.992707103608012, 44.247063402540704 ], [ -116.976127220785997, 44.225182360560403 ], [ -116.981871718914988, 44.197842312512698 ], [ -116.913051088608, 44.177304445666799 ], [ -116.902254142513016, 44.146313818764199 ], [ -116.946886689747998, 44.093025800816278 ], [ -116.963443208946998, 44.090298162727997 ], [ -116.976817768632017, 44.073894828073399 ], [ -116.933593462405, 44.014202587554493 ], [ -116.967956843099003, 43.963195605070986 ], [ -116.959715856505994, 43.928576934070591 ], [ -116.978141206428006, 43.90444101766591 ], [ -116.978148096365018, 43.873469247433597 ], [ -116.985769921078017, 43.859350885350395 ], [ -117.016220439065989, 43.852972461191001 ], [ -117.010505365631005, 43.839769735504802 ], [ -117.027626548860994, 43.831567860961385 ], [ -117.037117307905021, 43.800141976519399 ], [ -117.02379450045602, 43.753701571916096 ], [ -117.026295236850999, 43.679031229475491 ], [ -117.018864361827013, 41.994794203229596 ], [ -118.185316853881005, 41.996637080128394 ], [ -119.351692209719999, 41.988852953358894 ], [ -119.993459351490969, 41.989204961806884 ], [ -120.871908529607012, 41.987672183888201 ], [ -121.441508914554007, 41.994334545987591 ] ] ] } },
{ "type": "Feature", "properties": { "FID": 39, "Program": "PA-EFACTS", "State_Code": "PA", "State_Name": "PENNSYLVANIA", "Flowing_St": "F", "FID_1": 957 }, "geometry": { "type": "Polygon", "coordinates": [ [ [ -77.475793376775698, 39.719623215145099 ], [ -78.095948339529713, 39.725461064152995 ], [ -78.384783004692295, 39.723748578021386 ], [ -79.396610074586704, 39.719313582401398 ], [ -79.765132303409004, 39.721807066231491 ], [ -80.429082349296721, 39.719842605252097 ], [ -80.524269474338993, 39.72120898859631 ], [ -80.526045213202707, 40.16252112503161 ], [ -80.520306102694093, 40.85416882225131 ], [ -80.522932671101415, 41.129627839844098 ], [ -80.519996210930103, 41.489288573288796 ], [ -80.523925547321198, 41.495102126202298 ], [ -80.520592579031998, 41.986872122303097 ], [ -79.763234980464702, 42.26732706965489 ], [ -79.761659671429612, 42.003105746924497 ], [ -79.612367475129503, 42.000584910561592 ], [ -78.918538258005114, 41.999846806607707 ], [ -78.204262038320195, 41.998200422430408 ], [ -77.745007935455121, 41.997333171006282 ], [ -76.563914792992009, 42.003011411768583 ], [ -76.104834544483097, 41.999498735266798 ], [ -75.479732244159095, 41.996367699123297 ], [ -75.382813206470516, 41.99835661160931 ], [ -75.345657070010503, 41.992844972637698 ], [ -75.324065819826814, 41.961274969358001 ], [ -75.283690010512018, 41.947603831547291 ], [ -75.254515477819808, 41.8688733475161 ], [ -75.171283792606204, 41.867839856929393 ], [ -75.148280571523713, 41.855789356688298 ], [ -75.124750814184296, 41.849182373107006 ], [ -75.117777420631995, 41.836986821555499 ], [ -75.079843032087709, 41.814148337318393 ], [ -75.096826779200001, 41.797207328538597 ], [ -75.097154957789812, 41.779041775874695 ], [ -75.061318529234498, 41.770260369542001 ], [ -75.056969942752204, 41.726708091941205 ], [ -75.065400894758, 41.714836781872492 ], [ -75.051324960183095, 41.63731478247329 ], [ -75.072451735349304, 41.613080075765303 ], [ -75.069865366876499, 41.604477963213199 ], [ -75.025087353898599, 41.565800911959492 ], [ -75.014886827709702, 41.539555897697291 ], [ -74.971787990866005, 41.483602613724599 ], [ -74.932564406996306, 41.484350664053984 ], [ -74.898559717471201, 41.461894234607698 ], [ -74.895279278478114, 41.444671204637196 ], [ -74.864066671266514, 41.447154793895791 ], [ -74.79279902535221, 41.429917155186196 ], [ -74.754826612642916, 41.430146388060699 ], [ -74.740040651903499, 41.4220594666807 ], [ -74.740437574453708, 41.4016358795459 ], [ -74.705273251505815, 41.375059319431301 ], [ -74.700062438591218, 41.350573104111895 ], [ -74.791663480807813, 41.311964641406384 ], [ -74.794143288371501, 41.295214530511885 ], [ -74.82519592470932, 41.282706030758199 ], [ -74.866411477503405, 41.226817294618584 ], [ -74.86288662705222, 41.206771358931299 ], [ -74.914768320741501, 41.141105698233297 ], [ -74.94999449771241, 41.111854858190895 ], [ -74.984594985494994, 41.099380808123485 ], [ -74.988882961251093, 41.081761011014891 ], [ -74.966291582282096, 41.082676595607886 ], [ -75.001151556498101, 41.062485556806102 ], [ -75.035256331427306, 41.028202886805403 ], [ -75.069979024939016, 41.010716070666092 ], [ -75.116619185918395, 41.000247924809607 ], [ -75.139301791800904, 40.977527501978393 ], [ -75.135524914697797, 40.9629365316434 ], [ -75.079736263962403, 40.903348624460001 ], [ -75.073685759372594, 40.884626385588199 ], [ -75.056488476009704, 40.872045878219701 ], [ -75.054619023638693, 40.855673366968603 ], [ -75.099541984318904, 40.839285107289491 ], [ -75.089211274578986, 40.821390645163902 ], [ -75.100540869807219, 40.791659167243793 ], [ -75.130318919558917, 40.772707695497509 ], [ -75.170313295731404, 40.7748092299653 ], [ -75.193644177363296, 40.748003592388308 ], [ -75.187753902667495, 40.723857004351409 ], [ -75.205355050321799, 40.686061554240794 ], [ -75.184060689088213, 40.669792288440291 ], [ -75.208917717721803, 40.650738037479904 ], [ -75.197938628624414, 40.634205503551009 ], [ -75.200387560980502, 40.614743243975894 ], [ -75.193513009535494, 40.583768520913402 ], [ -75.197571856025107, 40.57068432286939 ], [ -75.182281997394199, 40.556799130767693 ], [ -75.124526036457198, 40.564798814145192 ], [ -75.079785944036203, 40.545355981085009 ], [ -75.063679653743804, 40.521003471991399 ], [ -75.070118636825214, 40.456253913926695 ], [ -75.057453326244215, 40.420171467988098 ], [ -75.021266132537704, 40.401323604320794 ], [ -75.000475513783599, 40.4086210839437 ], [ -74.972841011575696, 40.404447957743002 ], [ -74.950188452036102, 40.345473824818797 ], [ -74.932502967405512, 40.33377440055289 ], [ -74.9211500085555, 40.314033746069995 ], [ -74.880659556901307, 40.2995916087404 ], [ -74.842763088913813, 40.2484527849765 ], [ -74.738824707489897, 40.1777256624096 ], [ -74.725480453167918, 40.149306691632496 ], [ -74.74629412471981, 40.124358695105592 ], [ -74.829022481886199, 40.116160964885395 ], [ -74.87192415255582, 40.078056555483585 ], [ -74.956201502305319, 40.058014453295101 ], [ -74.983485342970297, 40.034073838119014 ], [ -75.045675418858593, 40.007634714121096 ], [ -75.068045749991299, 39.98539151010111 ], [ -75.084586986998914, 39.975732802360696 ], [ -75.110963065480803, 39.976690348225603 ], [ -75.139864590885196, 39.955919466810393 ], [ -75.147158651441615, 39.934740421368495 ], [ -75.1358054853754, 39.896887416970102 ], [ -75.142901240068809, 39.881602013486592 ], [ -75.185605485544102, 39.8774058344883 ], [ -75.246995551651494, 39.850405361919002 ], [ -75.253740437585705, 39.845537802569801 ], [ -75.345932304871994, 39.848516586641303 ], [ -75.420467956809915, 39.798983118255393 ], [ -75.469986091200198, 39.826547477793909 ], [ -75.583443257653997, 39.840119048240894 ], [ -75.643994305538612, 39.838306528509193 ], [ -75.694770863654696, 39.820457446722095 ], [ -75.745592025048794, 39.774929414861298 ], [ -75.774927202067218, 39.72455278392971 ], [ -76.13922315374441, 39.722229269152905 ], [ -76.569834440578092, 39.720265378017899 ], [ -77.475793376775698, 39.719623215145099 ] ] ] } },
{ "type": "Feature", "properties": { "FID": 41, "Program": " ", "State_Code": "SC", "State_Name": "SOUTH CAROLINA", "Flowing_St": "N", "FID_1": 959 }, "geometry": { "type": "MultiPolygon", "coordinates": [ [ [ [ -81.759593520071704, 33.195380993760992 ], [ -81.769878124216604, 33.213881459539891 ], [ -81.779834653379595, 33.217367923197791 ], [ -81.801563546896105, 33.207926740619016 ], [ -81.810764721360201, 33.226442488589591 ], [ -81.853963073763694, 33.243500885322803 ], [ -81.836796562000202, 33.260613106452993 ], [ -81.839840619161393, 33.273307945336491 ], [ -81.826572879405688, 33.2694248181486 ], [ -81.860714746027099, 33.297091594273091 ], [ -81.840107306356401, 33.308344726739186 ], [ -81.865544073995295, 33.315668471010191 ], [ -81.876874031851912, 33.306837643623993 ], [ -81.893483287563186, 33.335236928866095 ], [ -81.912091764764298, 33.332196601595697 ], [ -81.9114126138074, 33.3494956280921 ], [ -81.936712152545908, 33.350437580941097 ], [ -81.945066330965204, 33.377147070220907 ], [ -81.925809370798405, 33.376559819629897 ], [ -81.940335793300221, 33.408163288319003 ], [ -81.913563621132695, 33.415441755859504 ], [ -81.927273819189296, 33.43614321986189 ], [ -81.916638087265099, 33.451332889480589 ], [ -81.936383300503607, 33.471019667762491 ], [ -81.980917005631397, 33.490736699603602 ], [ -81.996534732027897, 33.5204905050646 ], [ -82.02014058950121, 33.538732106058596 ], [ -82.038543145645605, 33.547505793589202 ], [ -82.065681520567807, 33.5738649321503 ], [ -82.116403010990098, 33.594776616944692 ], [ -82.138978900551294, 33.593906878926596 ], [ -82.167132064802004, 33.615215227251007 ], [ -82.192187658318801, 33.623839926364283 ], [ -82.2142067062601, 33.680734541537603 ], [ -82.234898172082893, 33.690339528489091 ], [ -82.266217910047999, 33.761595725710698 ], [ -82.305510600506395, 33.782648058472105 ], [ -82.311118543187206, 33.803914341916403 ], [ -82.351311587851001, 33.835391926789704 ], [ -82.365708655666296, 33.836009741763995 ], [ -82.3905965595075, 33.85414022309331 ], [ -82.424525407918793, 33.860254653867791 ], [ -82.456630909554207, 33.878224853498999 ], [ -82.517538472838098, 33.931029746975092 ], [ -82.576614763328195, 33.959287814405798 ], [ -82.573608678527904, 33.968904405462105 ], [ -82.596138566102098, 34.013420238196403 ], [ -82.602943803742306, 34.034636686154698 ], [ -82.660355319621118, 34.108356061843402 ], [ -82.7357807577405, 34.169796170652795 ], [ -82.742593558770494, 34.205553598048098 ], [ -82.758028002475413, 34.233372937068701 ], [ -82.764169992998902, 34.280960179496994 ], [ -82.782870422369996, 34.290515693590798 ], [ -82.808583046519004, 34.339899914539096 ], [ -82.836439477231806, 34.371046264384304 ], [ -82.844092591585493, 34.412675368825198 ], [ -82.868042894116897, 34.457542950987204 ], [ -82.905055015347301, 34.477985342988397 ], [ -82.981962826054996, 34.476497116543499 ], [ -83.007949597180698, 34.47082840772439 ], [ -83.054994813944305, 34.490061589837104 ], [ -83.079021216609803, 34.518972439968593 ], [ -83.1081210996811, 34.535016513609598 ], [ -83.137366034062893, 34.567867682588592 ], [ -83.158950549721496, 34.576831853572195 ], [ -83.164878900386299, 34.598937362455409 ], [ -83.236987274056602, 34.613321582868984 ], [ -83.298894810713804, 34.662945397499598 ], [ -83.339790007328006, 34.677692660621503 ], [ -83.350685173881601, 34.709647464306109 ], [ -83.350334149710406, 34.727381541125602 ], [ -83.323424126993999, 34.752233544767499 ], [ -83.322690581795598, 34.787244320542293 ], [ -83.302753745415316, 34.805531612698992 ], [ -83.270113936917198, 34.815079511599095 ], [ -83.267770995625696, 34.839229933134803 ], [ -83.250421252974803, 34.839710467404593 ], [ -83.250306558831497, 34.850166387507905 ], [ -83.235687925139501, 34.862384681032708 ], [ -83.2430730053931, 34.87808182302161 ], [ -83.232803631635903, 34.873820940778202 ], [ -83.219428553910504, 34.889182496199595 ], [ -83.203513265111596, 34.884170144560208 ], [ -83.182180258064406, 34.9106473963312 ], [ -83.158352782910498, 34.917651043442497 ], [ -83.155025979302096, 34.932280089746399 ], [ -83.137561853332102, 34.93047575505291 ], [ -83.1256365116502, 34.94079045734469 ], [ -83.113101177404104, 34.936125192769303 ], [ -83.127314755311701, 34.954374201740904 ], [ -83.121401686838595, 34.9608933256713 ], [ -83.115542287350294, 34.954686994531002 ], [ -83.100450371953997, 34.984162301476204 ], [ -83.106156949525996, 35.00036670861919 ], [ -83.007146582765401, 35.024293181292599 ], [ -82.771201148055098, 35.085537678049107 ], [ -82.697208247038205, 35.091349469625108 ], [ -82.687884607824998, 35.097918273629396 ], [ -82.685900202290398, 35.12158044209351 ], [ -82.654344134297304, 35.119574071646198 ], [ -82.569875886662402, 35.149607359900102 ], [ -82.524479644277903, 35.154677473043598 ], [ -82.466585988204102, 35.17361723707689 ], [ -82.437761391798304, 35.169676192972894 ], [ -82.389450705959305, 35.208356559685193 ], [ -82.371215994902599, 35.1828397548053 ], [ -82.359962344396095, 35.183064636140493 ], [ -82.350700041165496, 35.192788150734195 ], [ -82.320608887799494, 35.1843038405678 ], [ -82.278165579270805, 35.195121611886506 ], [ -81.971272699414115, 35.188400037769895 ], [ -81.870416554728394, 35.183237817044301 ], [ -81.765181103765102, 35.182596068603786 ], [ -81.361980163060693, 35.162986737360796 ], [ -81.322625722187297, 35.163891805733698 ], [ -81.049098995265496, 35.151672786952403 ], [ -81.048839716048093, 35.132153387521797 ], [ -81.028240565023594, 35.105550977191598 ], [ -81.065350026044001, 35.066625318352607 ], [ -81.039685217023418, 35.037345364440199 ], [ -80.927591895515903, 35.10139468730371 ], [ -80.894510353973502, 35.059880795046496 ], [ -80.83995904272011, 35.002166432753199 ], [ -80.785444615942694, 34.940788126162886 ], [ -80.799855774456702, 34.816260073853684 ], [ -80.32506538114491, 34.8149166915031 ], [ -79.919736641324803, 34.808074051346402 ], [ -79.685738675869104, 34.8054127224285 ], [ -79.667282347131817, 34.800820190724501 ], [ -79.455740862926305, 34.634251968921603 ], [ -79.446913350998599, 34.619222218372698 ], [ -78.655453153271694, 33.948845000724496 ], [ -78.579453519179197, 33.882164602502002 ], [ -78.622591882505006, 33.865708065099007 ], [ -78.585931096270102, 33.853531681042092 ], [ -78.854880832699905, 33.716362199814 ], [ -79.000695527440797, 33.57262930220179 ], [ -79.120865979364993, 33.430778600754202 ], [ -79.150149973992498, 33.317256368426889 ], [ -79.158115311291894, 33.342433442416201 ], [ -79.270845977896599, 33.297037873484207 ], [ -79.201911689526497, 33.183688459432396 ], [ -79.229562510006801, 33.141505777026104 ], [ -79.348755108882514, 33.154994771834197 ], [ -79.297834017496498, 33.138961525237491 ], [ -79.2878774365293, 33.104698178143494 ], [ -79.410618715714321, 33.013868135445897 ], [ -79.5823576023014, 33.016012874482499 ], [ -79.617233739377696, 32.980968063453695 ], [ -79.587645810450809, 32.925106731650999 ], [ -79.606812061744506, 32.899243720375608 ], [ -79.752320542808505, 32.794235585537301 ], [ -79.907485918471394, 32.790707523235703 ], [ -79.799859762892197, 32.929956004174301 ], [ -79.9071411625889, 32.859389733149904 ], [ -79.930250167520001, 32.914221148844703 ], [ -79.962119339127398, 32.904410033620302 ], [ -79.947983933515204, 32.810799253693908 ], [ -79.891655070256618, 32.734029966987592 ], [ -79.896393274919419, 32.677421361916096 ], [ -79.996617565736102, 32.605787306030805 ], [ -80.210802920898104, 32.56160089518319 ], [ -80.290654081714408, 32.504070540837994 ], [ -80.347174101878593, 32.511955478268206 ], [ -80.390868529763594, 32.655401588718192 ], [ -80.4159926600246, 32.669160793395903 ], [ -80.399803017032696, 32.504959860783003 ], [ -80.480707198558505, 32.510434149042091 ], [ -80.550394717662002, 32.557841424237502 ], [ -80.538882046958392, 32.509865962337599 ], [ -80.646411328983802, 32.518879865199196 ], [ -80.643557962491712, 32.498460733211694 ], [ -80.486071973078396, 32.431030989558892 ], [ -80.442797675953102, 32.373507628758993 ], [ -80.460392399906496, 32.318685434183287 ], [ -80.6260280971957, 32.272821504930803 ], [ -80.678014486848696, 32.285665539447891 ], [ -80.741963361679794, 32.360212691882602 ], [ -80.799381871103904, 32.473307799904795 ], [ -80.7847864974256, 32.505052071973189 ], [ -80.830517497512901, 32.516281581797301 ], [ -80.867177092255005, 32.532695018239501 ], [ -80.821866378339607, 32.400710240690195 ], [ -80.780561515381507, 32.248123825522391 ], [ -80.892914426930702, 32.068173791469 ], [ -81.104875782875794, 32.105446020781301 ], [ -81.119112309973005, 32.117614012583793 ], [ -81.114717773307717, 32.190593263960999 ], [ -81.147692546724699, 32.224446789298995 ], [ -81.148173132798604, 32.257713115849896 ], [ -81.124048198850204, 32.276644539432901 ], [ -81.1318900353196, 32.3326183378053 ], [ -81.141884277823394, 32.348467472845897 ], [ -81.157479055030393, 32.33874038377359 ], [ -81.179122938118198, 32.371781310948897 ], [ -81.178252733863701, 32.386829451931902 ], [ -81.199926922314603, 32.420316567298897 ], [ -81.1951572725999, 32.464560739650409 ], [ -81.236239792620708, 32.520613953615189 ], [ -81.267985463398006, 32.533929871127491 ], [ -81.274302396162696, 32.55481399617301 ], [ -81.298983550082397, 32.567287010159603 ], [ -81.340403884244395, 32.571360309976292 ], [ -81.351489378838906, 32.583528353582899 ], [ -81.366702567491501, 32.581979464607798 ], [ -81.366267620776398, 32.588364934116498 ], [ -81.3849063515365, 32.595883047143502 ], [ -81.412105285380918, 32.625609033835488 ], [ -81.399478309789004, 32.650815325303093 ], [ -81.407191516828405, 32.686702003776702 ], [ -81.420535460326093, 32.701566965676193 ], [ -81.407626100915195, 32.741806167738993 ], [ -81.423037699038815, 32.749812637445707 ], [ -81.416071972484403, 32.756728424906107 ], [ -81.430240325465704, 32.786153585541101 ], [ -81.420833333552906, 32.809494724372897 ], [ -81.43030927664212, 32.820305035909897 ], [ -81.423961624082196, 32.831771549214395 ], [ -81.432331291909307, 32.84168161015409 ], [ -81.455319023583996, 32.844576678897894 ], [ -81.458538851851102, 32.871400396084702 ], [ -81.483204982599304, 32.876092080720099 ], [ -81.465031711133506, 32.8977281932019 ], [ -81.47704812431661, 32.897571745002793 ], [ -81.510236693004501, 32.9472214616532 ], [ -81.509839977670495, 32.955418881049191 ], [ -81.497899768229303, 32.959675929793789 ], [ -81.492734853693705, 33.004813307393185 ], [ -81.5087491400121, 33.012793357039705 ], [ -81.529600732120699, 33.043927843759903 ], [ -81.547659827483599, 33.043683743126095 ], [ -81.560034983639909, 33.060814924534704 ], [ -81.595825202992103, 33.070790051347899 ], [ -81.610962239706595, 33.087875437985595 ], [ -81.704279238925395, 33.122938846664702 ], [ -81.740374687677999, 33.144697061267401 ], [ -81.763408265927595, 33.169834867794805 ], [ -81.759593520071704, 33.195380993760992 ] ] ], [ [ [ -80.767804977886897, 32.258648178761703 ], [ -80.719083486015194, 32.272204726037295 ], [ -80.6666165620924, 32.220113225988193 ], [ -80.819266799836697, 32.104698177667991 ], [ -80.767804977886897, 32.258648178761703 ] ] ] ] } },
{ "type": "Feature", "properties": { "FID": 42, "Program": " ", "State_Code": "SD", "State_Name": "SOUTH DAKOTA", "Flowing_St": "P", "FID_1": 960 }, "geometry": { "type": "Polygon", "coordinates": [ [ [ -102.788384557444004, 42.995303592824797 ], [ -103.005875217539, 42.999353943451986 ], [ -103.501463844799005, 42.998618844132388 ], [ -104.056198853412994, 43.003062335614899 ], [ -104.059157485713996, 43.479133946429897 ], [ -104.057913929747002, 43.503712269331409 ], [ -104.061036159203994, 44.181825280580206 ], [ -104.059842386919001, 44.997336280675007 ], [ -104.043072279664997, 44.997805521664198 ], [ -104.048906346978001, 45.9429936883718 ], [ -102.994822929334006, 45.941115636530199 ], [ -102.002775056127007, 45.942505383496105 ], [ -100.514406771801006, 45.9403879969923 ], [ -99.875783254555714, 45.943547318141192 ], [ -99.006832813306104, 45.939555557882699 ], [ -97.978721817067907, 45.93082217389459 ], [ -97.2333099191695, 45.936502694034807 ], [ -96.566921508949704, 45.934110435297704 ], [ -96.587955295865299, 45.817854400201306 ], [ -96.604610708975699, 45.8082642292052 ], [ -96.657391772593897, 45.738970576213489 ], [ -96.8327958467749, 45.650686909270284 ], [ -96.8549898369575, 45.609122093642299 ], [ -96.843087185444702, 45.584090278179495 ], [ -96.769246225675403, 45.517478882937596 ], [ -96.738032323362901, 45.458195272681905 ], [ -96.693169196347895, 45.410638128400407 ], [ -96.605084508720296, 45.396524376876791 ], [ -96.532548907136402, 45.375132157812502 ], [ -96.477592073862098, 45.328509351186383 ], [ -96.457602241949999, 45.2988502435093 ], [ -96.454496589785805, 45.275195431218791 ], [ -96.456717791584694, 44.6288086642327 ], [ -96.455106167918203, 44.538343166560495 ], [ -96.457397512386194, 44.19906141697259 ], [ -96.456602320380995, 43.848741832506605 ], [ -96.460454727772898, 43.499718488715196 ], [ -96.598315430299806, 43.499849086698596 ], [ -96.583795897734802, 43.481920537515094 ], [ -96.589112960734099, 43.435539137712595 ], [ -96.557708730380696, 43.400727237645086 ], [ -96.525053536083604, 43.384225268099499 ], [ -96.522893877483114, 43.35696634517749 ], [ -96.540563251057193, 43.307659156835904 ], [ -96.579130840375996, 43.290074016629788 ], [ -96.570722474931401, 43.263612306070605 ], [ -96.559567770140205, 43.253263309504696 ], [ -96.5669910817751, 43.23963377033769 ], [ -96.558605769128206, 43.22548924721459 ], [ -96.4872451867666, 43.217909280164484 ], [ -96.473114547125803, 43.209082130865184 ], [ -96.451505113725105, 43.126308755988489 ], [ -96.460804819471306, 43.087872852538304 ], [ -96.462093962993094, 43.075582188770397 ], [ -96.479573267546499, 43.061884061055089 ], [ -96.520010361040306, 43.051508644429092 ], [ -96.499019985909712, 43.012050129240492 ], [ -96.517147825233494, 42.986458104895391 ], [ -96.514935067493198, 42.952382081208 ], [ -96.5442634581823, 42.913866347733098 ], [ -96.537511112466007, 42.8969064304789 ], [ -96.556211179208702, 42.84666065655091 ], [ -96.5731261305571, 42.834347406221802 ], [ -96.587645455905104, 42.835381414848889 ], [ -96.600875067887699, 42.799558610755803 ], [ -96.632980569522999, 42.776835597722695 ], [ -96.640709214166193, 42.748603794939996 ], [ -96.626540757577303, 42.708354698305691 ], [ -96.563039262431005, 42.668513040441397 ], [ -96.541165110387595, 42.662405344192194 ], [ -96.512843997441195, 42.629755071278097 ], [ -96.488498171068898, 42.580480674893494 ], [ -96.500942019380901, 42.573885191808891 ], [ -96.489337500115695, 42.5640279709894 ], [ -96.480243249189101, 42.517130292129998 ], [ -96.439394728013696, 42.489240862243904 ], [ -96.494701497574297, 42.488459242897001 ], [ -96.547215563173594, 42.520499316030502 ], [ -96.584753029167402, 42.51828723174259 ], [ -96.605467288767997, 42.5072362904424 ], [ -96.629294504901495, 42.522693683336904 ], [ -96.636672384393606, 42.550731739012001 ], [ -96.714059693289997, 42.612302031372494 ], [ -96.715272892089502, 42.621907484560403 ], [ -96.694596760262996, 42.641163771274712 ], [ -96.699060196300707, 42.6577158353264 ], [ -96.722658749403806, 42.668591937993497 ], [ -96.799343958154495, 42.670019191083902 ], [ -96.810437482374695, 42.681341222922491 ], [ -96.810140127188603, 42.704084439531101 ], [ -96.908233821471498, 42.731698945379797 ], [ -96.97077347101802, 42.721147498627893 ], [ -96.977869018495511, 42.727308190409396 ], [ -96.970002937735003, 42.752065444463099 ], [ -96.979593367752102, 42.758313736875493 ], [ -97.015139693686706, 42.7595420624545 ], [ -97.130469265341304, 42.77392338184179 ], [ -97.161422748747896, 42.798619403520895 ], [ -97.211831705399703, 42.812573546799094 ], [ -97.224443554212499, 42.841202531152099 ], [ -97.243189571138416, 42.8518263999512 ], [ -97.271457533140193, 42.850014657279985 ], [ -97.311414351384698, 42.861771687637699 ], [ -97.389306024408995, 42.867433143891297 ], [ -97.457263806635595, 42.850443128490092 ], [ -97.483159040023295, 42.857157087413 ], [ -97.506131903939419, 42.860136493132998 ], [ -97.570654145878507, 42.847990725263294 ], [ -97.634970518565595, 42.861284936883102 ], [ -97.685751998065896, 42.836837004748901 ], [ -97.725249832520305, 42.858008383193003 ], [ -97.772186468016599, 42.846163959420785 ], [ -97.79702831806722, 42.849597116722194 ], [ -97.818642983676611, 42.866587494751599 ], [ -97.888659406626005, 42.855807281361507 ], [ -97.889941038562, 42.831271644988483 ], [ -97.929477208005807, 42.792324383865001 ], [ -97.963558412097498, 42.773690004644202 ], [ -97.995144785453505, 42.766812293152697 ], [ -98.0331404063718, 42.769192326136491 ], [ -98.1218198561766, 42.808360117055692 ], [ -98.123116925716502, 42.820223604714492 ], [ -98.144869027442297, 42.835794707475486 ], [ -98.167826609165701, 42.839571014734091 ], [ -98.310339573453902, 42.881794777743607 ], [ -98.391204694733702, 42.920135879801606 ], [ -98.457444033364794, 42.937160759321294 ], [ -98.497651375943406, 42.991778794177591 ], [ -99.253971702228895, 42.992389460194509 ], [ -100.198142126777, 42.9910950326611 ], [ -101.231737202239003, 42.986842957104393 ], [ -102.086700915470004, 42.989887014265598 ], [ -102.788384557444004, 42.995303592824797 ] ] ] } },
{ "type": "Feature", "properties": { "FID": 43, "Program": " ", "State_Code": "TN", "State_Name": "TENNESSEE", "Flowing_St": "P", "FID_1": 961 }, "geometry": { "type": "Polygon", "coordinates": [ [ [ -83.954607858919303, 35.455544299817291 ], [ -84.012556738099093, 35.4077067920744 ], [ -84.006217322381403, 35.37294369141209 ], [ -84.029115277655805, 35.32537395874909 ], [ -84.030771711816797, 35.292605779841296 ], [ -84.042689697324903, 35.272658479044999 ], [ -84.101560688406707, 35.2456337621853 ], [ -84.179642689472203, 35.241069463682905 ], [ -84.225863134124097, 35.26168286081819 ], [ -84.290959520232803, 35.210622261153908 ], [ -84.323773493911418, 34.989090575159587 ], [ -84.618684721095605, 34.988759754563787 ], [ -84.771134321795103, 34.990757214716297 ], [ -84.800416917713605, 34.992832277319884 ], [ -84.967857156912501, 34.992682926274206 ], [ -85.267717275787803, 34.9891497871768 ], [ -85.608960222700603, 34.990164162072794 ], [ -86.782372224824599, 34.997075338973801 ], [ -87.207588483579499, 35.007960403739794 ], [ -87.607813075002198, 35.010546616800397 ], [ -87.986078244932997, 35.016033648853302 ], [ -88.194962389131703, 35.0135438431099 ], [ -88.193993601790297, 35.004453632898297 ], [ -88.785043397460896, 35.003182309966505 ], [ -89.006196395926906, 35.000234711926801 ], [ -89.342372959586896, 34.9998048938116 ], [ -89.646558715755106, 35.0007332740023 ], [ -89.717270089894001, 34.999261210417806 ], [ -90.305448335854507, 35.000788756128507 ], [ -90.291905931081899, 35.048551510642504 ], [ -90.195803843094808, 35.040990762890999 ], [ -90.169176722237694, 35.077919738638194 ], [ -90.178438973664313, 35.108738013501601 ], [ -90.164568442106003, 35.129703056456599 ], [ -90.143823618122795, 35.1366264073068 ], [ -90.0830159330269, 35.125140208467201 ], [ -90.064628607269995, 35.147474639400691 ], [ -90.062522721262795, 35.167005487523895 ], [ -90.073394783214994, 35.1919226606474 ], [ -90.069053449298096, 35.21282673024789 ], [ -90.090194885007406, 35.254486243659898 ], [ -90.106033918260493, 35.263935093236597 ], [ -90.152215976119095, 35.264145106812499 ], [ -90.169840331983593, 35.282653654021601 ], [ -90.157083587272695, 35.306330845657108 ], [ -90.106438196984612, 35.314772417491 ], [ -90.098793267668697, 35.345678344789192 ], [ -90.105713303060597, 35.366067482237796 ], [ -90.087226668960497, 35.381592893836 ], [ -90.075568584317395, 35.406612897977801 ], [ -90.085250552071798, 35.418365732208208 ], [ -90.112335724245298, 35.417774544510202 ], [ -90.132561886186494, 35.407684930769797 ], [ -90.140260173662398, 35.383130334118405 ], [ -90.167909958061998, 35.384339647614901 ], [ -90.172769954020893, 35.423801789086191 ], [ -90.137368472181393, 35.442607691481697 ], [ -90.102050861080301, 35.473650951288398 ], [ -90.082320619209398, 35.478289433175298 ], [ -90.0749351763275, 35.472426407404292 ], [ -90.074027362340203, 35.426590037900802 ], [ -90.060385597420293, 35.413494442968116 ], [ -90.046873498010001, 35.417186931290892 ], [ -89.999653649829497, 35.445537002695595 ], [ -90.041906423101096, 35.512521697845607 ], [ -90.040990890312813, 35.542927975183396 ], [ -90.033140039939894, 35.552494989773997 ], [ -89.989673964261499, 35.561756878572389 ], [ -89.962359921841497, 35.532372902148694 ], [ -89.947634727239802, 35.526982847257685 ], [ -89.93126159434081, 35.529313562795899 ], [ -89.921747419870101, 35.546139877432402 ], [ -89.9581178444637, 35.578674730946595 ], [ -89.957133671322794, 35.603183636435197 ], [ -89.877526093099505, 35.633414608903692 ], [ -89.863922455952903, 35.629825107011193 ], [ -89.849281183895513, 35.6453010457519 ], [ -89.857330443738604, 35.671141263249901 ], [ -89.865265268458899, 35.673384274549299 ], [ -89.893487280278293, 35.656050539346609 ], [ -89.9298272440966, 35.676344201950499 ], [ -89.952121008858896, 35.712563928593596 ], [ -89.951121553526306, 35.734345403210099 ], [ -89.909868080175201, 35.754913989851403 ], [ -89.859954939984704, 35.748269137517191 ], [ -89.827124648033404, 35.758347509781004 ], [ -89.799986014090905, 35.774300356508597 ], [ -89.790464328034801, 35.805629885437305 ], [ -89.759877099187193, 35.817497362007011 ], [ -89.736019318670202, 35.807113967558983 ], [ -89.700907991254795, 35.827590809246296 ], [ -89.701518398251395, 35.842113139228992 ], [ -89.757794369585795, 35.871493385761895 ], [ -89.766354831690293, 35.884176983168793 ], [ -89.762990211132916, 35.896887311460198 ], [ -89.738056667933094, 35.91508695118209 ], [ -89.714763499641904, 35.91150117918059 ], [ -89.664728619958396, 35.885721831428796 ], [ -89.649416019354106, 35.894361916341801 ], [ -89.645479223181297, 35.913873752382599 ], [ -89.664270931269897, 35.937894456603601 ], [ -89.713214817882999, 35.966397453532707 ], [ -89.721836356949893, 35.999950929874196 ], [ -89.688922401475097, 36.025867351114307 ], [ -89.678248956210297, 36.083040827431809 ], [ -89.6674684319959, 36.099386452386497 ], [ -89.589501591310096, 36.129861421880591 ], [ -89.589532207497399, 36.152089240100899 ], [ -89.618639343134305, 36.183811650864492 ], [ -89.676868844795706, 36.220935461603993 ], [ -89.6957370156465, 36.240862973257087 ], [ -89.694623125190603, 36.252203861765999 ], [ -89.670666088134098, 36.254961857021492 ], [ -89.618158964276603, 36.240966115099717 ], [ -89.541725367745897, 36.257346189740495 ], [ -89.535453867123906, 36.264605437982397 ], [ -89.542312929161199, 36.280931947246394 ], [ -89.606844288611697, 36.308103269537789 ], [ -89.622874167945895, 36.3348474675239 ], [ -89.605768577732803, 36.354816940449091 ], [ -89.5446324550268, 36.345787910807992 ], [ -89.519408964618194, 36.355995896778502 ], [ -89.520080500381397, 36.40112270635391 ], [ -89.545258247823199, 36.441023472627201 ], [ -89.516098013045806, 36.47187226007 ], [ -89.533272295415202, 36.498170166256401 ], [ -89.475897715816615, 36.498608998274499 ], [ -89.492064772247204, 36.465524814726109 ], [ -89.470907847130206, 36.446016967596307 ], [ -89.448591288590407, 36.456442323316296 ], [ -89.414784645908099, 36.502679293456794 ], [ -88.8107185672893, 36.499045809935005 ], [ -88.042763416374896, 36.496570353910592 ], [ -88.035079634029799, 36.538199924587794 ], [ -88.041091078373896, 36.582721196746199 ], [ -88.071341062924802, 36.679683231787585 ], [ -87.870711426173614, 36.669423182757498 ], [ -87.853537402824301, 36.641522407786908 ], [ -87.346610943494099, 36.649277368882103 ], [ -86.770535209030001, 36.65210079263931 ], [ -86.5106681712262, 36.65507418909079 ], [ -85.980610690248099, 36.633112643633197 ], [ -85.785476374196094, 36.626685264656608 ], [ -85.437374624266198, 36.618198985936594 ], [ -85.300094645022099, 36.626100915091797 ], [ -84.998461222072805, 36.620982624191598 ], [ -84.781870760771895, 36.605076142079291 ], [ -84.2544885958024, 36.595452557477607 ], [ -83.935599868966193, 36.591290828165697 ], [ -83.695608642384101, 36.584249415909611 ], [ -83.675176766602902, 36.598703882600603 ], [ -83.464209840998805, 36.5988401272243 ], [ -83.275031435360503, 36.600467447515094 ], [ -83.248388410663296, 36.589935427277901 ], [ -83.210926526762705, 36.588089649352803 ], [ -82.986697197218916, 36.591289688476792 ], [ -82.296858030819905, 36.591800942541894 ], [ -82.154181313963605, 36.595150332711597 ], [ -81.929303294237997, 36.595950653316791 ], [ -81.918294158797707, 36.613608785414506 ], [ -81.652272179460596, 36.607673803832689 ], [ -81.669835043929893, 36.589767789406302 ], [ -81.702632699336107, 36.519460279558899 ], [ -81.698114920861016, 36.471899975230997 ], [ -81.740908010264008, 36.391907855623494 ], [ -81.74021316268302, 36.361982526987703 ], [ -81.709289881031594, 36.333850291568893 ], [ -81.730324600419607, 36.329467203596401 ], [ -81.830410419038898, 36.334778982583799 ], [ -81.910994037168706, 36.290875318183502 ], [ -81.932951697323304, 36.263444250438496 ], [ -82.020294965538696, 36.129834328367998 ], [ -82.077602148081994, 36.100260231119591 ], [ -82.117925583512999, 36.09637482455399 ], [ -82.153900950502205, 36.139737654782593 ], [ -82.207584595899206, 36.147127552811902 ], [ -82.262159944227093, 36.120487584552997 ], [ -82.311783707053607, 36.122260577802706 ], [ -82.373713415839703, 36.098807179617488 ], [ -82.408282924806713, 36.075426617911695 ], [ -82.475055223395103, 35.993284423451499 ], [ -82.506793900627201, 35.972650304700402 ], [ -82.554005252945402, 35.956215939426293 ], [ -82.5991649062818, 35.963405770255299 ], [ -82.605666468642909, 36.0036541934372 ], [ -82.592094224743406, 36.0225560887177 ], [ -82.604264236903504, 36.043094059171601 ], [ -82.627908791994201, 36.054446137352997 ], [ -82.643755336832896, 36.051829049084795 ], [ -82.763094903768405, 35.999650000209094 ], [ -82.773463326849097, 35.98760690794569 ], [ -82.776308456498896, 35.956677358005486 ], [ -82.808535179586499, 35.920975153716299 ], [ -82.8561371343621, 35.947528557425301 ], [ -82.895841770542006, 35.948462584256305 ], [ -82.913938734657705, 35.927969735120691 ], [ -82.906689121967204, 35.872317173596997 ], [ -82.962619767574694, 35.791951961297407 ], [ -82.986873848993412, 35.7740910681893 ], [ -83.059828752472001, 35.782676810664896 ], [ -83.118057632485005, 35.763907585529395 ], [ -83.143532994133395, 35.762781883752496 ], [ -83.185220533530796, 35.728983374304391 ], [ -83.243724544797104, 35.718312985477901 ], [ -83.258998810412095, 35.691106747264008 ], [ -83.298291604478706, 35.656423321214298 ], [ -83.342902808449495, 35.653355485998993 ], [ -83.386972142168005, 35.625313182392716 ], [ -83.458173116283604, 35.597373295372286 ], [ -83.505683688733598, 35.559645397729092 ], [ -83.560922646806503, 35.555268785261497 ], [ -83.613750644884206, 35.571830899296899 ], [ -83.775774719956104, 35.5526929330088 ], [ -83.830098093436106, 35.519149351238703 ], [ -83.881125383103097, 35.510671982813506 ], [ -83.909912628796505, 35.4765642550541 ], [ -83.954607858919303, 35.455544299817291 ] ] ] } },
{ "type": "Feature", "properties": { "FID": 44, "Program": "TX-TCEQ ACR", "State_Code": "TX", "State_Name": "TEXAS", "Flowing_St": "F", "FID_1": 962 }, "geometry": { "type": "MultiPolygon", "coordinates": [ [ [ [ -105.998886802241998, 31.393940073909093 ], [ -106.213285538242005, 31.478246433920784 ], [ -106.383581216094001, 31.733872741252501 ], [ -106.539514793858004, 31.786305267293201 ], [ -106.614986544789005, 31.817834397185699 ], [ -106.616123695257997, 31.8447405345992 ], [ -106.644079071685994, 31.895205439614102 ], [ -106.633748931791004, 31.914101014801705 ], [ -106.632605305816, 31.972219966643006 ], [ -106.650061868395994, 31.980329733604286 ], [ -106.623625645424994, 32.0010888036986 ], [ -106.378387291297003, 32.0007470524504 ], [ -106.003240361912006, 32.001658026483902 ], [ -104.922304838466005, 32.004382090093493 ], [ -104.851068067759002, 32.003265039591092 ], [ -104.019296971179003, 32.007403508889396 ], [ -103.981377087764997, 32.006015212436601 ], [ -103.058413786448, 32.00202277872549 ], [ -103.055640509000995, 32.085116820606302 ], [ -103.060018209353018, 32.515545498201 ], [ -103.049330880606007, 32.953638894254198 ], [ -103.043100978628004, 33.377831453385802 ], [ -103.033258521958999, 33.826181583010694 ], [ -103.029645811856994, 34.307820470335592 ], [ -103.022657032506004, 34.745332780478499 ], [ -103.026151163161003, 35.177265536554096 ], [ -103.022294041601, 35.623647993349103 ], [ -103.027286811313999, 36.491591830308792 ], [ -102.165673583385001, 36.4902341500433 ], [ -102.034658370238006, 36.492980955626301 ], [ -101.090102368223, 36.488050247152898 ], [ -100.957341410750999, 36.489637678333303 ], [ -100.549839336065006, 36.489479106168602 ], [ -100.007272940901004, 36.493912703079609 ], [ -100.001550718508994, 36.492554763793791 ], [ -99.997553622433799, 36.057591367803298 ], [ -100.000392483794002, 35.6188562233095 ], [ -99.994743408706896, 35.424622157854785 ], [ -99.997570199726695, 35.182235098057006 ], [ -99.996455065973194, 35.031051018236695 ], [ -99.999259943884311, 34.747243365256793 ], [ -99.996475269549293, 34.562383965994194 ], [ -99.972479949306901, 34.561926691738201 ], [ -99.945120008508596, 34.579634607517789 ], [ -99.932286904643206, 34.5791733443507 ], [ -99.880977334765603, 34.548241877661091 ], [ -99.860949271472094, 34.518694563101 ], [ -99.830308373639298, 34.501846231747798 ], [ -99.778060269978795, 34.444064265183002 ], [ -99.685276904171104, 34.377520681428805 ], [ -99.601817384791403, 34.368633957484001 ], [ -99.585589458614905, 34.3849338912758 ], [ -99.578219505140794, 34.408988682554785 ], [ -99.554232318132804, 34.415256401481891 ], [ -99.502504068008193, 34.404145315691899 ], [ -99.479805869109697, 34.383600248084598 ], [ -99.438743190036803, 34.364783363232803 ], [ -99.410323027766495, 34.369185618699902 ], [ -99.394522433110794, 34.3968223484815 ], [ -99.393157085847506, 34.429070725657603 ], [ -99.364569233901605, 34.450272357660694 ], [ -99.323658962311697, 34.412786954726108 ], [ -99.267535553873714, 34.398364554735501 ], [ -99.254465653744504, 34.368294382005494 ], [ -99.205849168660606, 34.332075484226898 ], [ -99.196662810152205, 34.305205765053202 ], [ -99.204955600784999, 34.255730679819784 ], [ -99.190840346944, 34.223821567297996 ], [ -99.176511764068394, 34.212816524376699 ], [ -99.128300127553004, 34.201556294757189 ], [ -99.078784117128293, 34.2084460247858 ], [ -99.035569912689098, 34.199009141942298 ], [ -98.996544634682195, 34.209583693295897 ], [ -98.952856889518799, 34.194653561914713 ], [ -98.891689373564603, 34.160909912944398 ], [ -98.811409896949897, 34.146025938962389 ], [ -98.778876908381704, 34.132053249838101 ], [ -98.705632264909994, 34.130806378412998 ], [ -98.68255273647712, 34.150089396011595 ], [ -98.662059524713897, 34.147129365002399 ], [ -98.626329967891905, 34.158527600582907 ], [ -98.576668439920397, 34.142022004754502 ], [ -98.557914341564199, 34.105428460162791 ], [ -98.499852166950006, 34.066508188944006 ], [ -98.448519492470695, 34.054469292807809 ], [ -98.421670753933498, 34.065924616439702 ], [ -98.407464376786706, 34.082548739910393 ], [ -98.391281830948913, 34.087324657913904 ], [ -98.384583154217694, 34.115873294201684 ], [ -98.350730250528102, 34.142213213464103 ], [ -98.320814143011205, 34.139512461672197 ], [ -98.277324703709994, 34.122964697355791 ], [ -98.173164290173503, 34.115461555696285 ], [ -98.137182706699093, 34.138524714052409 ], [ -98.115186348926997, 34.149079735283003 ], [ -98.094441265923606, 34.134649150254198 ], [ -98.111005452121006, 34.069915237009504 ], [ -98.086521982415206, 34.005410349423094 ], [ -98.0558736766057, 33.989896438321601 ], [ -98.023806199134597, 33.987081303210601 ], [ -97.9829951840848, 34.001382429945004 ], [ -97.950538917298502, 33.971258484621991 ], [ -97.948066983948493, 33.959848955760791 ], [ -97.963311047808403, 33.948748386190893 ], [ -97.950996916810894, 33.93261640109499 ], [ -97.976441869488198, 33.912150904492208 ], [ -97.976693688923504, 33.902602901984103 ], [ -97.955048510735594, 33.883579422622994 ], [ -97.909377603333198, 33.874123061460701 ], [ -97.870062222705712, 33.855214069026701 ], [ -97.852857375952894, 33.857170966616401 ], [ -97.790515566033093, 33.890556701478296 ], [ -97.756670381145398, 33.9321972546119 ], [ -97.729325826147004, 33.939391799608586 ], [ -97.704567587816399, 33.971644631932001 ], [ -97.671370989502194, 33.9887114209196 ], [ -97.6004841550821, 33.969535741290699 ], [ -97.592656461114998, 33.917985075413306 ], [ -97.575970587229321, 33.902631394205784 ], [ -97.5548899176585, 33.904004822899196 ], [ -97.518504210873104, 33.916871754801782 ], [ -97.477830839155999, 33.90780837908261 ], [ -97.463059953392104, 33.90248318284889 ], [ -97.457360731993603, 33.890532042755503 ], [ -97.453035094700695, 33.836315022968485 ], [ -97.4104161704782, 33.8208124569516 ], [ -97.363616090429602, 33.831127159243302 ], [ -97.342100474143294, 33.862017856153898 ], [ -97.315251891017297, 33.870493877674086 ], [ -97.314382049391099, 33.895941109729002 ], [ -97.272571889832918, 33.872675863815005 ], [ -97.264202222005096, 33.858832632985298 ], [ -97.250980121608194, 33.873072579149003 ], [ -97.2463566110888, 33.894339018005397 ], [ -97.211626665011494, 33.905790456334493 ], [ -97.188058779899904, 33.8993056784822 ], [ -97.164460382208006, 33.863250015231898 ], [ -97.168885535060298, 33.847896230416289 ], [ -97.195306838469506, 33.8362616648079 ], [ -97.208612861409804, 33.819752028264297 ], [ -97.189454846958697, 33.752874360259796 ], [ -97.152763962576401, 33.728773774209991 ], [ -97.115851823142194, 33.726038728144005 ], [ -97.0907885108236, 33.731775921903193 ], [ -97.083754040308904, 33.742517852108293 ], [ -97.087958145324706, 33.807675107963192 ], [ -97.050313703989801, 33.823551543732684 ], [ -97.078535664004207, 33.837913488409193 ], [ -97.082464948591195, 33.851203607509895 ], [ -97.071188400699597, 33.856830147841009 ], [ -97.025883747856994, 33.840663868470912 ], [ -97.006138379206504, 33.850616201506796 ], [ -96.987995154082995, 33.876525007553106 ], [ -96.988148079607299, 33.944302874350903 ], [ -96.968471092289207, 33.937421329360596 ], [ -96.936487537362495, 33.94794961970689 ], [ -96.929849833986097, 33.961872939581603 ], [ -96.898735913469395, 33.9501277723489 ], [ -96.883133106636294, 33.924691988986794 ], [ -96.879218793416797, 33.88410456017079 ], [ -96.861296512521704, 33.861781474322001 ], [ -96.844289919827915, 33.858134677161999 ], [ -96.814396916912713, 33.871871036258398 ], [ -96.797871013901599, 33.870051471177284 ], [ -96.749101810509501, 33.831840500866306 ], [ -96.711953133831003, 33.833972651521393 ], [ -96.693657449419518, 33.848006521216291 ], [ -96.677979164100705, 33.904424539226788 ], [ -96.666511925539794, 33.913644363144996 ], [ -96.584760488949101, 33.896245510264691 ], [ -96.614439230356894, 33.863001355842599 ], [ -96.601468638571802, 33.843058510193693 ], [ -96.562404714752105, 33.825522583824991 ], [ -96.510843532654505, 33.815787465126483 ], [ -96.501016150961505, 33.788192541204701 ], [ -96.487641280452394, 33.7782324893669 ], [ -96.419730380881006, 33.788428508604291 ], [ -96.371083227805499, 33.740497546374293 ], [ -96.347850566632999, 33.705631821909897 ], [ -96.3165385992735, 33.701904728488699 ], [ -96.301050693799596, 33.714153327376593 ], [ -96.289942768056505, 33.7620342987085 ], [ -96.278338352398507, 33.773489466928403 ], [ -96.212807174987319, 33.756792558782401 ], [ -96.187286018567505, 33.758684494106603 ], [ -96.169074256701293, 33.769456885086797 ], [ -96.161574896736099, 33.798329711053299 ], [ -96.141677224209801, 33.820420144960892 ], [ -96.1547773778981, 33.824044096539609 ], [ -96.180984886035404, 33.808533915328901 ], [ -96.183388386249007, 33.815892316502286 ], [ -96.169464548333806, 33.829083230867496 ], [ -96.149223259613905, 33.835690110840801 ], [ -96.109701595301203, 33.829357740472396 ], [ -96.091779884250599, 33.844677231013897 ], [ -96.048229886027798, 33.8413774691141 ], [ -96.027004579578318, 33.856121002345198 ], [ -96.014323831393497, 33.844307039348195 ], [ -96.002048035385499, 33.857078444601903 ], [ -96.002872444868913, 33.873488980018003 ], [ -95.994464597464699, 33.875476493794899 ], [ -95.977648229203794, 33.858051324462615 ], [ -95.959016647400603, 33.865139101333909 ], [ -95.943322872674798, 33.890071815669209 ], [ -95.933327956718301, 33.890628864505203 ], [ -95.846805730723901, 33.841138238059997 ], [ -95.826220774006302, 33.843125855445003 ], [ -95.795725238308094, 33.864774349092293 ], [ -95.768761546606697, 33.85150329387811 ], [ -95.7609419340708, 33.893541132190101 ], [ -95.747109478480795, 33.903497609549092 ], [ -95.699950241026599, 33.894926786636908 ], [ -95.633732711896101, 33.920207727725199 ], [ -95.613224114333093, 33.920341537559096 ], [ -95.6150707729266, 33.93679424146319 ], [ -95.606312004959193, 33.944656488724092 ], [ -95.563013411739405, 33.936177099941396 ], [ -95.546555734647598, 33.904137803868494 ], [ -95.519813712431315, 33.906747484158991 ], [ -95.526970233262603, 33.897920179447503 ], [ -95.547730546653696, 33.893262115633704 ], [ -95.544274181142498, 33.88584641919271 ], [ -95.513122391873694, 33.897840297618686 ], [ -95.499091215988301, 33.881822644037797 ], [ -95.468359453870804, 33.886537847707103 ], [ -95.4518412696616, 33.865858607637698 ], [ -95.330272108672204, 33.87102486907829 ], [ -95.336460049378701, 33.897220151462598 ], [ -95.302187947402501, 33.886730092497388 ], [ -95.286661862351394, 33.887008694621493 ], [ -95.2775831008327, 33.918044960882796 ], [ -95.263849642762494, 33.897907435653806 ], [ -95.251222822582307, 33.9051287115348 ], [ -95.251520799416895, 33.936550089025296 ], [ -95.234270624130303, 33.964969422430691 ], [ -95.148544004573495, 33.943653458912493 ], [ -95.128195792315594, 33.940975604506093 ], [ -95.126906182558315, 33.917252151863394 ], [ -95.119451995715707, 33.912388477817103 ], [ -95.095586651809001, 33.921845149803694 ], [ -95.082494216922598, 33.918560721899503 ], [ -95.089940581355194, 33.897023037092588 ], [ -95.083829207019406, 33.888569705741695 ], [ -95.063702508834496, 33.917755894342896 ], [ -95.063366663246896, 33.896801833844201 ], [ -95.043087091341604, 33.884552924132095 ], [ -95.037586020394016, 33.866559050054796 ], [ -95.01299588617141, 33.870053387926795 ], [ -94.989504101193205, 33.856290090729892 ], [ -94.968926811473509, 33.866322823634988 ], [ -94.960129656712795, 33.848184053659409 ], [ -94.940109208613208, 33.840932420611296 ], [ -94.940620255462207, 33.815915628320091 ], [ -94.9184558971901, 33.816304832068298 ], [ -94.908766055221605, 33.803586681367001 ], [ -94.914099125669296, 33.789704960136 ], [ -94.881855721681205, 33.775071924920994 ], [ -94.858096524250897, 33.749429598853595 ], [ -94.8193755431721, 33.749513676809606 ], [ -94.8034369943596, 33.7396910092844 ], [ -94.783721827463296, 33.753370487545496 ], [ -94.7643880419064, 33.752950926630099 ], [ -94.782241578840797, 33.742376582492703 ], [ -94.783370803292016, 33.733774573548693 ], [ -94.749983048073105, 33.736815004427093 ], [ -94.762930742472605, 33.716906297640193 ], [ -94.742322991977602, 33.719157183153591 ], [ -94.754690636548105, 33.707880842477799 ], [ -94.741865251485507, 33.701377104347102 ], [ -94.691197326440104, 33.690399724782907 ], [ -94.668667231649593, 33.696648638843691 ], [ -94.655689335494998, 33.692403194203997 ], [ -94.644534889724099, 33.677762802815508 ], [ -94.668163592778299, 33.671571080414196 ], [ -94.669636122599698, 33.666173306721298 ], [ -94.6587486748477, 33.663850413593003 ], [ -94.638972845421819, 33.670217544471804 ], [ -94.631946093709004, 33.684011509660102 ], [ -94.601153047412495, 33.665720850240803 ], [ -94.585314169571504, 33.679095461729901 ], [ -94.578714542164207, 33.670585042327595 ], [ -94.560930008209795, 33.672027422197594 ], [ -94.565416134416907, 33.663127695438902 ], [ -94.5853674241243, 33.662246042491802 ], [ -94.588594712172821, 33.655562699756302 ], [ -94.576669629511699, 33.6522709156785 ], [ -94.545624970995206, 33.661735772703295 ], [ -94.542138144709597, 33.64836157564671 ], [ -94.562402227207016, 33.642944323634893 ], [ -94.562356380631797, 33.635650677510903 ], [ -94.550400837195397, 33.632809018731699 ], [ -94.518196441648399, 33.643124549888093 ], [ -94.525261217526321, 33.621136636174484 ], [ -94.510765100387303, 33.630925372053909 ], [ -94.500816031005897, 33.623162743960798 ], [ -94.476691252470104, 33.632081845430193 ], [ -94.436116981880005, 33.636560926287807 ], [ -94.436536387383697, 33.616961126988002 ], [ -94.451757294837705, 33.604464024122997 ], [ -94.443532471104902, 33.596621203376792 ], [ -94.428669995798913, 33.597258548474102 ], [ -94.406772687350596, 33.573604202419794 ], [ -94.393619227306303, 33.575076887652898 ], [ -94.379313904444601, 33.593444735090898 ], [ -94.370829749690017, 33.590160462598902 ], [ -94.3725080451553, 33.572780829017091 ], [ -94.395465471467503, 33.560420903248499 ], [ -94.370958948964002, 33.54780247532311 ], [ -94.328950587150899, 33.573254680565803 ], [ -94.302582434687295, 33.557054314137794 ], [ -94.299019663678706, 33.579972783811698 ], [ -94.279182757290897, 33.589452560399891 ], [ -94.272277900482607, 33.584726322470303 ], [ -94.274742011422603, 33.561857481065992 ], [ -94.237433415674403, 33.592543033980498 ], [ -94.223234498309296, 33.585840834574689 ], [ -94.235563807891296, 33.561655911548606 ], [ -94.211080130969307, 33.558108474536198 ], [ -94.205541294876895, 33.585200070410785 ], [ -94.159709950365297, 33.593893979720796 ], [ -94.155360742235203, 33.567206817982097 ], [ -94.098893613994605, 33.573119938259204 ], [ -94.086846429212798, 33.584075663735 ], [ -94.061622679784094, 33.57733538836009 ], [ -94.0361164947318, 33.556034707033589 ], [ -94.036691571373296, 33.270452921115194 ], [ -94.041785410767105, 32.882485320834697 ], [ -94.035418487104906, 32.3893811635023 ], [ -94.035255615204605, 31.994679245311403 ], [ -94.010077919566399, 31.989300639113107 ], [ -94.004584722832902, 31.978108635413601 ], [ -93.977400760356602, 31.946327116240898 ], [ -93.970175702780693, 31.923332650040997 ], [ -93.935918934799503, 31.909624627754305 ], [ -93.918111503460395, 31.9098704897254 ], [ -93.923650702181206, 31.8927621020941 ], [ -93.899449616294007, 31.894623369426991 ], [ -93.892712811790602, 31.870234752917906 ], [ -93.881451546089821, 31.871588806900601 ], [ -93.877591109071602, 31.850282375325694 ], [ -93.865010083662497, 31.817442447823403 ], [ -93.834514599768312, 31.802187660527096 ], [ -93.822253930539802, 31.774808293213407 ], [ -93.831348544094794, 31.753452388780897 ], [ -93.810176284981793, 31.730524697987804 ], [ -93.815135485676706, 31.712523778561309 ], [ -93.808955470988408, 31.707738328614504 ], [ -93.792452620774, 31.711568045837801 ], [ -93.8120300407287, 31.674740346987797 ], [ -93.806612944129498, 31.653941335979091 ], [ -93.814913919799807, 31.6481413557241 ], [ -93.819773863955504, 31.618267520303501 ], [ -93.835765563712798, 31.6153647327579 ], [ -93.832805170075005, 31.590360114415894 ], [ -93.816508240917599, 31.577287468672694 ], [ -93.810701992373893, 31.5592407026712 ], [ -93.7803130175853, 31.533913655987806 ], [ -93.763489655779111, 31.530901924547099 ], [ -93.747726878072399, 31.537895884303001 ], [ -93.731841894635906, 31.522055659557196 ], [ -93.705977432847803, 31.520746934108995 ], [ -93.719176532250998, 31.495582344893204 ], [ -93.750618216925105, 31.490736336024302 ], [ -93.7514269297845, 31.485680106363404 ], [ -93.726966098444905, 31.459654844836493 ], [ -93.698599087119206, 31.461638058878101 ], [ -93.702108603574203, 31.446431345730492 ], [ -93.687184947698114, 31.438311839609796 ], [ -93.696309918420297, 31.427917203685102 ], [ -93.694623645132907, 31.416103447904305 ], [ -93.687672941749398, 31.406311344762386 ], [ -93.664196438962904, 31.398510278072102 ], [ -93.661251172104798, 31.372576865106996 ], [ -93.635035737949394, 31.374008935973109 ], [ -93.677219611848201, 31.32857021427629 ], [ -93.681766711409907, 31.312863747560296 ], [ -93.656306321128696, 31.286855736778399 ], [ -93.645769793940701, 31.290447051812201 ], [ -93.631006264350404, 31.274088113219403 ], [ -93.616632042115896, 31.275989528682899 ], [ -93.612054170955403, 31.270218040649496 ], [ -93.611176506919193, 31.242373576669809 ], [ -93.59072131932021, 31.229873054738107 ], [ -93.603096320064296, 31.199253707385992 ], [ -93.594116089828105, 31.180386779832201 ], [ -93.577117164132218, 31.1723282988699 ], [ -93.550764552880594, 31.191116639695895 ], [ -93.529096270090207, 31.185960998083399 ], [ -93.527104871010707, 31.178263176843689 ], [ -93.537191272900301, 31.176527689718501 ], [ -93.528500989873507, 31.163130802492603 ], [ -93.544363024119406, 31.159354598842086 ], [ -93.537679215147605, 31.1326296201545 ], [ -93.528264193608905, 31.1261142261149 ], [ -93.535260484546299, 31.116261305030598 ], [ -93.556852356379096, 31.109532685564695 ], [ -93.560155899973097, 31.100726775921498 ], [ -93.543294358589705, 31.094941767033795 ], [ -93.544278479927399, 31.082563502635196 ], [ -93.517170306760306, 31.074861537072298 ], [ -93.525913740731895, 31.057171597294403 ], [ -93.507388875250498, 31.039099809941796 ], [ -93.547291661880607, 31.014334319045808 ], [ -93.565114479020394, 31.018255936635093 ], [ -93.568067102051302, 31.013117752983792 ], [ -93.571019673278997, 30.997464748036414 ], [ -93.561124065666604, 30.991883847064098 ], [ -93.572629587412806, 30.976371956320101 ], [ -93.548848114245502, 30.970384600854505 ], [ -93.537510541195104, 30.957079147758105 ], [ -93.532360494418796, 30.9609260639224 ], [ -93.525791535002199, 30.93601479645951 ], [ -93.530155714500694, 30.92716687374029 ], [ -93.549794315026205, 30.925080569660199 ], [ -93.546689180902504, 30.9055307612585 ], [ -93.564649278745705, 30.902128375556511 ], [ -93.568670101070794, 30.886431337175605 ], [ -93.552976119127905, 30.860480466249296 ], [ -93.566617884048597, 30.845346226952795 ], [ -93.555814410644899, 30.842540468373002 ], [ -93.550855209949106, 30.828542757897697 ], [ -93.582045075188006, 30.8022395676992 ], [ -93.585348774195012, 30.7723846925571 ], [ -93.618628932424301, 30.745989809208801 ], [ -93.607825148196298, 30.732210970799994 ], [ -93.617964908246904, 30.732748955749592 ], [ -93.612585576791702, 30.710530151432195 ], [ -93.617780796690596, 30.687003036098893 ], [ -93.660162821040302, 30.673060807749792 ], [ -93.678145039209198, 30.639894152170697 ], [ -93.693053257481495, 30.640243415004612 ], [ -93.6847595343758, 30.623626440491407 ], [ -93.692869612161616, 30.615997207799897 ], [ -93.671758222795205, 30.598033483673504 ], [ -93.69359409165321, 30.599037031525384 ], [ -93.717985609188503, 30.587581863305605 ], [ -93.718053886912799, 30.568355830150288 ], [ -93.735479367068805, 30.545719692491296 ], [ -93.705631951708497, 30.523059932190204 ], [ -93.714809969767302, 30.505316064407193 ], [ -93.707447217054806, 30.4964430167289 ], [ -93.715023195193893, 30.488831034782496 ], [ -93.698146008990307, 30.470249651094001 ], [ -93.703593307344605, 30.462715841443099 ], [ -93.696741342460797, 30.442835730485992 ], [ -93.721705087415899, 30.433183187426295 ], [ -93.742731569961094, 30.409027222858303 ], [ -93.755113719663498, 30.381993025859401 ], [ -93.748002475561904, 30.367615539970902 ], [ -93.759507686483801, 30.3543502350051 ], [ -93.759347093961594, 30.341077159433393 ], [ -93.7299414116451, 30.305121996019604 ], [ -93.699376872966795, 30.297593522184801 ], [ -93.707523990640809, 30.239578800070891 ], [ -93.715008690061907, 30.2205134112419 ], [ -93.704525676446906, 30.181068468711597 ], [ -93.696331417096701, 30.175884386681499 ], [ -93.699825858577, 30.151016997239903 ], [ -93.683307674366901, 30.148440160710301 ], [ -93.686123016694296, 30.141461379537997 ], [ -93.698803505858805, 30.141434700457708 ], [ -93.697086927208105, 30.118138890160388 ], [ -93.708546654183294, 30.114949885296905 ], [ -93.716023738411394, 30.095878798023602 ], [ -93.712643887466001, 30.060731000564399 ], [ -93.760367529930093, 30.006176425656399 ], [ -93.857446952925002, 29.990866881490501 ], [ -93.856500234104701, 29.964814992687295 ], [ -93.951936640184101, 29.818579079301699 ], [ -93.835125110373497, 29.674791942860097 ], [ -94.065581544477595, 29.674296903459293 ], [ -94.682712135605399, 29.433138324652699 ], [ -94.766743675187897, 29.364227658924484 ], [ -94.785444104559019, 29.383495031703298 ], [ -94.682109758234517, 29.475342868363605 ], [ -94.572885292626907, 29.533282940856694 ], [ -94.501472543597501, 29.517754161995899 ], [ -94.469985374977512, 29.55700960534989 ], [ -94.511001896651919, 29.545377319119201 ], [ -94.533890630807406, 29.554213637733596 ], [ -94.564630215335001, 29.579227528998604 ], [ -94.788283691176318, 29.538786602006201 ], [ -94.706617005993706, 29.658741808146512 ], [ -94.7004757407271, 29.754790900600899 ], [ -94.7359230691427, 29.793207636556399 ], [ -94.829614818782204, 29.760081077303798 ], [ -94.887363164525496, 29.668765889776903 ], [ -94.932790126704901, 29.682436095114998 ], [ -95.088472506681697, 29.804205426912091 ], [ -95.040604641772106, 29.711806136251997 ], [ -94.989539483352004, 29.679928624194201 ], [ -95.014327768025595, 29.559494541513406 ], [ -94.9113576040982, 29.500563923982401 ], [ -94.983014919997203, 29.460758580749793 ], [ -94.943958714979402, 29.464912798476004 ], [ -94.952709401516501, 29.424466794687696 ], [ -94.913645529499902, 29.420345317114396 ], [ -94.917193691768603, 29.448054365335103 ], [ -94.891336171721704, 29.399557858406602 ], [ -94.815550591920015, 29.371166240162299 ], [ -94.891671810093101, 29.394064868889199 ], [ -94.898987628346504, 29.309011235608708 ], [ -94.951334781330004, 29.326157595600893 ], [ -95.066572349010997, 29.196116816435303 ], [ -95.160730127789918, 29.200271448593899 ], [ -95.164988057203004, 29.117790196695498 ], [ -95.197551610154704, 29.105465342261592 ], [ -95.248618115479914, 28.9786376568379 ], [ -95.526807309558393, 28.803496695373202 ], [ -95.6832643153368, 28.727214107617403 ], [ -95.671552509905396, 28.752941133289401 ], [ -95.786592652392002, 28.739132559362005 ], [ -95.937549364283598, 28.690720596625795 ], [ -95.956387436987299, 28.622942159983598 ], [ -95.702384512839799, 28.719247786041297 ], [ -96.206828159971494, 28.488663499567991 ], [ -95.991887916347608, 28.596694866343594 ], [ -95.983990442339802, 28.653401743678 ], [ -96.237833706437797, 28.571595757433691 ], [ -96.239275412855605, 28.597389662120499 ], [ -96.157715547601995, 28.611502688387596 ], [ -96.240701733472704, 28.6351307179897 ], [ -96.151304797722403, 28.762937965995107 ], [ -96.212418437475193, 28.686989048057296 ], [ -96.286219508133598, 28.661994997739292 ], [ -96.270624161082296, 28.709249347410299 ], [ -96.326404782192299, 28.634360961767801 ], [ -96.364407811088313, 28.618254360651203 ], [ -96.392026461260798, 28.670523496751393 ], [ -96.392979759194006, 28.726298004983992 ], [ -96.427335887322499, 28.712283717216096 ], [ -96.449926800055593, 28.755304537176389 ], [ -96.432508883288406, 28.697519514173297 ], [ -96.403645951893395, 28.719763754274101 ], [ -96.419035429691803, 28.638937330611395 ], [ -96.375646283011605, 28.610362118851395 ], [ -96.491455922700311, 28.557220499118998 ], [ -96.437407784081202, 28.597265384229896 ], [ -96.454634958375095, 28.656206155352798 ], [ -96.483520942567907, 28.5983300090443 ], [ -96.512147077698302, 28.608455885612397 ], [ -96.511986588784097, 28.649815298223992 ], [ -96.570650674532899, 28.636540668531001 ], [ -96.572465421837805, 28.808442012585701 ], [ -96.576738788854698, 28.690961226388993 ], [ -96.591753619840603, 28.717630878362503 ], [ -96.646770701213001, 28.714413381277303 ], [ -96.660267725646804, 28.679347900436696 ], [ -96.606960073967699, 28.623908719751398 ], [ -96.610599825778607, 28.559217337623004 ], [ -96.566958393425793, 28.574374577912998 ], [ -96.486832723005193, 28.506500148385705 ], [ -96.563449550422504, 28.469906707402004 ], [ -96.5187554081852, 28.461106548007201 ], [ -96.476754143524616, 28.4997330385184 ], [ -96.390975564515998, 28.434339141811297 ], [ -96.661567955232599, 28.306547072389499 ], [ -96.702622449268006, 28.340479650691595 ], [ -96.704071563663405, 28.396166765509797 ], [ -96.741029290652506, 28.403738702933602 ], [ -96.787355519152598, 28.477785376543402 ], [ -96.824138096684294, 28.449919931927695 ], [ -96.788599437747706, 28.446534434342592 ], [ -96.759363102836303, 28.411192371735599 ], [ -96.775621956024594, 28.391911581710602 ], [ -96.853756538189998, 28.405277800945296 ], [ -96.7884933948785, 28.352753011910401 ], [ -96.786532922810693, 28.313142400061999 ], [ -96.793598268532307, 28.271656896418392 ], [ -96.778194337406802, 28.229635790811201 ], [ -96.951171340536106, 28.114646157262793 ], [ -96.912985961420517, 28.257082606984092 ], [ -96.975571198521806, 28.211037052769395 ], [ -96.941337224318005, 28.187059138684997 ], [ -96.975372271010201, 28.115336549696295 ], [ -97.033883068606301, 28.137687713334504 ], [ -97.023835416137402, 28.200083658475499 ], [ -97.132104718866103, 28.130716961788199 ], [ -97.135683082889898, 28.1620990718169 ], [ -97.168260881953302, 28.159749447804298 ], [ -97.157327639430093, 28.116671954224795 ], [ -97.260554026136617, 28.065017576660594 ], [ -97.241503194242895, 28.048947031155301 ], [ -97.270563758048397, 28.026227540796796 ], [ -97.236482968389197, 28.040814470416699 ], [ -97.123345691878598, 28.054559998828001 ], [ -97.026673034201906, 28.108041297646995 ], [ -97.024070865496796, 28.020532515525598 ], [ -97.114891324447498, 27.915686889959201 ], [ -97.195732615868906, 27.812525413714603 ], [ -97.247292761885603, 27.8226244039862 ], [ -97.213608635756501, 27.831414876025701 ], [ -97.283754309784996, 27.871447846207502 ], [ -97.361315524842396, 27.840257773752995 ], [ -97.3458888517427, 27.873480377694698 ], [ -97.479626004534197, 27.853264110325604 ], [ -97.496952642583494, 27.875769598197301 ], [ -97.5219696938955, 27.863927246586702 ], [ -97.499805957272002, 27.843544532839001 ], [ -97.480083589614196, 27.820585137973797 ], [ -97.388812124697395, 27.831730155409595 ], [ -97.3968304057247, 27.771146056547796 ], [ -97.318063348041306, 27.712534759115695 ], [ -97.349779179692504, 27.715637510253597 ], [ -97.320283410151205, 27.690944441404792 ], [ -97.353631846104719, 27.641112737163898 ], [ -97.399485259138004, 27.633498268623605 ], [ -97.347772291205104, 27.631751954454302 ], [ -97.309480143963697, 27.708172910799401 ], [ -97.250061428773108, 27.689142904129394 ], [ -97.331727129678896, 27.562636507358299 ], [ -97.412528376578194, 27.321344999386501 ], [ -97.500703151430798, 27.319987940769501 ], [ -97.507808489871195, 27.439531719228604 ], [ -97.528650550036602, 27.344420383496001 ], [ -97.600382722772906, 27.300455124092704 ], [ -97.750349459470499, 27.419982946907599 ], [ -97.680279160319699, 27.294693064394497 ], [ -97.785017758740494, 27.288040286042303 ], [ -97.548424566320904, 27.230530031664397 ], [ -97.427481249932598, 27.265455123558098 ], [ -97.503767308558807, 27.081868601348393 ], [ -97.479260268015807, 26.996838020865496 ], [ -97.568831783379807, 26.978188618473204 ], [ -97.558317324711695, 26.846386864595104 ], [ -97.495837664243098, 26.794117314062504 ], [ -97.451957985113296, 26.601326871774695 ], [ -97.426115799061193, 26.518569763366401 ], [ -97.474968251544993, 26.477150827913505 ], [ -97.421446856399001, 26.385407635412797 ], [ -97.368954911125499, 26.359409363790402 ], [ -97.353619723959795, 26.1828026588339 ], [ -97.253373261014502, 26.068671988063397 ], [ -97.27657530600051, 26.002633286477501 ], [ -97.2133479060263, 26.009425262283695 ], [ -97.172474777932806, 25.954927360994798 ], [ -97.307398813071401, 25.965482382225499 ], [ -97.304689824437403, 25.9390222257875 ], [ -97.381246041129302, 25.917379430584596 ], [ -97.385898872735012, 25.845721648449302 ], [ -97.434606947361203, 25.845557429644298 ], [ -97.590353098110199, 25.933589069935703 ], [ -97.575201038224094, 25.954529402363903 ], [ -97.613189147557506, 25.962358909471902 ], [ -97.648240330482395, 26.023801038638798 ], [ -97.867707884526197, 26.060496067343799 ], [ -98.040352564742093, 26.0597505036082 ], [ -98.076631555206504, 26.0349824743144 ], [ -98.083498232437606, 26.066113334751698 ], [ -98.200979588478702, 26.055732167877405 ], [ -98.292237687954398, 26.098459155325997 ], [ -98.271645634083498, 26.121249410002399 ], [ -98.292566021956304, 26.133162266910698 ], [ -98.328226523993393, 26.112000783038095 ], [ -98.347484054004696, 26.159032634359797 ], [ -98.384815650746603, 26.156383272174992 ], [ -98.453688913958302, 26.221261615081598 ], [ -98.4888153681527, 26.201894882155305 ], [ -98.600268339928704, 26.260802913125296 ], [ -98.678219069558907, 26.242404708520201 ], [ -98.820136442805307, 26.375413755537203 ], [ -98.909203179607999, 26.360671517407098 ], [ -98.939576664988806, 26.395650899934196 ], [ -99.107036486115007, 26.419869132957498 ], [ -99.101780759097807, 26.488676708647198 ], [ -99.168989247698306, 26.546061545445603 ], [ -99.166128473228994, 26.580220714616299 ], [ -99.285836988533404, 26.857678746482701 ], [ -99.390835021584095, 26.946943737344998 ], [ -99.393032600740796, 26.995861566526198 ], [ -99.455381404205795, 27.028958183043901 ], [ -99.437475027150896, 27.199502468481597 ], [ -99.465590167236499, 27.270186541891697 ], [ -99.543907876682198, 27.318953880338398 ], [ -99.490813191409401, 27.491051458094297 ], [ -99.5270614102743, 27.504579772168295 ], [ -99.549507012675917, 27.6129196319988 ], [ -99.714817950442196, 27.661849117088902 ], [ -99.816055424661599, 27.780394838924192 ], [ -99.875063022995803, 27.797972053112296 ], [ -99.942189143173394, 27.987161907443298 ], [ -99.993643505341097, 28.003739614494595 ], [ -100.097262514861995, 28.154555471202503 ], [ -100.214416158549994, 28.202206328991295 ], [ -100.223808593528005, 28.241727216243401 ], [ -100.298266435797998, 28.280622103482902 ], [ -100.293238853771001, 28.3206276175239 ], [ -100.351918843359996, 28.394447078616704 ], [ -100.377120213443007, 28.478913305894096 ], [ -100.346151758668995, 28.501072431958001 ], [ -100.419884499800006, 28.5444513214388 ], [ -100.403526649092001, 28.589991786269103 ], [ -100.498264063269005, 28.661243683755501 ], [ -100.590148888013005, 28.894469458199488 ], [ -100.647584959005997, 28.922595632545587 ], [ -100.669132279365002, 29.080312719778998 ], [ -100.768974515389999, 29.166807437828403 ], [ -100.797357378751997, 29.242736307602897 ], [ -101.009431408482996, 29.373482502373491 ], [ -101.067737683730996, 29.473776314211101 ], [ -101.261811571096004, 29.526692016527505 ], [ -101.254968879133997, 29.628964172827093 ], [ -101.309313751291, 29.581124800138792 ], [ -101.306247314784997, 29.652643954664601 ], [ -101.36878670531101, 29.657372834600402 ], [ -101.416487243174004, 29.745640856723707 ], [ -101.401663361876999, 29.770111530831286 ], [ -101.448813740841004, 29.760791725116796 ], [ -101.470855789775996, 29.788895209293688 ], [ -101.538735814139997, 29.763222163430907 ], [ -101.544344171253002, 29.810322551496693 ], [ -101.581881274617999, 29.765353951457701 ], [ -101.640064515272996, 29.757163370194895 ], [ -101.75949121660301, 29.787367767190997 ], [ -101.805604737717999, 29.780199642254505 ], [ -101.819498684701998, 29.814324827975298 ], [ -101.924627315736004, 29.788701151362002 ], [ -101.973724335089003, 29.818971391292401 ], [ -102.064402747363999, 29.784768862140698 ], [ -102.324750889282001, 29.880309238927904 ], [ -102.367980375913007, 29.845483299965711 ], [ -102.385215372616003, 29.768141785839799 ], [ -102.503521138140997, 29.7856497380272 ], [ -102.552373694233012, 29.749694833633701 ], [ -102.576926011506004, 29.778441723980304 ], [ -102.638039444043002, 29.732532621605394 ], [ -102.676790471464997, 29.744418799433401 ], [ -102.805160363143003, 29.530343838679396 ], [ -102.822639874911999, 29.412045118504107 ], [ -102.883448647893005, 29.353572396877599 ], [ -102.908763883255006, 29.269406684832902 ], [ -102.866609485854994, 29.229241355330291 ], [ -102.988539669195006, 29.191067580319693 ], [ -103.153911476706995, 28.978891652043298 ], [ -103.267037200915993, 29.007662165031991 ], [ -103.280800498112995, 28.9865825833458 ], [ -103.335970608617998, 29.050544979031198 ], [ -103.375903493396009, 29.0323145677099 ], [ -103.474531494540997, 29.072338213164599 ], [ -103.526696556326016, 29.146848532927297 ], [ -103.720779198574007, 29.190832389980702 ], [ -103.740319526836004, 29.230548060420997 ], [ -103.782625399248019, 29.229994741475895 ], [ -103.768229004885001, 29.281438224795597 ], [ -103.787463067665996, 29.267457713261411 ], [ -104.046105147153995, 29.328313472506 ], [ -104.164858914012001, 29.400905488688405 ], [ -104.205212136765994, 29.484228659835594 ], [ -104.378073927711, 29.550794571130904 ], [ -104.535729730765993, 29.679642769504603 ], [ -104.578041198014006, 29.808107048142094 ], [ -104.674852017065021, 29.909448855697502 ], [ -104.696977263286996, 30.057462528304399 ], [ -104.675240754575995, 30.149120451356204 ], [ -104.703097392505001, 30.238641613193504 ], [ -104.814444580433005, 30.350618686436601 ], [ -104.806959932815005, 30.376596132835111 ], [ -104.853485606868006, 30.392411439837993 ], [ -104.891169160253, 30.570700429171094 ], [ -104.987425727884997, 30.641467026415992 ], [ -104.998039028660997, 30.684474843562398 ], [ -105.061059937734001, 30.688010831882099 ], [ -105.214844062292997, 30.8122235530032 ], [ -105.258691519310005, 30.797790895812795 ], [ -105.288103884348004, 30.832086154195004 ], [ -105.314288598708004, 30.816644665140704 ], [ -105.39082139997501, 30.853217280900395 ], [ -105.409575291113995, 30.902645120849801 ], [ -105.554896863203012, 30.998418615814511 ], [ -105.603733774475003, 31.086558630156393 ], [ -105.770249881414998, 31.1709088681894 ], [ -105.998886802241998, 31.393940073909093 ] ] ], [ [ [ -94.913628278754501, 29.2578100397814 ], [ -94.767575130020703, 29.342686762267192 ], [ -94.748600035631995, 29.3197268493617 ], [ -95.105621612288402, 29.097200681222404 ], [ -94.913628278754501, 29.2578100397814 ] ] ], [ [ [ -96.398132966017101, 28.346128725779799 ], [ -96.834889351616198, 28.066615679472996 ], [ -96.804104283141797, 28.172450036936198 ], [ -96.739169111203907, 28.183823251165805 ], [ -96.532391163836706, 28.318528517845998 ], [ -96.463305141434901, 28.326115633853494 ], [ -96.422806608350697, 28.391720735629296 ], [ -96.398132966017101, 28.346128725779799 ] ] ], [ [ [ -96.940230275603795, 28.046227008260797 ], [ -96.872686304043995, 28.131695332876998 ], [ -96.837689463555904, 28.1021327879293 ], [ -96.854070004432501, 28.049696324781696 ], [ -97.049872333573404, 27.841258109754499 ], [ -97.024695622211993, 27.914681684377996 ], [ -96.949652394295896, 27.984822799650701 ], [ -96.973265918767396, 28.0011489980905 ], [ -96.940230275603795, 28.046227008260797 ] ] ], [ [ [ -97.3593801777333, 27.284040496157598 ], [ -97.379643172345695, 27.210777203232105 ], [ -97.376355947023399, 27.284965405477596 ], [ -97.335769502484297, 27.441138266099397 ], [ -97.248939042455106, 27.581449144278899 ], [ -97.258949499622602, 27.6520617281145 ], [ -97.203848806531099, 27.612379108651293 ], [ -97.17044768586932, 27.707771066865497 ], [ -97.075560558020214, 27.811579316542399 ], [ -97.113303686050699, 27.819521186611901 ], [ -97.053831923523504, 27.8307777381447 ], [ -97.223982757281604, 27.574323498654696 ], [ -97.3593801777333, 27.284040496157598 ] ] ], [ [ [ -97.301387368727404, 26.601365310371893 ], [ -97.358282294725299, 26.706985043699696 ], [ -97.381591884896807, 26.820711073118197 ], [ -97.395570376073096, 26.922320241321103 ], [ -97.401172620310504, 27.1115540772816 ], [ -97.389050319670304, 27.2019749716757 ], [ -97.378796228105003, 27.2047730114537 ], [ -97.387187446412298, 27.097571804409998 ], [ -97.381593231802114, 26.9493542311039 ], [ -97.3582832271981, 26.802999997292197 ], [ -97.2960923742489, 26.601012473059399 ], [ -97.232361283599502, 26.4184902648399 ], [ -97.195242705067898, 26.259593081588292 ], [ -97.1720483788839, 26.078076648794493 ], [ -97.179586488269905, 26.072276564931297 ], [ -97.226562598445597, 26.348900551762895 ], [ -97.251504015859695, 26.419651866816203 ], [ -97.267503434418899, 26.479251119084196 ], [ -97.2788032423244, 26.540307308157399 ], [ -97.301387368727404, 26.601365310371893 ] ] ] ] } },
{ "type": "Feature", "properties": { "FID": 45, "Program": " ", "State_Code": "UT", "State_Name": "UTAH", "Flowing_St": "N", "FID_1": 963 }, "geometry": { "type": "Polygon", "coordinates": [ [ [ -114.047273022173997, 38.137652439538194 ], [ -114.039844685546996, 39.908778878810104 ], [ -114.039072649947997, 41.995390882155696 ], [ -112.147116500546005, 41.9990540493922 ], [ -112.100514467338996, 42.002300608543599 ], [ -111.048697424615, 41.99620332490619 ], [ -111.051068754520003, 41.578592417180694 ], [ -111.051022493513997, 40.996583617884291 ], [ -110.002165481798997, 40.99759949509761 ], [ -109.048314695420999, 40.998433384720315 ], [ -109.046155710274007, 40.665290931845803 ], [ -109.05126317413, 40.210511351082701 ], [ -109.053528668382, 39.518170153187199 ], [ -109.051416824911001, 39.360966081356395 ], [ -109.055861145256998, 38.244920162968498 ], [ -109.043464024187998, 38.15293369869859 ], [ -109.048480105718994, 36.996640911250005 ], [ -109.997076719201019, 36.992067547040698 ], [ -110.452235816357998, 36.991746310192099 ], [ -110.484088980516006, 37.003926009707506 ], [ -110.740062944757, 37.002488033181002 ], [ -112.237257860342993, 36.995492156675603 ], [ -112.542521554963997, 36.997994498996405 ], [ -112.899983465955017, 36.996226893366895 ], [ -114.043939380431993, 36.996537924819599 ], [ -114.047260589204001, 37.59847848370039 ], [ -114.047273022173997, 38.137652439538194 ] ] ] } },
{ "type": "Feature", "properties": { "FID": 46, "Program": " ", "State_Code": "VT", "State_Name": "VERMONT", "Flowing_St": "P", "FID_1": 964 }, "geometry": { "type": "Polygon", "coordinates": [ [ [ -73.258059805638794, 42.746058662482703 ], [ -73.269275328372217, 42.747481408621702 ], [ -73.296169758072907, 42.803549386737799 ], [ -73.279583192530808, 42.837103329315603 ], [ -73.2760052947433, 42.940294126646499 ], [ -73.250071467346004, 43.310854015555897 ], [ -73.238391365986914, 43.512832836710103 ], [ -73.259983807663403, 43.559382340620509 ], [ -73.291402491343902, 43.575033584230511 ], [ -73.281736272017795, 43.593187273769395 ], [ -73.294104279216498, 43.619652869631601 ], [ -73.303534531143015, 43.624714797736793 ], [ -73.363685548235196, 43.614998846532892 ], [ -73.388114209266803, 43.569143672163001 ], [ -73.418319849559794, 43.582479378818398 ], [ -73.422959833763898, 43.632114745749803 ], [ -73.370989399755018, 43.714281132696492 ], [ -73.356669675370497, 43.756558357474695 ], [ -73.358997179058306, 43.778427588134008 ], [ -73.384739901354195, 43.804507969158905 ], [ -73.375120771899901, 43.885976970126698 ], [ -73.405334545427195, 43.914807575801106 ], [ -73.417406129912294, 43.98819695975849 ], [ -73.408251320063513, 44.018221907562101 ], [ -73.436000723630897, 44.045679188151091 ], [ -73.435215270784994, 44.063897788151394 ], [ -73.408756823880296, 44.1066103740771 ], [ -73.407864810125304, 44.136227054245886 ], [ -73.382062357771915, 44.17210761984289 ], [ -73.377332648971603, 44.201247495632806 ], [ -73.305325655806499, 44.260142264768611 ], [ -73.329788093071812, 44.367390458075995 ], [ -73.299995175560795, 44.40553315066299 ], [ -73.293319758843396, 44.432853564979801 ], [ -73.334452476978399, 44.544328242648504 ], [ -73.347811961687896, 44.553971564589197 ], [ -73.371296027864403, 44.579166977208402 ], [ -73.38182509527131, 44.619807712380904 ], [ -73.370136705265907, 44.634349054446098 ], [ -73.373097150707508, 44.661276379711701 ], [ -73.358150960074198, 44.680368551228995 ], [ -73.373158590298303, 44.724236419038107 ], [ -73.326786308006803, 44.799293582241106 ], [ -73.369054104449816, 44.819117900247697 ], [ -73.382306769229999, 44.8479336381628 ], [ -73.336414658579997, 44.932603921551497 ], [ -73.350758368234708, 44.981972963916199 ], [ -73.344723508464909, 45.006138771251592 ], [ -73.188545778263403, 45.008486167690492 ], [ -72.547231196582302, 45.005370102914497 ], [ -71.901868750867806, 45.007339847905904 ], [ -71.505372288947001, 45.013351706682194 ], [ -71.540927110743993, 44.976563223490196 ], [ -71.51697758527321, 44.943696150671094 ], [ -71.506364957950595, 44.899671161210492 ], [ -71.575100888653793, 44.81601981147341 ], [ -71.5835012244723, 44.779196982203104 ], [ -71.631132862962403, 44.741710750403904 ], [ -71.607678739520608, 44.677862271801196 ], [ -71.588749336295194, 44.650599463576199 ], [ -71.568027150677096, 44.637446832396201 ], [ -71.55410263930942, 44.596588934690288 ], [ -71.536790817215319, 44.578931268828903 ], [ -71.592288432857302, 44.551203104917796 ], [ -71.591441385008409, 44.538874416984903 ], [ -71.575243556978293, 44.525805708348798 ], [ -71.586618998781603, 44.494537567206891 ], [ -71.614222781194101, 44.474507017319191 ], [ -71.636554725533614, 44.476730912927998 ], [ -71.647709171304598, 44.469174154087703 ], [ -71.656398988095503, 44.440137368336401 ], [ -71.676884377449312, 44.421342759221496 ], [ -71.766570276131901, 44.398248829266002 ], [ -71.79772921435881, 44.384172791082996 ], [ -71.821197324891102, 44.350360035524091 ], [ -71.834815985210014, 44.344199395546489 ], [ -71.928361751066802, 44.3361121633423 ], [ -71.938905634428906, 44.325786012357895 ], [ -71.994433503629921, 44.327548178563305 ], [ -72.035495353838996, 44.29943433357851 ], [ -72.059565997154095, 44.261494091177603 ], [ -72.044390366429994, 44.234379856937707 ], [ -72.059282266430003, 44.182176615575607 ], [ -72.044724554288393, 44.156435551009004 ], [ -72.034919862764895, 44.120745935101404 ], [ -72.049514822010906, 44.100452117085297 ], [ -72.032447359570796, 44.096099593496106 ], [ -72.034728343231095, 44.08337403481719 ], [ -72.076919055263517, 44.032040583277208 ], [ -72.085204386114413, 44.008923963152299 ], [ -72.109908748243896, 43.989229103440202 ], [ -72.112807857702819, 43.976514941649903 ], [ -72.09171175052802, 43.957991112249204 ], [ -72.113204054996316, 43.939165938751202 ], [ -72.121649615741219, 43.909217350101692 ], [ -72.170089500854715, 43.878917685476999 ], [ -72.184836349544199, 43.8016904510621 ], [ -72.206091805944311, 43.764635073458905 ], [ -72.219122904847794, 43.750692534285498 ], [ -72.260055607586594, 43.735300103656499 ], [ -72.3040399308763, 43.698530114506497 ], [ -72.333085212490104, 43.597364803313504 ], [ -72.373498372517503, 43.572374638298392 ], [ -72.394997774139199, 43.517553894235903 ], [ -72.382515694445601, 43.484629681561309 ], [ -72.396247805610813, 43.410156557098901 ], [ -72.412139575375903, 43.377125576299093 ], [ -72.397628072437399, 43.351006860285104 ], [ -72.410231580799405, 43.32340416575731 ], [ -72.402418858200306, 43.3073827304815 ], [ -72.435598620201318, 43.23225355966369 ], [ -72.452398566581806, 43.15602215429891 ], [ -72.437604887040607, 43.116270013814699 ], [ -72.4434642347248, 43.079039331342003 ], [ -72.461752096725903, 43.046504477827895 ], [ -72.457159046981516, 42.999603690726104 ], [ -72.473341178387798, 42.976143558015799 ], [ -72.504263631174496, 42.965584651482089 ], [ -72.520217047746499, 42.951672521279903 ], [ -72.524810045686792, 42.912614192295997 ], [ -72.553428462015702, 42.860643188442701 ], [ -72.538916959077298, 42.807733806218998 ], [ -72.513067986696612, 42.789259397871902 ], [ -72.507269508758611, 42.768732668894593 ], [ -72.479322524584902, 42.761587907579901 ], [ -72.462171295012993, 42.746840540849909 ], [ -72.455770025272216, 42.72585254870539 ], [ -72.922997443258808, 42.737364494152516 ], [ -73.258059805638794, 42.746058662482703 ] ] ] } },
{ "type": "Feature", "properties": { "FID": 47, "Program": " ", "State_Code": "VA", "State_Name": "VIRGINIA", "Flowing_St": "P", "FID_1": 965 }, "geometry": { "type": "MultiPolygon", "coordinates": [ [ [ [ -79.144062792142805, 36.546198364668399 ], [ -79.2168032787024, 36.549921313766404 ], [ -79.510047762721712, 36.547795638616293 ], [ -79.717201652003297, 36.548027876124998 ], [ -80.023822301632919, 36.545163009136303 ], [ -80.047863364841405, 36.547272469622008 ], [ -80.435091980499394, 36.5511811362014 ], [ -80.903240474307111, 36.565342081205003 ], [ -81.345121004663199, 36.572988305621394 ], [ -81.669835043929893, 36.589767789406302 ], [ -81.652272179460596, 36.607673803832689 ], [ -81.918294158797707, 36.613608785414506 ], [ -81.929303294237997, 36.595950653316791 ], [ -82.154181313963605, 36.595150332711597 ], [ -82.296858030819905, 36.591800942541894 ], [ -82.986697197218916, 36.591289688476792 ], [ -83.210926526762705, 36.588089649352803 ], [ -83.248388410663296, 36.589935427277901 ], [ -83.275031435360503, 36.600467447515094 ], [ -83.464209840998805, 36.5988401272243 ], [ -83.675176766602902, 36.598703882600603 ], [ -83.646802606319994, 36.616976980450495 ], [ -83.53089495338881, 36.661480950059705 ], [ -83.460221292590703, 36.661832544075402 ], [ -83.404150568860501, 36.672327369012301 ], [ -83.385854780841399, 36.688219656817793 ], [ -83.321383721292804, 36.709532926525796 ], [ -83.203656555084507, 36.734260652276994 ], [ -83.138513545340501, 36.740059285627098 ], [ -83.124390883521997, 36.751167625803006 ], [ -83.128220652549302, 36.779152685945803 ], [ -83.06795193667952, 36.8509961337584 ], [ -83.046634160020005, 36.858793574166 ], [ -82.950805700969596, 36.86407846685691 ], [ -82.878042886869096, 36.893694214553008 ], [ -82.860632067255693, 36.93216239191969 ], [ -82.866559848075994, 36.974585755893202 ], [ -82.812222694721498, 37.005600782498497 ], [ -82.723598157198808, 37.033992348938703 ], [ -82.720057661927697, 37.065929798270098 ], [ -82.709170110567896, 37.0754822559256 ], [ -82.721377266224295, 37.093117749658091 ], [ -82.719095816327595, 37.110017315206299 ], [ -82.568022700759798, 37.193919033866003 ], [ -82.405885019429419, 37.250704187103899 ], [ -82.35384231878551, 37.260519602063589 ], [ -81.959575243701721, 37.531172603505894 ], [ -81.935449998929101, 37.506644685934809 ], [ -81.947993362801398, 37.493026232832193 ], [ -81.976421865521701, 37.482905743884295 ], [ -81.988202518521305, 37.466586487185701 ], [ -81.920733455602601, 37.415516200166103 ], [ -81.926822657809794, 37.371727540733197 ], [ -81.897158110708503, 37.3405885988657 ], [ -81.863815684023606, 37.325456069102493 ], [ -81.858680815830894, 37.307031237221189 ], [ -81.8388888753489, 37.285505208323087 ], [ -81.8153810829223, 37.27953924792569 ], [ -81.792659157774011, 37.287153457445903 ], [ -81.751854100188297, 37.272257464926696 ], [ -81.738456384097702, 37.250491065285701 ], [ -81.701728356219604, 37.235434842872607 ], [ -81.665885762983606, 37.204910037892503 ], [ -81.556654303830499, 37.206352780390709 ], [ -81.505535890858098, 37.234372083003599 ], [ -81.495533100687695, 37.252850583869801 ], [ -81.475360348711902, 37.254422370230294 ], [ -81.403344186231806, 37.282624748318497 ], [ -81.390945977278093, 37.311154786956102 ], [ -81.358794784479997, 37.338952523692299 ], [ -81.311872809525994, 37.293707031062596 ], [ -81.222933458855593, 37.240214490766895 ], [ -81.140737595410499, 37.274925010329298 ], [ -81.024932359065403, 37.286061221078405 ], [ -80.985936712969107, 37.306241329227902 ], [ -80.978535625267199, 37.296475801558195 ], [ -80.967891915520994, 37.291791473096403 ], [ -80.934183545101604, 37.301370558028083 ], [ -80.8554293348203, 37.339411507481692 ], [ -80.848417813495118, 37.350943397483995 ], [ -80.877358450949203, 37.388697145342796 ], [ -80.850525253623303, 37.423460764045601 ], [ -80.799611362998604, 37.413062398230103 ], [ -80.799244642203504, 37.391753531865398 ], [ -80.7700223979909, 37.38619583910279 ], [ -80.76299497282551, 37.3714139708826 ], [ -80.747689780198911, 37.379081693975401 ], [ -80.746324225719405, 37.387737268296199 ], [ -80.729737090333003, 37.392719469984691 ], [ -80.705207100600305, 37.388378757716509 ], [ -80.597490909600594, 37.446054422392301 ], [ -80.542755383182907, 37.469210154566888 ], [ -80.508764784356515, 37.475047019298096 ], [ -80.487881591783818, 37.460597318578593 ], [ -80.486797229630398, 37.433860424962006 ], [ -80.474764705390996, 37.422820932354497 ], [ -80.42537789424081, 37.434906400322198 ], [ -80.388306146561121, 37.465725400442203 ], [ -80.352156873411502, 37.476101594128792 ], [ -80.347510879938909, 37.491177139448595 ], [ -80.287916082818199, 37.511151171129193 ], [ -80.280730448116401, 37.536259086725899 ], [ -80.308303769753707, 37.528370160384704 ], [ -80.325905798076704, 37.5334014723026 ], [ -80.316721615337499, 37.566718566812192 ], [ -80.2463930730501, 37.596896595552401 ], [ -80.218928021855106, 37.624266793551101 ], [ -80.254422284730097, 37.640703645419094 ], [ -80.300932676590705, 37.640546938199797 ], [ -80.304862686434305, 37.65224636246559 ], [ -80.295700675824008, 37.671502649179899 ], [ -80.303109741347996, 37.682671859102093 ], [ -80.250033135685001, 37.726051991879906 ], [ -80.254688868317004, 37.757232791411404 ], [ -80.220546172830893, 37.778858543085292 ], [ -80.223735695734888, 37.80236452237051 ], [ -80.171594567415994, 37.842968580283106 ], [ -80.172220412016401, 37.860184202276002 ], [ -80.160005382146096, 37.877228301094299 ], [ -80.118507341924996, 37.891278281845395 ], [ -80.106490721525716, 37.914658584530883 ], [ -80.0548072300912, 37.955647960888903 ], [ -80.000498983390699, 37.989870123771389 ], [ -79.966493672217197, 38.038621869202196 ], [ -79.957513701001503, 38.067365392286298 ], [ -79.92829218204551, 38.103311179168898 ], [ -79.935326911580418, 38.121308627725 ], [ -79.910339958415904, 38.162606341725599 ], [ -79.9161615409554, 38.179264863078402 ], [ -79.831151992912496, 38.250279239043991 ], [ -79.7936217794838, 38.268665994956294 ], [ -79.786511157031001, 38.285118439840197 ], [ -79.802777832629502, 38.29886992571609 ], [ -79.800328952077408, 38.314326696962091 ], [ -79.764004477666504, 38.353991288619497 ], [ -79.732829583795521, 38.351840125881999 ], [ -79.720035229352206, 38.394685796384998 ], [ -79.6840923952998, 38.430238131588091 ], [ -79.692653738072892, 38.500354329117897 ], [ -79.665614619690203, 38.520777916252698 ], [ -79.669430038998598, 38.550177019455901 ], [ -79.642406565435806, 38.592355246714789 ], [ -79.536513773016196, 38.553805581594084 ], [ -79.486347570092619, 38.462144912928103 ], [ -79.31699959533772, 38.412633254042902 ], [ -79.272358863064298, 38.437306689160792 ], [ -79.231662904785694, 38.480496183073505 ], [ -79.127427271783503, 38.658243871998494 ], [ -79.121064129815807, 38.663767374095102 ], [ -79.088546578850796, 38.659205251362394 ], [ -79.087234227119794, 38.707268676521203 ], [ -79.056555253318407, 38.762053675796587 ], [ -79.054800443286595, 38.790632876467598 ], [ -79.0337425156889, 38.799959675727393 ], [ -78.987453068056496, 38.846761361701695 ], [ -78.866560623234804, 38.763404155300599 ], [ -78.815860838705106, 38.8337457522059 ], [ -78.793055353641194, 38.880219259590497 ], [ -78.749252862529801, 38.911491493251503 ], [ -78.7377319549839, 38.929282865338699 ], [ -78.724143444616004, 38.930324230139398 ], [ -78.718985938058097, 38.904991381403505 ], [ -78.680227036421996, 38.921684145226308 ], [ -78.646969153929504, 38.950553085889901 ], [ -78.630847529641414, 38.979711870154205 ], [ -78.598696129627101, 38.967306719459209 ], [ -78.553207935072606, 39.013936260610492 ], [ -78.549202343135505, 39.023488044813497 ], [ -78.564179305368199, 39.035145559611408 ], [ -78.536651415873393, 39.057132851676599 ], [ -78.485250360061997, 39.111944840856509 ], [ -78.447979684870816, 39.119036244010701 ], [ -78.430568917061407, 39.148626193295101 ], [ -78.40236229104201, 39.170594576885897 ], [ -78.424068494389203, 39.197628670276693 ], [ -78.423068987252293, 39.212143229653499 ], [ -78.399127387799496, 39.244952696380707 ], [ -78.413547404804305, 39.257540818942992 ], [ -78.340846237510803, 39.341458130618499 ], [ -78.343928733269195, 39.350956453052795 ], [ -78.365474758526503, 39.36168677915289 ], [ -78.350231109098715, 39.380828475332002 ], [ -78.347546468363106, 39.45699818208589 ], [ -78.276881096211298, 39.423464650299501 ], [ -78.229508633330411, 39.391113286693006 ], [ -78.033328341918093, 39.26563929262371 ], [ -77.830680212574407, 39.132181363605 ], [ -77.820044687866513, 39.141725429006101 ], [ -77.805449262384201, 39.196605954930199 ], [ -77.76823225617791, 39.246550229348799 ], [ -77.759458257822899, 39.284643293665994 ], [ -77.727467502134886, 39.31779658380291 ], [ -77.679301919410406, 39.318781015964291 ], [ -77.61623578541122, 39.29981856176169 ], [ -77.568672942685396, 39.298495072162197 ], [ -77.541900770517913, 39.269042092758006 ], [ -77.493773470978496, 39.250014676289894 ], [ -77.464667267814306, 39.229160597587494 ], [ -77.461707133196896, 39.218735345475601 ], [ -77.478347626743997, 39.177037859702587 ], [ -77.516327861863303, 39.157548869243207 ], [ -77.512757838289701, 39.116759456477503 ], [ -77.478958966213398, 39.104064669397999 ], [ -77.45940454725222, 39.080944474794499 ], [ -77.432746758403695, 39.066884029627403 ], [ -77.346226552766893, 39.068620034792808 ], [ -77.324306554149004, 39.0626960356674 ], [ -77.255692725566718, 39.027681840825892 ], [ -77.243431849121507, 38.9759898017249 ], [ -77.151747713225902, 38.96488933576299 ], [ -77.122328302839193, 38.932171251361403 ], [ -77.078649053537703, 38.915711191283584 ], [ -77.067586197308415, 38.886212676128807 ], [ -77.038776831290207, 38.8625429442749 ], [ -77.040104309800697, 38.838526021748798 ], [ -77.044888050214198, 38.829477721004984 ], [ -77.034946647830594, 38.814028513148806 ], [ -77.045147433039602, 38.788233935009501 ], [ -77.046169578541594, 38.7188957823479 ], [ -77.0568204890494, 38.712136339478484 ], [ -77.081578727379807, 38.715393932890201 ], [ -77.092847660077993, 38.704098890956303 ], [ -77.124815621988603, 38.677915523500893 ], [ -77.129690692923603, 38.648241910692811 ], [ -77.196960828330901, 38.622817576023294 ], [ -77.194451129836494, 38.6608832878077 ], [ -77.227296548567111, 38.650839417034099 ], [ -77.303322861739701, 38.502033142623901 ], [ -77.338189622285, 38.4369487750524 ], [ -77.289185021337786, 38.362796421202098 ], [ -77.3215266457848, 38.344108942840897 ], [ -77.240401520030801, 38.331497456656805 ], [ -77.05423210021911, 38.375476392326391 ], [ -76.999054322716702, 38.280401941069897 ], [ -76.936155153136497, 38.202603100883891 ], [ -76.5952833821664, 38.120352843197402 ], [ -76.548711757931201, 38.074240876204101 ], [ -76.557721879097798, 38.025459343450585 ], [ -76.573369755445313, 38.003300269190696 ], [ -76.524220569424017, 38.012874484542792 ], [ -76.367414611636207, 37.957079928146889 ], [ -76.258866499567304, 37.890158226708799 ], [ -76.25158777300652, 37.850306777881102 ], [ -76.324206934505696, 37.798945300355697 ], [ -76.309610939178995, 37.719245821766904 ], [ -76.356670402053496, 37.700265443366703 ], [ -76.322725857018298, 37.677948418590596 ], [ -76.344538517666507, 37.623059500412097 ], [ -76.5067605359731, 37.656522941333094 ], [ -76.580135829231693, 37.770254202959499 ], [ -76.631452910695302, 37.796487043272492 ], [ -76.771532224818415, 37.916810679741097 ], [ -76.818188134225807, 37.919641563280095 ], [ -76.732034390363907, 37.798619711967902 ], [ -76.681411845656996, 37.774892943866604 ], [ -76.569171348873311, 37.642046820553603 ], [ -76.314309099319203, 37.551334891065899 ], [ -76.3483066398868, 37.525285178032298 ], [ -76.512527879683304, 37.552713033926999 ], [ -76.433850391184393, 37.515338439832703 ], [ -76.355333443403808, 37.515889790224392 ], [ -76.25425521480112, 37.390325760734591 ], [ -76.2748553501023, 37.330459873075505 ], [ -76.300636148367104, 37.334709876470697 ], [ -76.3386854382709, 37.393684423827303 ], [ -76.446538547346805, 37.458103938356707 ], [ -76.463606320611206, 37.4190313114578 ], [ -76.416752416165096, 37.412274614202502 ], [ -76.4034234440349, 37.373167019576989 ], [ -76.455221474200499, 37.377631180871205 ], [ -76.392406330772403, 37.293567470980307 ], [ -76.460806933928183, 37.255575372736004 ], [ -76.653166055783814, 37.412344653263801 ], [ -76.704361345950602, 37.418636150245 ], [ -76.669661342608293, 37.371791518721999 ], [ -76.594715040049707, 37.291442572890794 ], [ -76.424336890166515, 37.207441753103694 ], [ -76.412663471528504, 37.152537759949809 ], [ -76.3965418472404, 37.173174572510895 ], [ -76.363451706227607, 37.146571022491798 ], [ -76.336984193615905, 37.177152293874805 ], [ -76.2853385709343, 37.1222404783109 ], [ -76.395359264628212, 37.107853097850899 ], [ -76.278593944020201, 37.074489379705703 ], [ -76.293006553047306, 37.020635143606903 ], [ -76.384219893832707, 36.990561085573901 ], [ -76.4257863671899, 36.965407323402388 ], [ -76.530794294811997, 37.06778930426551 ], [ -76.514939875759296, 37.088514131889703 ], [ -76.564166249799413, 37.1179178456524 ], [ -76.568118483575901, 37.080320701404702 ], [ -76.6245929679894, 37.132421733397003 ], [ -76.609707439886193, 37.178723821215101 ], [ -76.647771597549408, 37.225984024742495 ], [ -76.696830074697601, 37.23266793732239 ], [ -76.745781939132812, 37.193537652527702 ], [ -76.795611053171697, 37.240534639730697 ], [ -76.856854410239293, 37.244048248705298 ], [ -76.875173561880203, 37.323091888154892 ], [ -76.878110747308, 37.259574022931794 ], [ -76.941177295739621, 37.236758850512487 ], [ -76.900548838124408, 37.201202163769999 ], [ -76.797075915994796, 37.207450041749993 ], [ -76.728890092386294, 37.150817036975901 ], [ -76.685645168151495, 37.198133655102204 ], [ -76.671217691365001, 37.147860114209003 ], [ -76.665320215907698, 37.054282592476 ], [ -76.577503044339593, 37.0246421860571 ], [ -76.613049577490301, 36.994991056202103 ], [ -76.554720974701397, 37.006343186187607 ], [ -76.489181664055593, 36.961871386886699 ], [ -76.516846264410518, 36.912334136806102 ], [ -76.481848957685898, 36.9192347456829 ], [ -76.486289133709803, 36.895717265900998 ], [ -76.560189616320315, 36.841949697960004 ], [ -76.561524295592207, 36.795765360723593 ], [ -76.506866112605394, 36.869621188252083 ], [ -76.410472834112994, 36.901561020569403 ], [ -76.347810201776994, 36.913489263277398 ], [ -76.341583926081412, 36.860335573203699 ], [ -76.3937555151754, 36.836074446435703 ], [ -76.400851062652706, 36.826286021380497 ], [ -76.317100093747896, 36.84599227798131 ], [ -76.292364545586594, 36.828490490474699 ], [ -76.307281363329494, 36.942148708405497 ], [ -76.283888783086795, 36.96288135843961 ], [ -76.201991569929007, 36.935217172517099 ], [ -76.191325170013513, 36.904589225694494 ], [ -76.118088141735996, 36.931764795916997 ], [ -75.995013969793717, 36.923281003790997 ], [ -75.877811060464396, 36.556028284759101 ], [ -75.901631024032696, 36.556352319025798 ], [ -75.892498800745003, 36.599175454771604 ], [ -75.950447990749112, 36.721716304128101 ], [ -75.998314715970196, 36.556805345350597 ], [ -76.026819215216307, 36.55687004859589 ], [ -76.061511965993105, 36.603744053009294 ], [ -76.045611182325203, 36.557106430427808 ], [ -76.563255690198204, 36.555404201496096 ], [ -76.923816363416108, 36.554297978037901 ], [ -77.1770420197563, 36.556437536670693 ], [ -77.319746348165594, 36.554068382535192 ], [ -78.051381687032702, 36.552621392105699 ], [ -78.4585295256975, 36.541623498141902 ], [ -78.737116004954999, 36.546214682940899 ], [ -78.796428418256681, 36.543673902022704 ], [ -79.144062792142805, 36.546198364668399 ] ] ], [ [ [ -75.2703576711191, 38.0277091928833 ], [ -75.242219271019593, 38.028647519449507 ], [ -75.298496589259003, 37.962998125219897 ], [ -75.338820542730303, 37.888906951940299 ], [ -75.385720708183698, 37.875777114537598 ], [ -75.344451175580602, 37.902036841147002 ], [ -75.378212748748595, 37.901098514580696 ], [ -75.346327880517194, 37.918920347443091 ], [ -75.2703576711191, 38.0277091928833 ] ] ], [ [ [ -75.867024734197699, 37.552314401843503 ], [ -75.940757475328496, 37.561686167009491 ], [ -75.929214136633504, 37.586015830521703 ], [ -75.886930747174503, 37.580477460665705 ], [ -75.905646303325199, 37.592306343226099 ], [ -75.79937456435708, 37.711921922083903 ], [ -75.782254002776597, 37.789961392033007 ], [ -75.695734833220399, 37.824643782001893 ], [ -75.686358094866705, 37.858250461091998 ], [ -75.733630627755488, 37.930694214113601 ], [ -75.658097955274599, 37.9413058571593 ], [ -75.647866605682196, 37.970254886867892 ], [ -75.626084043180896, 37.996541240753608 ], [ -75.372420590903317, 38.016833867276709 ], [ -75.617570152908002, 37.6972623632007 ], [ -75.589554321165807, 37.677323558266899 ], [ -75.699143642623298, 37.589645376936502 ], [ -75.649917579407486, 37.559887945192585 ], [ -75.727174186712702, 37.558316003419996 ], [ -75.756150776170315, 37.510675299223003 ], [ -75.704918031683007, 37.493609131883886 ], [ -75.812677738075621, 37.469179434771505 ], [ -75.820138555835001, 37.426341275854298 ], [ -75.790420598769117, 37.408245140603199 ], [ -75.826326030305012, 37.418284763445499 ], [ -75.896762221386396, 37.367530636478499 ], [ -75.931039970003297, 37.142644120890502 ], [ -75.970638200686295, 37.126374544265808 ], [ -76.018126860027607, 37.30891799214141 ], [ -75.934103505483421, 37.4847761287281 ], [ -75.965102576444494, 37.479484915944198 ], [ -75.954360594435499, 37.521964539104601 ], [ -75.930411638809005, 37.557021006042291 ], [ -75.867024734197699, 37.552314401843503 ] ] ] ] } },
{ "type": "Feature", "properties": { "FID": 48, "Program": "WA-FSIS", "State_Code": "WA", "State_Name": "WASHINGTON", "Flowing_St": "F", "FID_1": 966 }, "geometry": { "type": "MultiPolygon", "coordinates": [ [ [ [ -122.402015587526989, 48.225216553128298 ], [ -122.462855132106, 48.228363544915908 ], [ -122.454419051501006, 48.128492195019895 ], [ -122.36133309829799, 48.060097393916394 ], [ -122.514511167400016, 48.133973684040392 ], [ -122.542074076426005, 48.2104604833197 ], [ -122.509130748060997, 48.253792852773103 ], [ -122.40440478982498, 48.24659462968971 ], [ -122.37832000545599, 48.289721078086409 ], [ -122.564366287065994, 48.414246488389594 ], [ -122.667031946848979, 48.412895076412795 ], [ -122.699413823035997, 48.49432822898531 ], [ -122.608178310121005, 48.518824079856103 ], [ -122.523227870488, 48.458403111914492 ], [ -122.473833236927007, 48.462195478425301 ], [ -122.505299787539997, 48.559444766865305 ], [ -122.429545031142013, 48.599397337177898 ], [ -122.487798207249966, 48.63857004948099 ], [ -122.526558300379008, 48.711724709335797 ], [ -122.516853487043008, 48.757921324129498 ], [ -122.69740403352202, 48.803015030923696 ], [ -122.754241975076013, 48.9099886110181 ], [ -122.822421271375006, 48.950725183663607 ], [ -122.743940016577, 48.955808092404801 ], [ -122.765118958410994, 48.99974625829541 ], [ -120.857059471547984, 48.999830647075598 ], [ -118.843602801510016, 48.999898458563209 ], [ -118.200354737664014, 48.999908819371086 ], [ -117.438580430303006, 48.999918506726502 ], [ -117.032049525942995, 48.9999313023242 ], [ -117.029111718867, 48.8380752795563 ], [ -117.038868439850987, 48.046185988970798 ], [ -117.037471854751018, 47.971092407527991 ], [ -117.042391943395984, 47.258501269637804 ], [ -117.041926173278, 46.536601774725803 ], [ -117.038558548086002, 46.427980567157299 ], [ -117.044470528675021, 46.388573959616217 ], [ -117.064184659489001, 46.348697955673799 ], [ -117.027973584121, 46.335426952263703 ], [ -117.001642419741017, 46.302448759780006 ], [ -116.972724835084009, 46.249309367621301 ], [ -116.96749050313602, 46.197553920376095 ], [ -116.92942629366901, 46.165483282859306 ], [ -116.961637682761008, 46.097274199237098 ], [ -116.987211782908005, 46.078508911208601 ], [ -116.957723369541, 46.065687670468904 ], [ -116.919132416600988, 45.995175482861598 ], [ -117.982677427615997, 45.999880532939201 ], [ -117.992527758497999, 46.001638917449696 ], [ -118.982132812225004, 45.999058351029404 ], [ -119.03222167171802, 45.966274579105701 ], [ -119.140250603703009, 45.925708648966094 ], [ -119.178742662732006, 45.922351591798694 ], [ -119.30276350169099, 45.932662719611699 ], [ -119.379441406072004, 45.917610071677402 ], [ -119.438861105539971, 45.914268503917697 ], [ -119.512219976918004, 45.899200573791703 ], [ -119.589294285807995, 45.913314946963787 ], [ -119.622116703545018, 45.8994103283474 ], [ -119.678445670412017, 45.852539017743986 ], [ -119.833555874772998, 45.841609349700107 ], [ -119.869735608696999, 45.831698511699798 ], [ -119.994320179214, 45.811140337670501 ], [ -120.068647889736994, 45.780202447279997 ], [ -120.155907857057002, 45.761261647165902 ], [ -120.207445364707993, 45.71978406954031 ], [ -120.283634860606, 45.716582890727494 ], [ -120.443383754070013, 45.689279727155899 ], [ -120.499156500965, 45.695630695174295 ], [ -120.570082447435013, 45.740917941859799 ], [ -120.62375718253702, 45.743610560417501 ], [ -120.658403361482982, 45.732612511041594 ], [ -120.696993899990986, 45.710509799576606 ], [ -120.861419662135006, 45.665186238259402 ], [ -120.907937254757002, 45.635477087880197 ], [ -120.948572809525018, 45.650315992347799 ], [ -120.968478511678015, 45.64515454868291 ], [ -121.033482582988, 45.652844392100583 ], [ -121.073529902889007, 45.646610760231397 ], [ -121.125204691244974, 45.607059101379903 ], [ -121.174316008513003, 45.600516147591208 ], [ -121.192054644087989, 45.613241913486405 ], [ -121.203308139182994, 45.657286951110301 ], [ -121.214271738872995, 45.665644963028591 ], [ -121.276390895031, 45.678339957324198 ], [ -121.319977725926009, 45.696642842496807 ], [ -121.367814249391984, 45.699686588833693 ], [ -121.422029041605995, 45.690603164951298 ], [ -121.442552144300009, 45.694967085429212 ], [ -121.52905463295501, 45.719567684067592 ], [ -121.706416848022982, 45.688793183617392 ], [ -121.758694117358004, 45.689716072579998 ], [ -121.811041011320995, 45.700683091336302 ], [ -121.888283476122979, 45.676856393242893 ], [ -121.926820708274988, 45.642028382119193 ], [ -121.972659460764007, 45.635776100795802 ], [ -122.000011579152996, 45.617824291598602 ], [ -122.082037525347999, 45.590504032693893 ], [ -122.244922272732012, 45.548112839028796 ], [ -122.303150323880018, 45.543092820391514 ], [ -122.356457509322993, 45.566171260939292 ], [ -122.43715421567002, 45.564778923771392 ], [ -122.565429823996993, 45.594818791138302 ], [ -122.651209180064996, 45.606830438349803 ], [ -122.696323090434987, 45.63104556313079 ], [ -122.760541294467004, 45.649397403120595 ], [ -122.772551024928987, 45.727685532459091 ], [ -122.76428853965902, 45.7605680428819 ], [ -122.788009557513007, 45.800343598791798 ], [ -122.784073642009005, 45.867886430662807 ], [ -122.806222925304994, 45.904072432876198 ], [ -122.807741767937003, 45.943890105470203 ], [ -122.875417736190002, 46.027183333882597 ], [ -122.899757294273002, 46.079329694409502 ], [ -122.974169238163981, 46.110483452232295 ], [ -123.050596203777999, 46.155736249231609 ], [ -123.118554141418002, 46.17931050624081 ], [ -123.176196392487995, 46.18358646345969 ], [ -123.212437047963007, 46.17000603452199 ], [ -123.248799391125985, 46.144020351281306 ], [ -123.304717085724008, 46.144737578207199 ], [ -123.470773017381006, 46.275023804911598 ], [ -123.620076455157999, 46.258665487967299 ], [ -123.725458925985009, 46.28542382845631 ], [ -123.885770929357008, 46.240438392104501 ], [ -123.99332948066602, 46.310274744213302 ], [ -124.079107541632993, 46.267259260069096 ], [ -124.065510639010995, 46.639745326772797 ], [ -124.023042930780008, 46.583541155837104 ], [ -124.013002064640986, 46.383680032010901 ], [ -123.841451330325, 46.404343057415993 ], [ -123.94069346835802, 46.481115193344387 ], [ -123.893566867448001, 46.511079893050102 ], [ -123.957711872372016, 46.617225385574095 ], [ -123.92647035850699, 46.673060659944987 ], [ -123.840966599927995, 46.718288072964995 ], [ -123.895542000060004, 46.744986113552095 ], [ -124.043158387488006, 46.715855510685287 ], [ -124.091049305195995, 46.7290227506044 ], [ -124.102067195518003, 46.789468947113299 ], [ -124.138827031076005, 46.899984939228197 ], [ -124.105760616314015, 46.908148685998597 ], [ -124.104738056380015, 46.874145343378586 ], [ -124.028808616760983, 46.82376726193381 ], [ -124.046929048106009, 46.887253215868498 ], [ -123.812655744180987, 46.963964948286986 ], [ -123.995864770355993, 46.976385691997905 ], [ -124.034394749940972, 47.031033617784992 ], [ -124.112361538822995, 47.042675021526598 ], [ -124.162036380431999, 46.929612653657387 ], [ -124.192733692863996, 47.166982440431894 ], [ -124.231425352857016, 47.2750705326307 ], [ -124.319426946804995, 47.3492382204766 ], [ -124.349080097018017, 47.526910120091799 ], [ -124.373605735211001, 47.6387635370928 ], [ -124.484034955560006, 47.808255060840992 ], [ -124.606685163242986, 47.873735107665794 ], [ -124.732769771525994, 48.149989058243605 ], [ -124.705209608114004, 48.231995888748806 ], [ -124.71717571957501, 48.377557624365295 ], [ -124.563547214349995, 48.357278829520602 ], [ -123.991215772248012, 48.159161636877997 ], [ -123.396857200775003, 48.111030555643701 ], [ -123.123222047998993, 48.14873348373991 ], [ -122.921594561839996, 48.094179064243995 ], [ -122.924844384644999, 48.066796381471796 ], [ -122.841111132723, 48.13313642715508 ], [ -122.768882573680017, 48.143993983976095 ], [ -122.802931452050998, 48.085321505973511 ], [ -122.661560715029012, 47.917157253519491 ], [ -122.653585534962005, 47.864431413007594 ], [ -122.745869976066984, 47.808988087999097 ], [ -122.789801303825001, 47.802548690485295 ], [ -122.809517454997021, 47.857075239407997 ], [ -122.858803869919001, 47.827328375688097 ], [ -122.899363635377995, 47.67251744326289 ], [ -122.982744619832999, 47.605474157744304 ], [ -123.113915348706996, 47.456273758202094 ], [ -123.154060215613001, 47.348547102786391 ], [ -123.010471126013996, 47.353027012508591 ], [ -122.833247642163997, 47.438464461917299 ], [ -123.036205870488004, 47.356051798567194 ], [ -123.112685313594, 47.371569076931195 ], [ -123.026336423915012, 47.515936055986096 ], [ -122.916969652611002, 47.614606743660204 ], [ -122.752942729767, 47.660688871526801 ], [ -122.723062263429, 47.756899488976195 ], [ -122.611161808359995, 47.850008857604898 ], [ -122.613217703469005, 47.936189125134995 ], [ -122.53188826258399, 47.909461038205002 ], [ -122.473587996605005, 47.754980408335399 ], [ -122.621509717040979, 47.696968587247703 ], [ -122.586460347257017, 47.571191332331608 ], [ -122.555262193372997, 47.583505618741405 ], [ -122.542701889579007, 47.522734092864994 ], [ -122.504461235554018, 47.507216607284803 ], [ -122.558446587676968, 47.3983638356599 ], [ -122.544125101955004, 47.373927196806292 ], [ -122.588254062122004, 47.333929712391409 ], [ -122.553156462778006, 47.283332240839606 ], [ -122.580530753296003, 47.251387849766992 ], [ -122.611546297941018, 47.29339854276229 ], [ -122.606914446971004, 47.270571559021995 ], [ -122.699744799043003, 47.292085258558508 ], [ -122.628754097523995, 47.398553593856299 ], [ -122.637436661749987, 47.398580169328596 ], [ -122.741549311962004, 47.341450312012192 ], [ -122.769708278265014, 47.266156352544996 ], [ -122.719801665383002, 47.2231309738292 ], [ -122.761238576837002, 47.162496107008792 ], [ -122.825108450507997, 47.234826305575901 ], [ -122.773334923654019, 47.33736079753119 ], [ -122.802184178782014, 47.360740789392494 ], [ -122.880373310601001, 47.2992330245076 ], [ -123.115436367108018, 47.207980882496706 ], [ -123.081199854505996, 47.090058415059794 ], [ -123.031348153905995, 47.100774080616794 ], [ -122.923149822710997, 47.047963799520609 ], [ -122.790048823524998, 47.125859772280499 ], [ -122.728186719010012, 47.082441149101385 ], [ -122.700078986902, 47.09832576990911 ], [ -122.591806783147007, 47.180060421991101 ], [ -122.530763596888008, 47.287456153202797 ], [ -122.546588125010004, 47.31627588002889 ], [ -122.424093951092985, 47.259472647181298 ], [ -122.392843578736006, 47.277722381409291 ], [ -122.441604493482018, 47.301125011635797 ], [ -122.420837134742001, 47.318844376108103 ], [ -122.32537632895901, 47.344323415843306 ], [ -122.319738650759007, 47.390114871244599 ], [ -122.392633720573002, 47.510242429424096 ], [ -122.382220435194, 47.59540904731459 ], [ -122.414815225981002, 47.664179893940293 ], [ -122.394492294095002, 47.774176084323493 ], [ -122.302922282498017, 47.950214809791611 ], [ -122.230120874388007, 47.969113286005509 ], [ -122.216991969457993, 48.007439572108197 ], [ -122.368333015518004, 48.128141740693003 ], [ -122.402015587526989, 48.225216553128298 ] ] ], [ [ [ -122.967978344627994, 48.443794528206098 ], [ -123.095232843532997, 48.479422808130998 ], [ -123.159719910528992, 48.521842234997486 ], [ -123.169899352474005, 48.562564716944301 ], [ -123.141053827237002, 48.623647118861406 ], [ -123.103721401629997, 48.608377101177602 ], [ -123.012094923631011, 48.557477767487995 ], [ -123.008698754414013, 48.533719347118598 ], [ -122.967980002358004, 48.526933328776899 ], [ -123.022271101921007, 48.513359686168393 ], [ -123.018882910526003, 48.489605151101983 ], [ -122.967978344627994, 48.443794528206098 ] ] ], [ [ [ -122.733187518348004, 48.276647189046301 ], [ -122.665612567973994, 48.396777751859993 ], [ -122.604384078665007, 48.404789298362509 ], [ -122.525750001951991, 48.321043872489902 ], [ -122.528648437957983, 48.283510136386496 ], [ -122.623509767396001, 48.2963505446209 ], [ -122.732034153215011, 48.225414496363001 ], [ -122.610925322919982, 48.206321340568905 ], [ -122.546202754760998, 48.076858176442997 ], [ -122.496212737375018, 48.09407100101771 ], [ -122.379993949382992, 48.032146265419392 ], [ -122.35539992985801, 47.963886051210402 ], [ -122.386960919233999, 47.904549082793984 ], [ -122.442787956762999, 47.918056260819895 ], [ -122.47161654208, 47.98750910762471 ], [ -122.544961270955994, 47.967531035229101 ], [ -122.608628383615994, 48.031430748026708 ], [ -122.695554266686003, 48.181185243574795 ], [ -122.768778240345, 48.218818391629902 ], [ -122.733187518348004, 48.276647189046301 ] ] ] ] } },
{ "type": "Feature", "properties": { "FID": 49, "Program": " ", "State_Code": "WV", "State_Name": "WEST VIRGINIA", "Flowing_St": "N", "FID_1": 967 }, "geometry": { "type": "Polygon", "coordinates": [ [ [ -79.231662904785694, 38.480496183073505 ], [ -79.272358863064298, 38.437306689160792 ], [ -79.31699959533772, 38.412633254042902 ], [ -79.486347570092619, 38.462144912928103 ], [ -79.536513773016196, 38.553805581594084 ], [ -79.642406565435806, 38.592355246714789 ], [ -79.669430038998598, 38.550177019455901 ], [ -79.665614619690203, 38.520777916252698 ], [ -79.692653738072892, 38.500354329117897 ], [ -79.6840923952998, 38.430238131588091 ], [ -79.720035229352206, 38.394685796384998 ], [ -79.732829583795521, 38.351840125881999 ], [ -79.764004477666504, 38.353991288619497 ], [ -79.800328952077408, 38.314326696962091 ], [ -79.802777832629502, 38.29886992571609 ], [ -79.786511157031001, 38.285118439840197 ], [ -79.7936217794838, 38.268665994956294 ], [ -79.831151992912496, 38.250279239043991 ], [ -79.9161615409554, 38.179264863078402 ], [ -79.910339958415904, 38.162606341725599 ], [ -79.935326911580418, 38.121308627725 ], [ -79.92829218204551, 38.103311179168898 ], [ -79.957513701001503, 38.067365392286298 ], [ -79.966493672217197, 38.038621869202196 ], [ -80.000498983390699, 37.989870123771389 ], [ -80.0548072300912, 37.955647960888903 ], [ -80.106490721525716, 37.914658584530883 ], [ -80.118507341924996, 37.891278281845395 ], [ -80.160005382146096, 37.877228301094299 ], [ -80.172220412016401, 37.860184202276002 ], [ -80.171594567415994, 37.842968580283106 ], [ -80.223735695734888, 37.80236452237051 ], [ -80.220546172830893, 37.778858543085292 ], [ -80.254688868317004, 37.757232791411404 ], [ -80.250033135685001, 37.726051991879906 ], [ -80.303109741347996, 37.682671859102093 ], [ -80.295700675824008, 37.671502649179899 ], [ -80.304862686434305, 37.65224636246559 ], [ -80.300932676590705, 37.640546938199797 ], [ -80.254422284730097, 37.640703645419094 ], [ -80.218928021855106, 37.624266793551101 ], [ -80.2463930730501, 37.596896595552401 ], [ -80.316721615337499, 37.566718566812192 ], [ -80.325905798076704, 37.5334014723026 ], [ -80.308303769753707, 37.528370160384704 ], [ -80.280730448116401, 37.536259086725899 ], [ -80.287916082818199, 37.511151171129193 ], [ -80.347510879938909, 37.491177139448595 ], [ -80.352156873411502, 37.476101594128792 ], [ -80.388306146561121, 37.465725400442203 ], [ -80.42537789424081, 37.434906400322198 ], [ -80.474764705390996, 37.422820932354497 ], [ -80.486797229630398, 37.433860424962006 ], [ -80.487881591783818, 37.460597318578593 ], [ -80.508764784356515, 37.475047019298096 ], [ -80.542755383182907, 37.469210154566888 ], [ -80.597490909600594, 37.446054422392301 ], [ -80.705207100600305, 37.388378757716509 ], [ -80.729737090333003, 37.392719469984691 ], [ -80.746324225719405, 37.387737268296199 ], [ -80.747689780198911, 37.379081693975401 ], [ -80.76299497282551, 37.3714139708826 ], [ -80.7700223979909, 37.38619583910279 ], [ -80.799244642203504, 37.391753531865398 ], [ -80.799611362998604, 37.413062398230103 ], [ -80.850525253623303, 37.423460764045601 ], [ -80.877358450949203, 37.388697145342796 ], [ -80.848417813495118, 37.350943397483995 ], [ -80.8554293348203, 37.339411507481692 ], [ -80.934183545101604, 37.301370558028083 ], [ -80.967891915520994, 37.291791473096403 ], [ -80.978535625267199, 37.296475801558195 ], [ -80.985936712969107, 37.306241329227902 ], [ -81.024932359065403, 37.286061221078405 ], [ -81.140737595410499, 37.274925010329298 ], [ -81.222933458855593, 37.240214490766895 ], [ -81.311872809525994, 37.293707031062596 ], [ -81.358794784479997, 37.338952523692299 ], [ -81.390945977278093, 37.311154786956102 ], [ -81.403344186231806, 37.282624748318497 ], [ -81.475360348711902, 37.254422370230294 ], [ -81.495533100687695, 37.252850583869801 ], [ -81.505535890858098, 37.234372083003599 ], [ -81.556654303830499, 37.206352780390709 ], [ -81.665885762983606, 37.204910037892503 ], [ -81.701728356219604, 37.235434842872607 ], [ -81.738456384097702, 37.250491065285701 ], [ -81.751854100188297, 37.272257464926696 ], [ -81.792659157774011, 37.287153457445903 ], [ -81.8153810829223, 37.27953924792569 ], [ -81.8388888753489, 37.285505208323087 ], [ -81.858680815830894, 37.307031237221189 ], [ -81.863815684023606, 37.325456069102493 ], [ -81.897158110708503, 37.3405885988657 ], [ -81.926822657809794, 37.371727540733197 ], [ -81.920733455602601, 37.415516200166103 ], [ -81.988202518521305, 37.466586487185701 ], [ -81.976421865521701, 37.482905743884295 ], [ -81.947993362801398, 37.493026232832193 ], [ -81.935449998929101, 37.506644685934809 ], [ -81.959575243701721, 37.531172603505894 ], [ -81.976574273005696, 37.543253460914102 ], [ -82.026351168572901, 37.530519509980792 ], [ -82.049134170683701, 37.551453833140393 ], [ -82.055665364955317, 37.525342525104008 ], [ -82.084392051726596, 37.548309897791192 ], [ -82.142509190426594, 37.557452481886706 ], [ -82.146522501165506, 37.565920888212986 ], [ -82.1374734233612, 37.569895915766907 ], [ -82.131781506332416, 37.590536976259301 ], [ -82.159310224691794, 37.593569066687401 ], [ -82.185549385097602, 37.640667745219709 ], [ -82.205440582119195, 37.624016528236496 ], [ -82.238371166690598, 37.656775848653609 ], [ -82.295624783857093, 37.669058016559006 ], [ -82.329401224784505, 37.744171490752805 ], [ -82.319497898369804, 37.75842687452031 ], [ -82.339846576863593, 37.784400332007799 ], [ -82.405805759249006, 37.811719710243807 ], [ -82.421508340662101, 37.872356545617791 ], [ -82.437607274780902, 37.894854884532002 ], [ -82.500209451802903, 37.922261915202689 ], [ -82.493396339948703, 37.942513720142792 ], [ -82.480174135943713, 37.9543964271002 ], [ -82.475779651082505, 37.975907070198502 ], [ -82.524678623593402, 38.015662370728982 ], [ -82.593208685043805, 38.1099625588121 ], [ -82.6461279618389, 38.146330704028308 ], [ -82.647158240575294, 38.169435668244198 ], [ -82.613763647222598, 38.178094868847793 ], [ -82.606645409576103, 38.193826253306796 ], [ -82.616228742439105, 38.238811637854596 ], [ -82.589113213098202, 38.245388108856709 ], [ -82.574578968186501, 38.25597369447059 ], [ -82.580049630162904, 38.2925104618351 ], [ -82.572298036330196, 38.307811043902205 ], [ -82.598239168097095, 38.3684639385284 ], [ -82.586604291664401, 38.412519440568296 ], [ -82.575419229706199, 38.403902149432589 ], [ -82.547548190254119, 38.400510953403199 ], [ -82.49498770823611, 38.405832575158193 ], [ -82.414891307097093, 38.430392611233692 ], [ -82.394764142675911, 38.428470318742391 ], [ -82.329179399887593, 38.441952320005207 ], [ -82.314240669035897, 38.46522958445631 ], [ -82.289971357229604, 38.580081367455698 ], [ -82.270897213518097, 38.594890070168404 ], [ -82.213659241171399, 38.584835424154598 ], [ -82.184246876134097, 38.595032272256702 ], [ -82.173657042588914, 38.632190791702392 ], [ -82.1889777246233, 38.677893765804406 ], [ -82.183972832765406, 38.710302994522891 ], [ -82.216750232792293, 38.7789394096663 ], [ -82.197721935655593, 38.804619708094691 ], [ -82.146099676595696, 38.838787735756 ], [ -82.139317077320698, 38.899398410090114 ], [ -82.101206917670495, 38.952093945238907 ], [ -82.085016756638197, 38.9771981309447 ], [ -82.058503552863812, 38.989065607514398 ], [ -82.042885567447215, 39.014139280640983 ], [ -81.999678563769109, 39.015261045310993 ], [ -81.975187323457902, 38.993006548010392 ], [ -81.937733365575298, 38.991175689648692 ], [ -81.927830090964605, 38.9842712472729 ], [ -81.898608468400496, 38.932224764934098 ], [ -81.931850861485302, 38.894742107613503 ], [ -81.915248702927499, 38.884446572816394 ], [ -81.892695451731498, 38.873452978587899 ], [ -81.866800425559703, 38.885709555297808 ], [ -81.84091306638571, 38.9378897956665 ], [ -81.823776859985401, 38.948467766086594 ], [ -81.783225227760596, 38.923562456088199 ], [ -81.762297121085695, 38.930180888362287 ], [ -81.781729852358296, 38.968529035769606 ], [ -81.775679658592793, 39.016829723428991 ], [ -81.813461795065294, 39.044108021061795 ], [ -81.824273090879004, 39.06641598013109 ], [ -81.819565657815616, 39.077016847936591 ], [ -81.786361392504006, 39.0772573222877 ], [ -81.753561613132106, 39.094720826609297 ], [ -81.744703692233301, 39.125874947060403 ], [ -81.758910328399594, 39.175751254579204 ], [ -81.723073848040215, 39.213268154369793 ], [ -81.697903508576104, 39.220020033849501 ], [ -81.689526277359107, 39.260226288543201 ], [ -81.667522252589208, 39.270495299672191 ], [ -81.572685115637398, 39.265917532119595 ], [ -81.557387952636901, 39.332655173805499 ], [ -81.540648513374506, 39.352708931902903 ], [ -81.465008140295595, 39.406858347418392 ], [ -81.44795585643908, 39.411027795532306 ], [ -81.433978297735095, 39.406022955478491 ], [ -81.375916278533111, 39.345690261620092 ], [ -81.338836138599007, 39.353643943010596 ], [ -81.284017052265696, 39.387072053576695 ], [ -81.237621302744316, 39.3884722131546 ], [ -81.224948635989705, 39.408358229772197 ], [ -81.200305247214601, 39.4158962355502 ], [ -81.180567649169902, 39.4378001749159 ], [ -81.117089932077405, 39.46778388670409 ], [ -81.0982449176323, 39.496451154242202 ], [ -81.037383200923202, 39.532664198164298 ], [ -81.032568585302116, 39.544142522789798 ], [ -80.983646404581705, 39.58180525095139 ], [ -80.932610774464393, 39.606940985317202 ], [ -80.912590585384606, 39.607353293667096 ], [ -80.881109892268896, 39.624081180628693 ], [ -80.872746078298206, 39.662411041210106 ], [ -80.863414150438501, 39.680351505322804 ], [ -80.832787446912903, 39.703400210351901 ], [ -80.832298416780603, 39.718834343232601 ], [ -80.856453293463801, 39.736335612698902 ], [ -80.870727741117705, 39.759993844055998 ], [ -80.819103824328707, 39.809001346029497 ], [ -80.825916573554693, 39.839667109800899 ], [ -80.798525343115898, 39.856722709115999 ], [ -80.790849434984906, 39.8723475844699 ], [ -80.812135870200507, 39.904901398262503 ], [ -80.807840020230415, 39.915902866705004 ], [ -80.796021394869896, 39.919839714681792 ], [ -80.768127043600202, 39.913313182773692 ], [ -80.758887171518609, 39.921266812360102 ], [ -80.763060090503103, 39.947015492120599 ], [ -80.73888801487881, 39.983475952134995 ], [ -80.738238858460605, 40.035664066717587 ], [ -80.702065133804609, 40.154089965809696 ], [ -80.700890010974007, 40.168181286184293 ], [ -80.678557444985998, 40.194151480017283 ], [ -80.650113193837697, 40.245679818353608 ], [ -80.6146878303352, 40.27650213393219 ], [ -80.604517091469006, 40.306244853328892 ], [ -80.609247059289601, 40.373275446857896 ], [ -80.629244610004207, 40.3886635777517 ], [ -80.627848283925204, 40.398226862451402 ], [ -80.601830223159794, 40.480539077768995 ], [ -80.625253367785902, 40.504464255341396 ], [ -80.633439856529606, 40.539204044186 ], [ -80.668620445945805, 40.56827890590629 ], [ -80.667727655130193, 40.582137470731801 ], [ -80.6373382141051, 40.613982294440689 ], [ -80.611549697038399, 40.620063104393502 ], [ -80.574415836315396, 40.615974159756888 ], [ -80.521999524939005, 40.637203196096905 ], [ -80.526045213202707, 40.16252112503161 ], [ -80.524269474338993, 39.72120898859631 ], [ -80.429082349296721, 39.719842605252097 ], [ -79.480971087859984, 39.720274081096598 ], [ -79.489864805349995, 39.197395759315398 ], [ -79.461191994779796, 39.213264631695203 ], [ -79.449281831681404, 39.212093497775598 ], [ -79.384847656608898, 39.269300646718797 ], [ -79.346194590625501, 39.292091989280003 ], [ -79.295273240219203, 39.300540969091593 ], [ -79.2798225818498, 39.32524356988371 ], [ -79.2601680256804, 39.348641641354796 ], [ -79.163018356408202, 39.393495858074594 ], [ -79.158127537045203, 39.413960629420799 ], [ -79.13140064160811, 39.417031210250194 ], [ -79.104078465953904, 39.447306837800596 ], [ -79.096715713241295, 39.464628450858093 ], [ -79.10459717980082, 39.4708728579675 ], [ -79.070629737380102, 39.470849856973999 ], [ -79.064411491310693, 39.485825627713893 ], [ -79.048854531052399, 39.4838153201596 ], [ -78.970436580791201, 39.438525276055891 ], [ -78.955390822794101, 39.460458743724089 ], [ -78.870815496209701, 39.525790216563699 ], [ -78.838114610749116, 39.563318202418706 ], [ -78.806550616738008, 39.566823833571299 ], [ -78.822412702788597, 39.585698479926997 ], [ -78.798470792511495, 39.615418094722202 ], [ -78.798150332723495, 39.630832956500207 ], [ -78.772705483654406, 39.644241344222991 ], [ -78.7676164620365, 39.626614035528696 ], [ -78.732383032500195, 39.626965215111994 ], [ -78.730498556957698, 39.621544647641798 ], [ -78.736251188320693, 39.608792306274495 ], [ -78.773743066760204, 39.601616876968407 ], [ -78.76145167773582, 39.581792351745591 ], [ -78.732718619067697, 39.576642771205599 ], [ -78.716315025392902, 39.559572563151498 ], [ -78.666425197019805, 39.53692958735909 ], [ -78.649144198329211, 39.537997890260399 ], [ -78.637081783159005, 39.529949200261491 ], [ -78.604366237155304, 39.535682923150205 ], [ -78.564188733703403, 39.521073458773209 ], [ -78.508782863015298, 39.525159502383595 ], [ -78.481278181730318, 39.519937603404586 ], [ -78.455810953316202, 39.533735246679591 ], [ -78.445869913560799, 39.548318550016688 ], [ -78.420822090649906, 39.549409750303298 ], [ -78.461816232979501, 39.580833977015999 ], [ -78.450631481845406, 39.592705131672602 ], [ -78.403999557708318, 39.587613105420402 ], [ -78.431893805369896, 39.620952372059008 ], [ -78.384636243848604, 39.614494739523295 ], [ -78.37767072451031, 39.631317168856803 ], [ -78.356781004628601, 39.632370241370509 ], [ -78.347923239141906, 39.640590765368103 ], [ -78.273015945024994, 39.618409622587407 ], [ -78.257726708042483, 39.641167655151285 ], [ -78.229230290226496, 39.658566352619495 ], [ -78.227597789531899, 39.673988829591302 ], [ -78.2043044658285, 39.675938371007398 ], [ -78.182972132233914, 39.694641649600705 ], [ -78.094337959159901, 39.675600246041995 ], [ -77.995205127649996, 39.598969276120989 ], [ -77.964236776484299, 39.611325005762396 ], [ -77.944979557297401, 39.586011169108986 ], [ -77.935457871241297, 39.591939105341503 ], [ -77.947543235600804, 39.615013764194401 ], [ -77.938609059155993, 39.6182181030536 ], [ -77.903253423890604, 39.596123887450993 ], [ -77.890740935225793, 39.6007014477875 ], [ -77.888436898768006, 39.616570320167298 ], [ -77.855522839685094, 39.6021664142188 ], [ -77.842407559217605, 39.605374534772807 ], [ -77.839866778299495, 39.5727404247191 ], [ -77.852959109577498, 39.565454445592891 ], [ -77.885171172122, 39.564451104957101 ], [ -77.889916732958412, 39.55809210731249 ], [ -77.86956095731118, 39.545912096972799 ], [ -77.864632113783301, 39.514651260200509 ], [ -77.843849213831007, 39.531931585438599 ], [ -77.835464263812099, 39.525610767371099 ], [ -77.828925765170894, 39.5292537828362 ], [ -77.825263478603105, 39.512038368059507 ], [ -77.847877495937396, 39.502005842370501 ], [ -77.825187119448913, 39.49390742049389 ], [ -77.7715512373763, 39.49811520359691 ], [ -77.799498325158197, 39.480827107752908 ], [ -77.785108924340705, 39.459102721187797 ], [ -77.804190476030001, 39.463138566684009 ], [ -77.795797962621407, 39.450916439660297 ], [ -77.804694011293194, 39.440017957648202 ], [ -77.802275436104097, 39.43231619930139 ], [ -77.756986324473218, 39.425163822793003 ], [ -77.740834498430203, 39.403439384423898 ], [ -77.737233340628805, 39.396195418373601 ], [ -77.756223354580399, 39.378476209313405 ], [ -77.745450393755803, 39.360371889024009 ], [ -77.754300699460899, 39.338593988886203 ], [ -77.750089186466994, 39.326818153662209 ], [ -77.727467502134886, 39.31779658380291 ], [ -77.759458257822899, 39.284643293665994 ], [ -77.76823225617791, 39.246550229348799 ], [ -77.805449262384201, 39.196605954930199 ], [ -77.820044687866513, 39.141725429006101 ], [ -77.830680212574407, 39.132181363605 ], [ -78.033328341918093, 39.26563929262371 ], [ -78.229508633330411, 39.391113286693006 ], [ -78.276881096211298, 39.423464650299501 ], [ -78.347546468363106, 39.45699818208589 ], [ -78.350231109098715, 39.380828475332002 ], [ -78.365474758526503, 39.36168677915289 ], [ -78.343928733269195, 39.350956453052795 ], [ -78.340846237510803, 39.341458130618499 ], [ -78.413547404804305, 39.257540818942992 ], [ -78.399127387799496, 39.244952696380707 ], [ -78.423068987252293, 39.212143229653499 ], [ -78.424068494389203, 39.197628670276693 ], [ -78.40236229104201, 39.170594576885897 ], [ -78.430568917061407, 39.148626193295101 ], [ -78.447979684870816, 39.119036244010701 ], [ -78.485250360061997, 39.111944840856509 ], [ -78.536651415873393, 39.057132851676599 ], [ -78.564179305368199, 39.035145559611408 ], [ -78.549202343135505, 39.023488044813497 ], [ -78.553207935072606, 39.013936260610492 ], [ -78.598696129627101, 38.967306719459209 ], [ -78.630847529641414, 38.979711870154205 ], [ -78.646969153929504, 38.950553085889901 ], [ -78.680227036421996, 38.921684145226308 ], [ -78.718985938058097, 38.904991381403505 ], [ -78.724143444616004, 38.930324230139398 ], [ -78.7377319549839, 38.929282865338699 ], [ -78.749252862529801, 38.911491493251503 ], [ -78.793055353641194, 38.880219259590497 ], [ -78.815860838705106, 38.8337457522059 ], [ -78.866560623234804, 38.763404155300599 ], [ -78.987453068056496, 38.846761361701695 ], [ -79.0337425156889, 38.799959675727393 ], [ -79.054800443286595, 38.790632876467598 ], [ -79.056555253318407, 38.762053675796587 ], [ -79.087234227119794, 38.707268676521203 ], [ -79.088546578850796, 38.659205251362394 ], [ -79.121064129815807, 38.663767374095102 ], [ -79.127427271783503, 38.658243871998494 ], [ -79.231662904785694, 38.480496183073505 ] ] ] } },
{ "type": "Feature", "properties": { "FID": 50, "Program": "WI-ESR", "State_Code": "WI", "State_Name": "WISCONSIN", "Flowing_St": "F", "FID_1": 968 }, "geometry": { "type": "MultiPolygon", "coordinates": [ [ [ [ -87.748554859181596, 44.961616773836596 ], [ -87.839992666869904, 44.927323173183709 ], [ -87.831019948219605, 44.87334642053149 ], [ -87.985791613182798, 44.720474461498405 ], [ -87.983182036500395, 44.677265437462886 ], [ -88.013287850409498, 44.639118341532594 ], [ -87.975757947804993, 44.595814101672495 ], [ -88.013020800586204, 44.622234472608199 ], [ -88.040417625861195, 44.571449159609493 ], [ -87.966228076710706, 44.5354962237694 ], [ -87.926408642779407, 44.5391396018628 ], [ -87.868782761785397, 44.616906271740284 ], [ -87.764226772603394, 44.644048428357394 ], [ -87.723821694006205, 44.689287290070091 ], [ -87.614463832996918, 44.833047436607202 ], [ -87.552787549571818, 44.851335557628403 ], [ -87.551672674839097, 44.823023665800797 ], [ -87.433746891943599, 44.891096608407295 ], [ -87.367459634576505, 44.811567150675899 ], [ -87.314465138316095, 44.794718767518603 ], [ -87.373069804831104, 44.676917935966301 ], [ -87.473528405318106, 44.533946454125605 ], [ -87.537488832450009, 44.32785102497779 ], [ -87.517321882526502, 44.175754468807 ], [ -87.644370771198609, 44.09783047006168 ], [ -87.726121845161103, 43.893903920632802 ], [ -87.7027298865668, 43.673176181526607 ], [ -87.7860451316959, 43.54629736551589 ], [ -87.802959409591395, 43.458714037381803 ], [ -87.875332242883005, 43.3585925257794 ], [ -87.889834110270201, 43.197216830064995 ], [ -87.860069374156694, 43.075875451437589 ], [ -87.891983252650107, 43.025774780623991 ], [ -87.836438598940404, 42.964592500518897 ], [ -87.819849080568105, 42.841563035462492 ], [ -87.756803616380694, 42.777546193731602 ], [ -87.7915093181673, 42.666642189361298 ], [ -87.7973819794897, 42.489152847180996 ], [ -88.194790244308606, 42.489631568309399 ], [ -88.297989278481793, 42.491988652103593 ], [ -88.706623116017795, 42.489671457419803 ], [ -88.765057865283495, 42.490922369559897 ], [ -88.939187042054002, 42.490879786639496 ], [ -89.359558897865298, 42.497917831632996 ], [ -89.400613184684502, 42.497501948804505 ], [ -90.638456098226897, 42.509363675125797 ], [ -90.625707434946193, 42.528562303944192 ], [ -90.639219016315096, 42.555714096112702 ], [ -90.664380652700999, 42.571391811586906 ], [ -90.694791126165995, 42.637928764424103 ], [ -90.745610059986006, 42.657001405818498 ], [ -90.892545690532202, 42.678240077709802 ], [ -90.9194089342013, 42.680677405961191 ], [ -90.999182129938404, 42.707058768455191 ], [ -91.066168690033706, 42.744913845015198 ], [ -91.082030309848093, 42.783364875244892 ], [ -91.093428700841102, 42.871440289949589 ], [ -91.139121728567403, 42.925893691568596 ], [ -91.152213800824597, 43.001316435877797 ], [ -91.159751806603495, 43.081182775277703 ], [ -91.168571547924699, 43.082887905235694 ], [ -91.161354053738506, 43.147575920101396 ], [ -91.069052310084501, 43.257898216912899 ], [ -91.066427917447399, 43.280682876752991 ], [ -91.078498051418805, 43.313297819312091 ], [ -91.177048709133999, 43.353946169678501 ], [ -91.198243606611413, 43.370512997881491 ], [ -91.210916584191096, 43.424051073927693 ], [ -91.235903485551106, 43.464684245710487 ], [ -91.223566767992395, 43.500808652921101 ], [ -91.240558026690394, 43.548712573442501 ], [ -91.232989922765398, 43.598890069646494 ], [ -91.258389184279693, 43.677322317822707 ], [ -91.258915927752795, 43.722395769237494 ], [ -91.251104914686707, 43.788075779654399 ], [ -91.291947996437202, 43.847190767761802 ], [ -91.373357319151694, 43.947191109716101 ], [ -91.425901793721394, 43.985619864208793 ], [ -91.528420174621004, 44.034215265048587 ], [ -91.569162083081807, 44.034955285751899 ], [ -91.6017862467599, 44.040822248629894 ], [ -91.652233590205995, 44.066895739717602 ], [ -91.753219348598293, 44.137227701071588 ], [ -91.848743925152903, 44.191187254782697 ], [ -91.888694319696597, 44.257494974745399 ], [ -91.922349383759595, 44.288341016573995 ], [ -91.922754128719106, 44.3175199008056 ], [ -91.938868345029505, 44.339111410009394 ], [ -91.972385972975999, 44.364487204293994 ], [ -92.091333383332795, 44.415589817034302 ], [ -92.206137454812307, 44.438394421429606 ], [ -92.249100357856705, 44.45621677233229 ], [ -92.296687496676199, 44.492181882121592 ], [ -92.320477983746599, 44.540491065643593 ], [ -92.340872508815195, 44.552835398396297 ], [ -92.509214863557006, 44.575159157697499 ], [ -92.608973643275306, 44.610292294613608 ], [ -92.630367571872398, 44.642652413102795 ], [ -92.737145695325907, 44.713594470629197 ], [ -92.805584685275505, 44.746160561979096 ], [ -92.761028082761896, 44.835371054991903 ], [ -92.764263452240598, 44.862234091444591 ], [ -92.771870823627793, 44.899495959949093 ], [ -92.753925800759305, 44.915002773897093 ], [ -92.749767853142004, 44.935655542102495 ], [ -92.767126454283897, 45.00100488733559 ], [ -92.762991559464297, 45.022119229532301 ], [ -92.796761835710697, 45.065610274758498 ], [ -92.745422219490095, 45.113004029099606 ], [ -92.744934847087407, 45.156422704082701 ], [ -92.762583032809403, 45.186612129711492 ], [ -92.7554193112165, 45.212376506095801 ], [ -92.746593353409907, 45.297603113064 ], [ -92.707384378279002, 45.318201642439995 ], [ -92.684869772896405, 45.363076477167496 ], [ -92.648751012325803, 45.395465916742992 ], [ -92.644975067695597, 45.439452104978194 ], [ -92.654817731580394, 45.455221772622309 ], [ -92.685421019680405, 45.470053320916406 ], [ -92.728154689850001, 45.547242323950201 ], [ -92.762174920586901, 45.564263473578997 ], [ -92.8350369912269, 45.563402179619395 ], [ -92.876831195141705, 45.578836571520398 ], [ -92.885397355690117, 45.6449553621513 ], [ -92.860019748264207, 45.710562536088702 ], [ -92.833636261804912, 45.730890233946596 ], [ -92.779107019071702, 45.76334043966029 ], [ -92.748761922304496, 45.837302051037298 ], [ -92.734097649253414, 45.844980704782401 ], [ -92.706240752304794, 45.890958136685391 ], [ -92.666207885730898, 45.915703113181685 ], [ -92.552672080745396, 45.951269176455298 ], [ -92.5239768908299, 45.982583215976206 ], [ -92.462345780526519, 45.981197561529392 ], [ -92.424999264222194, 46.0255041059444 ], [ -92.364962785860897, 46.016248796258992 ], [ -92.346224850365203, 46.022596137994803 ], [ -92.327372686962903, 46.0568781863469 ], [ -92.289370383322606, 46.073231115671099 ], [ -92.287271542664698, 46.658786005074894 ], [ -92.2091541594407, 46.6468720084777 ], [ -92.095969844862793, 46.742627475636588 ], [ -92.004157183145011, 46.683800414380293 ], [ -91.921460944482703, 46.680134242509602 ], [ -91.555772811049707, 46.756860013822703 ], [ -90.861730420303701, 46.9524795265081 ], [ -90.774486201411818, 46.920235034634899 ], [ -90.777445610771821, 46.883122568980205 ], [ -90.926243803751802, 46.585502923006409 ], [ -90.730713912055506, 46.6456962121947 ], [ -90.540877180683395, 46.587526699610898 ], [ -90.408199834931594, 46.568610661827591 ], [ -90.385525051458217, 46.539657746816097 ], [ -90.313708179117796, 46.551563247550796 ], [ -90.302393555256998, 46.5442963841151 ], [ -90.3001810565369, 46.525051597897615 ], [ -90.269784984594907, 46.522480511616507 ], [ -90.258401720381499, 46.508789791878797 ], [ -90.211525799218805, 46.506295012947803 ], [ -90.161391093151394, 46.4423800697625 ], [ -90.141797458532196, 46.393899311261997 ], [ -90.115177124004205, 46.365155736373794 ], [ -90.111659370706803, 46.340428994899291 ], [ -89.925136077501506, 46.304025674740409 ], [ -89.099806139772397, 46.145642801992302 ], [ -88.985301081208902, 46.100391248289903 ], [ -88.925195444455298, 46.07360151455299 ], [ -88.804397179377304, 46.0268046463544 ], [ -88.793815375458294, 46.036360212252191 ], [ -88.777480629351899, 46.032614365768787 ], [ -88.773017141510195, 46.021147748856201 ], [ -88.726409617075703, 46.029581757300392 ], [ -88.703605582524801, 46.01892364603119 ], [ -88.677383880080299, 46.020144149200199 ], [ -88.643669500392221, 45.993388295305103 ], [ -88.6155023490509, 45.994120493598601 ], [ -88.597536034722594, 46.015516494357598 ], [ -88.575357689360004, 46.008959087241998 ], [ -88.548357942047218, 46.019300209593794 ], [ -88.515613178565303, 46.018609558140092 ], [ -88.494083264364306, 46.012959965011504 ], [ -88.483813942411203, 45.999150976651798 ], [ -88.454318949930894, 46.000760320940884 ], [ -88.403522136435399, 45.983422078786695 ], [ -88.36993819931871, 45.99458709258171 ], [ -88.321323061139907, 45.966712789475295 ], [ -88.2991520719509, 45.961944124037309 ], [ -88.257168058035802, 45.967055214175907 ], [ -88.214991799330519, 45.947901654871806 ], [ -88.1801939381577, 45.953516642902102 ], [ -88.150438423163195, 45.936293509323491 ], [ -88.093850073471003, 45.920615327613 ], [ -88.095764129119999, 45.891803526804892 ], [ -88.065421052710306, 45.873642118464105 ], [ -88.121786437816695, 45.834877881011998 ], [ -88.129949511134697, 45.819401942271398 ], [ -88.088734113752693, 45.791532508744702 ], [ -88.051639365079396, 45.786112148490595 ], [ -87.990069797975494, 45.795046324935392 ], [ -87.969179611857498, 45.766448578418185 ], [ -87.873628822458301, 45.750699373369599 ], [ -87.842362753478, 45.722418460357709 ], [ -87.801552878116794, 45.711391038091399 ], [ -87.801155851958498, 45.701324373540395 ], [ -87.777473738939193, 45.684101809806307 ], [ -87.780944816797401, 45.675915683690796 ], [ -87.817054252640702, 45.665390760607096 ], [ -87.819937820887702, 45.654450524539108 ], [ -87.776044776315501, 45.613200159430605 ], [ -87.775075470933601, 45.60038694831691 ], [ -87.786312492343399, 45.56851979706699 ], [ -87.828601994679005, 45.568591752877808 ], [ -87.805140929496005, 45.544525823730297 ], [ -87.789384886314295, 45.499067623714701 ], [ -87.813614671638405, 45.466460451761499 ], [ -87.860267420999307, 45.44509838264819 ], [ -87.849531707279198, 45.406117552507297 ], [ -87.883610631992696, 45.365854468782189 ], [ -87.873974666225607, 45.3620857767174 ], [ -87.868535293889096, 45.372072352223398 ], [ -87.862096051787304, 45.370165186511699 ], [ -87.841282535647693, 45.346148937438002 ], [ -87.828007854150798, 45.358321332583898 ], [ -87.760038053386893, 45.352897708675307 ], [ -87.6895980288065, 45.3912693751166 ], [ -87.643684056851896, 45.361855870390393 ], [ -87.6453620414932, 45.348169191367909 ], [ -87.704471434764514, 45.272205198454508 ], [ -87.705142038055001, 45.247086300401605 ], [ -87.719668046124397, 45.23677159810979 ], [ -87.721628207368596, 45.21167191935541 ], [ -87.736199958404796, 45.199072348100401 ], [ -87.729668815937202, 45.176604832589703 ], [ -87.672814141678302, 45.1406726183654 ], [ -87.6648864659156, 45.109054074700801 ], [ -87.581275885957609, 45.094639911552399 ], [ -87.61852143618961, 45.056806903513184 ], [ -87.620335510042494, 44.991997770803202 ], [ -87.748554859181596, 44.961616773836596 ] ] ], [ [ [ -87.034524397859698, 45.2904057188452 ], [ -86.986253652935105, 45.298657014442185 ], [ -86.967712261965005, 45.240277488282601 ], [ -86.995734258387898, 45.218411728493898 ], [ -87.045112573675695, 45.2490190573088 ], [ -87.025448071130697, 45.149974085449891 ], [ -87.0798757779461, 45.147307006283597 ], [ -87.044900954174494, 45.095513275853307 ], [ -87.087678605973693, 45.092178805246988 ], [ -87.083900640985902, 45.053285523932693 ], [ -87.112556926067597, 45.064763226909697 ], [ -87.178692760227506, 44.982806439106589 ], [ -87.1687879314958, 44.933323479659208 ], [ -87.205650546268203, 44.873239445190102 ], [ -87.311123622360398, 44.798773728705399 ], [ -87.3787369077249, 44.837742695721296 ], [ -87.405419769728496, 44.911199891166291 ], [ -87.342160872898503, 45.0152129740151 ], [ -87.283484613200997, 45.05261932398551 ], [ -87.230915013672103, 45.175063455200394 ], [ -87.177913213042103, 45.154972916235103 ], [ -87.066064354796595, 45.296462750743899 ], [ -87.034524397859698, 45.2904057188452 ] ] ] ] } },
{ "type": "Feature", "properties": { "FID": 51, "Program": " ", "State_Code": "WY", "State_Name": "WYOMING", "Flowing_St": "N", "FID_1": 969 }, "geometry": { "type": "Polygon", "coordinates": [ [ [ -104.053615178751002, 41.698218253238188 ], [ -104.055500534961993, 41.564222391073905 ], [ -104.051705526445005, 41.003211323081295 ], [ -104.934492930236004, 40.99428916517369 ], [ -105.278797599488001, 40.996349152801692 ], [ -106.203471470186997, 41.000085001105617 ], [ -106.329125690509997, 41.001288978786 ], [ -106.865438768269016, 40.998457369990604 ], [ -107.304051033582013, 41.000133334274395 ], [ -109.048314695420999, 40.998433384720315 ], [ -110.002165481798997, 40.99759949509761 ], [ -111.051022493513997, 40.996583617884291 ], [ -111.051068754520003, 41.578592417180694 ], [ -111.046780312528995, 42.503251886357397 ], [ -111.049215672225998, 43.019883107219201 ], [ -111.046771195017001, 43.51552825268589 ], [ -111.050405196579007, 43.982553375898497 ], [ -111.053428635732985, 44.99569549133399 ], [ -110.429649514185002, 44.992285127809907 ], [ -110.392759909507006, 44.998625268784295 ], [ -109.995529228934998, 45.002792903756699 ], [ -109.799385355761999, 44.999522773767396 ], [ -108.625256230321, 44.997593176906584 ], [ -107.894374381207015, 44.999773712534399 ], [ -106.259231732309004, 44.996162504749499 ], [ -105.085003091307016, 44.999817072515391 ], [ -105.041795984020993, 45.001075858869683 ], [ -104.059842386919001, 44.997336280675007 ], [ -104.061036159203994, 44.181825280580206 ], [ -104.057913929747002, 43.503712269331409 ], [ -104.059157485713996, 43.479133946429897 ], [ -104.053615178751002, 41.698218253238188 ] ] ] } }
]
}
